ano;provincia;impuesto;regimen;monto
2003;buenos aires;coparticipacion federal de impuestos ley 23548;coparticipacion federal de impuestos ley 23548;2787,1198
2003;buenos aires;transferencia de servicios ley 24049;transferencia de servicios ley 24049;443,76
2003;buenos aires;impuesto a las ganancias;obras de infraestructura basica social;650
2003;buenos aires;impuesto a las ganancias;ley 24699;97,0981
2003;buenos aires;impuesto sobre los bienes personales;ley 24699;186,029
2003;buenos aires;impuesto sobre los bienes personales;ley 23966 art 30;44,2881
2003;buenos aires;impuesto sobre los activos fondo educacion ley 23906;impuesto sobre los activos fondo educacion ley 23906;0,5012
2003;buenos aires;i.v.a.ley 23966 art 5 punto 2;i.v.a.ley 23966 art 5 punto 2;58,6912
2003;buenos aires;impuesto a los combustibles liquidos ley 23966 y 24699;vialidad provincial;55,7403
2003;buenos aires;impuesto a los combustibles liquidos ley 23966 y 24699;f.e.d.e.i.;0,759
2003;buenos aires;impuesto a los combustibles liquidos ley 23966 y 24699;ley 24464 fo.na.vi;79,4812
2003;buenos aires;regimen de energia electrica ley 24065;fondo para compensaciones de tarifa electrica;4,2717
2003;buenos aires;regimen de energia electrica ley 24065;f.e.d.e.i.;1,114
2003;buenos aires;regimen simplificado para pequeños contribuyentes ley 24977 art 59 inciso a;regimen simplificado para pequeños contribuyentes ley 24977 art 59 inciso a;18,6763
2003;catamarca;coparticipacion federal de impuestos ley 23548;coparticipacion federal de impuestos ley 23548;349,5743
2003;catamarca;transferencia de servicios ley 24049;transferencia de servicios ley 24049;21,4
2003;catamarca;impuesto a las ganancias;obras de infraestructura basica social;10,2384
2003;catamarca;impuesto a las ganancias;excedente obras de caracter social a buenos aires;26,2658
2003;catamarca;impuesto a las ganancias;ley 24699;12,1784
2003;catamarca;impuesto sobre los bienes personales;ley 24699;23,3327
2003;catamarca;impuesto sobre los activos fondo educacion ley 23906;impuesto sobre los activos fondo educacion ley 23906;0,0375
2003;catamarca;impuesto a los combustibles liquidos ley 23966 y 24699;obras de infraestructura;3,0262
2003;catamarca;impuesto a los combustibles liquidos ley 23966 y 24699;vialidad provincial;5,1926
2003;catamarca;impuesto a los combustibles liquidos ley 23966 y 24699;f.e.d.e.i.;2,9221
2003;catamarca;impuesto a los combustibles liquidos ley 23966 y 24699;ley 24464 fo.na.vi;11,5111
2003;catamarca;regimen de energia electrica ley 24065;fondo para compensaciones de tarifa electrica;6,0562
2003;catamarca;regimen de energia electrica ley 24065;f.e.d.e.i.;4,018
2003;catamarca;fondo compensador de desequilibrios;fondo compensador de desequilibrios;26,4759
2003;catamarca;regimen simplificado para pequeños contribuyentes ley 24977 art 59 inciso a;regimen simplificado para pequeños contribuyentes ley 24977 art 59 inciso a;2,3425
2003;cordoba;coparticipacion federal de impuestos ley 23548;coparticipacion federal de impuestos ley 23548;1126,9493
2003;cordoba;transferencia de servicios ley 24049;transferencia de servicios ley 24049;125,3
2003;cordoba;impuesto a las ganancias;obras de infraestructura basica social;57,2637
2003;cordoba;impuesto a las ganancias;excedente obras de caracter social a buenos aires;84,6737
2003;cordoba;impuesto a las ganancias;ley 24699;39,2602
2003;cordoba;impuesto sobre los bienes personales;ley 24699;75,2193
2003;cordoba;impuesto sobre los bienes personales;ley 23966 art 30;15,1246
2003;cordoba;impuesto sobre los activos fondo educacion ley 23906;impuesto sobre los activos fondo educacion ley 23906;0,1387
2003;cordoba;i.v.a.ley 23966 art 5 punto 2;i.v.a.ley 23966 art 5 punto 2;20,0433
2003;cordoba;impuesto a los combustibles liquidos ley 23966 y 24699;obras de infraestructura;9,7556
2003;cordoba;impuesto a los combustibles liquidos ley 23966 y 24699;vialidad provincial;15,7707
2003;cordoba;impuesto a los combustibles liquidos ley 23966 y 24699;f.e.d.e.i.;1,9548
2003;cordoba;impuesto a los combustibles liquidos ley 23966 y 24699;ley 24464 fo.na.vi;30,9703
2003;cordoba;regimen de energia electrica ley 24065;fondo para compensaciones de tarifa electrica;4,2577
2003;cordoba;regimen de energia electrica ley 24065;f.e.d.e.i.;2,7565
2003;cordoba;fondo compensador de desequilibrios;fondo compensador de desequilibrios;6,0173
2003;cordoba;regimen simplificado para pequeños contribuyentes ley 24977 art 59 inciso a;regimen simplificado para pequeños contribuyentes ley 24977 art 59 inciso a;7,5517
2003;corrientes;coparticipacion federal de impuestos ley 23548;coparticipacion federal de impuestos ley 23548;471,8031
2003;corrientes;transferencia de servicios ley 24049;transferencia de servicios ley 24049;38,6
2003;corrientes;impuesto a las ganancias;obras de infraestructura basica social;34,3582
2003;corrientes;impuesto a las ganancias;excedente obras de caracter social a buenos aires;35,4498
2003;corrientes;impuesto a las ganancias;ley 24699;16,4365
2003;corrientes;impuesto sobre los bienes personales;ley 24699;31,491
2003;corrientes;impuesto sobre los bienes personales;ley 23966 art 30;4,8361
2003;corrientes;impuesto sobre los activos fondo educacion ley 23906;impuesto sobre los activos fondo educacion ley 23906;0,0622
2003;corrientes;i.v.a.ley 23966 art 5 punto 2;i.v.a.ley 23966 art 5 punto 2;6,4089
2003;corrientes;impuesto a los combustibles liquidos ley 23966 y 24699;obras de infraestructura;4,0842
2003;corrientes;impuesto a los combustibles liquidos ley 23966 y 24699;vialidad provincial;5,9421
2003;corrientes;impuesto a los combustibles liquidos ley 23966 y 24699;f.e.d.e.i.;2,4707
2003;corrientes;impuesto a los combustibles liquidos ley 23966 y 24699;ley 24464 fo.na.vi;27,1332
2003;corrientes;regimen de energia electrica ley 24065;fondo para compensaciones de tarifa electrica;5,0851
2003;corrientes;regimen de energia electrica ley 24065;f.e.d.e.i.;3,1043
2003;corrientes;fondo compensador de desequilibrios;fondo compensador de desequilibrios;18,0518
2003;corrientes;regimen simplificado para pequeños contribuyentes ley 24977 art 59 inciso a;regimen simplificado para pequeños contribuyentes ley 24977 art 59 inciso a;3,1615
2003;chaco;coparticipacion federal de impuestos ley 23548;coparticipacion federal de impuestos ley 23548;633,1451
2003;chaco;transferencia de servicios ley 24049;transferencia de servicios ley 24049;33,6
2003;chaco;impuesto a las ganancias;obras de infraestructura basica social;45,5729
2003;chaco;impuesto a las ganancias;excedente obras de caracter social a buenos aires;47,5719
2003;chaco;impuesto a las ganancias;ley 24699;22,0571
2003;chaco;impuesto sobre los bienes personales;ley 24699;42,2599
2003;chaco;impuesto sobre los bienes personales;ley 23966 art 30;3,802
2003;chaco;impuesto sobre los activos fondo educacion ley 23906;impuesto sobre los activos fondo educacion ley 23906;0,0813
2003;chaco;i.v.a.ley 23966 art 5 punto 2;i.v.a.ley 23966 art 5 punto 2;5,0385
2003;chaco;impuesto a los combustibles liquidos ley 23966 y 24699;obras de infraestructura;5,481
2003;chaco;impuesto a los combustibles liquidos ley 23966 y 24699;vialidad provincial;7,5125
2003;chaco;impuesto a los combustibles liquidos ley 23966 y 24699;f.e.d.e.i.;2,6302
2003;chaco;impuesto a los combustibles liquidos ley 23966 y 24699;ley 24464 fo.na.vi;25,2147
2003;chaco;regimen de energia electrica ley 24065;fondo para compensaciones de tarifa electrica;6,0884
2003;chaco;regimen de energia electrica ley 24065;f.e.d.e.i.;3,7064
2003;chaco;fondo compensador de desequilibrios;fondo compensador de desequilibrios;6,0173
2003;chaco;regimen simplificado para pequeños contribuyentes ley 24977 art 59 inciso a;regimen simplificado para pequeños contribuyentes ley 24977 art 59 inciso a;4,2427
2003;chubut;coparticipacion federal de impuestos ley 23548;coparticipacion federal de impuestos ley 23548;200,72
2003;chubut;transferencia de servicios ley 24049;transferencia de servicios ley 24049;24,2
2003;chubut;impuesto a las ganancias;obras de infraestructura basica social;10,6072
2003;chubut;impuesto a las ganancias;excedente obras de caracter social a buenos aires;15,0814
2003;chubut;impuesto a las ganancias;ley 24699;6,9929
2003;chubut;impuesto sobre los bienes personales;ley 24699;13,3972
2003;chubut;impuesto sobre los bienes personales;ley 23966 art 30;1,4873
2003;chubut;impuesto sobre los activos fondo educacion ley 23906;impuesto sobre los activos fondo educacion ley 23906;0,0375
2003;chubut;i.v.a.ley 23966 art 5 punto 2;i.v.a.ley 23966 art 5 punto 2;1,971
2003;chubut;impuesto a los combustibles liquidos ley 23966 y 24699;obras de infraestructura;1,7376
2003;chubut;impuesto a los combustibles liquidos ley 23966 y 24699;vialidad provincial;6,242
2003;chubut;impuesto a los combustibles liquidos ley 23966 y 24699;f.e.d.e.i.;2,7582
2003;chubut;impuesto a los combustibles liquidos ley 23966 y 24699;ley 24464 fo.na.vi;17,5407
2003;chubut;regimen de energia electrica ley 24065;fondo para compensaciones de tarifa electrica;15,3685
2003;chubut;regimen de energia electrica ley 24065;f.e.d.e.i.;3,8861
2003;chubut;fondo compensador de desequilibrios;fondo compensador de desequilibrios;36,1035
2003;chubut;regimen simplificado para pequeños contribuyentes ley 24977 art 59 inciso a;regimen simplificado para pequeños contribuyentes ley 24977 art 59 inciso a;1,345
2003;entre rios;coparticipacion federal de impuestos ley 23548;coparticipacion federal de impuestos ley 23548;619,6999
2003;entre rios;transferencia de servicios ley 24049;transferencia de servicios ley 24049;67,5
2003;entre rios;impuesto a las ganancias;obras de infraestructura basica social;28,7714
2003;entre rios;impuesto a las ganancias;excedente obras de caracter social a buenos aires;46,5619
2003;entre rios;impuesto a las ganancias;ley 24699;21,5892
2003;entre rios;impuesto sobre los bienes personales;ley 24699;41,3625
2003;entre rios;impuesto sobre los bienes personales;ley 23966 art 30;6,5637
2003;entre rios;impuesto sobre los activos fondo educacion ley 23906;impuesto sobre los activos fondo educacion ley 23906;0,0644
2003;entre rios;i.v.a.ley 23966 art 5 punto 2;i.v.a.ley 23966 art 5 punto 2;8,6984
2003;entre rios;impuesto a los combustibles liquidos ley 23966 y 24699;obras de infraestructura;5,3645
2003;entre rios;impuesto a los combustibles liquidos ley 23966 y 24699;vialidad provincial;10,9745
2003;entre rios;impuesto a los combustibles liquidos ley 23966 y 24699;f.e.d.e.i.;2,2635
2003;entre rios;impuesto a los combustibles liquidos ley 23966 y 24699;ley 24464 fo.na.vi;21,3777
2003;entre rios;regimen de energia electrica ley 24065;fondo para compensaciones de tarifa electrica;6,0291
2003;entre rios;regimen de energia electrica ley 24065;f.e.d.e.i.;3,1897
2003;entre rios;fondo compensador de desequilibrios;fondo compensador de desequilibrios;21,6621
2003;entre rios;regimen simplificado para pequeños contribuyentes ley 24977 art 59 inciso a;regimen simplificado para pequeños contribuyentes ley 24977 art 59 inciso a;4,1526
2003;formosa;coparticipacion federal de impuestos ley 23548;coparticipacion federal de impuestos ley 23548;462,0248
2003;formosa;transferencia de servicios ley 24049;transferencia de servicios ley 24049;20,7
2003;formosa;impuesto a las ganancias;obras de infraestructura basica social;21,4714
2003;formosa;impuesto a las ganancias;excedente obras de caracter social a buenos aires;34,7151
2003;formosa;impuesto a las ganancias;ley 24699;16,0964
2003;formosa;impuesto sobre los bienes personales;ley 24699;30,8383
2003;formosa;impuesto sobre los bienes personales;ley 23966 art 30;1,7711
2003;formosa;impuesto sobre los activos fondo educacion ley 23906;impuesto sobre los activos fondo educacion ley 23906;0,0438
2003;formosa;i.v.a.ley 23966 art 5 punto 2;i.v.a.ley 23966 art 5 punto 2;2,347
2003;formosa;impuesto a los combustibles liquidos ley 23966 y 24699;obras de infraestructura;3,9996
2003;formosa;impuesto a los combustibles liquidos ley 23966 y 24699;vialidad provincial;4,2528
2003;formosa;impuesto a los combustibles liquidos ley 23966 y 24699;f.e.d.e.i.;3,0394
2003;formosa;impuesto a los combustibles liquidos ley 23966 y 24699;ley 24464 fo.na.vi;21,9258
2003;formosa;regimen de energia electrica ley 24065;fondo para compensaciones de tarifa electrica;8,0224
2003;formosa;regimen de energia electrica ley 24065;f.e.d.e.i.;4,2829
2003;formosa;fondo compensador de desequilibrios;fondo compensador de desequilibrios;26,4759
2003;formosa;regimen simplificado para pequeños contribuyentes ley 24977 art 59 inciso a;regimen simplificado para pequeños contribuyentes ley 24977 art 59 inciso a;3,096
2003;jujuy;coparticipacion federal de impuestos ley 23548;coparticipacion federal de impuestos ley 23548;360,5749
2003;jujuy;transferencia de servicios ley 24049;transferencia de servicios ley 24049;33,3
2003;jujuy;impuesto a las ganancias;obras de infraestructura basica social;24,9264
2003;jujuy;impuesto a las ganancias;excedente obras de caracter social a buenos aires;27,0926
2003;jujuy;impuesto a las ganancias;ley 24699;12,5622
2003;jujuy;impuesto sobre los bienes personales;ley 24699;24,0669
2003;jujuy;impuesto sobre los activos fondo educacion ley 23906;impuesto sobre los activos fondo educacion ley 23906;0,0399
2003;jujuy;impuesto a los combustibles liquidos ley 23966 y 24699;obras de infraestructura;3,1213
2003;jujuy;impuesto a los combustibles liquidos ley 23966 y 24699;vialidad provincial;4,8493
2003;jujuy;impuesto a los combustibles liquidos ley 23966 y 24699;f.e.d.e.i.;2,4524
2003;jujuy;impuesto a los combustibles liquidos ley 23966 y 24699;ley 24464 fo.na.vi;16,4444
2003;jujuy;regimen de energia electrica ley 24065;fondo para compensaciones de tarifa electrica;5,8951
2003;jujuy;regimen de energia electrica ley 24065;f.e.d.e.i.;3,4562
2003;jujuy;fondo compensador de desequilibrios;fondo compensador de desequilibrios;26,4759
2003;jujuy;regimen simplificado para pequeños contribuyentes ley 24977 art 59 inciso a;regimen simplificado para pequeños contribuyentes ley 24977 art 59 inciso a;2,4162
2003;la pampa;coparticipacion federal de impuestos ley 23548;coparticipacion federal de impuestos ley 23548;238,3461
2003;la pampa;transferencia de servicios ley 24049;transferencia de servicios ley 24049;19,2
2003;la pampa;impuesto a las ganancias;obras de infraestructura basica social;4,8053
2003;la pampa;impuesto a las ganancias;excedente obras de caracter social a buenos aires;17,9086
2003;la pampa;impuesto a las ganancias;ley 24699;8,303
2003;la pampa;impuesto sobre los bienes personales;ley 24699;15,9086
2003;la pampa;impuesto sobre los bienes personales;ley 23966 art 30;1,2812
2003;la pampa;impuesto sobre los activos fondo educacion ley 23906;impuesto sobre los activos fondo educacion ley 23906;0,0331
2003;la pampa;i.v.a.ley 23966 art 5 punto 2;i.v.a.ley 23966 art 5 punto 2;1,6979
2003;la pampa;impuesto a los combustibles liquidos ley 23966 y 24699;obras de infraestructura;2,0633
2003;la pampa;impuesto a los combustibles liquidos ley 23966 y 24699;vialidad provincial;6,4684
2003;la pampa;impuesto a los combustibles liquidos ley 23966 y 24699;f.e.d.e.i.;2,1758
2003;la pampa;impuesto a los combustibles liquidos ley 23966 y 24699;ley 24464 fo.na.vi;10,9629
2003;la pampa;regimen de energia electrica ley 24065;fondo para compensaciones de tarifa electrica;7,4719
2003;la pampa;regimen de energia electrica ley 24065;f.e.d.e.i.;3,0681
2003;la pampa;fondo compensador de desequilibrios;fondo compensador de desequilibrios;30,0863
2003;la pampa;regimen simplificado para pequeños contribuyentes ley 24977 art 59 inciso a;regimen simplificado para pequeños contribuyentes ley 24977 art 59 inciso a;1,5971
2003;la rioja;coparticipacion federal de impuestos ley 23548;coparticipacion federal de impuestos ley 23548;262,7919
2003;la rioja;transferencia de servicios ley 24049;transferencia de servicios ley 24049;20,3
2003;la rioja;impuesto a las ganancias;obras de infraestructura basica social;8,2122
2003;la rioja;impuesto a las ganancias;excedente obras de caracter social a buenos aires;19,7454
2003;la rioja;impuesto a las ganancias;ley 24699;9,1548
2003;la rioja;impuesto sobre los bienes personales;ley 24699;17,5403
2003;la rioja;impuesto sobre los activos fondo educacion ley 23906;impuesto sobre los activos fondo educacion ley 23906;0,0322
2003;la rioja;impuesto a los combustibles liquidos ley 23966 y 24699;obras de infraestructura;2,2749
2003;la rioja;impuesto a los combustibles liquidos ley 23966 y 24699;vialidad provincial;6,244
2003;la rioja;impuesto a los combustibles liquidos ley 23966 y 24699;f.e.d.e.i.;2,8682
2003;la rioja;impuesto a los combustibles liquidos ley 23966 y 24699;ley 24464 fo.na.vi;10,9629
2003;la rioja;regimen de energia electrica ley 24065;fondo para compensaciones de tarifa electrica;5,6198
2003;la rioja;regimen de energia electrica ley 24065;f.e.d.e.i.;4,0423
2003;la rioja;fondo compensador de desequilibrios;fondo compensador de desequilibrios;26,4759
2003;la rioja;regimen simplificado para pequeños contribuyentes ley 24977 art 59 inciso a;regimen simplificado para pequeños contribuyentes ley 24977 art 59 inciso a;1,761
2003;mendoza;coparticipacion federal de impuestos ley 23548;coparticipacion federal de impuestos ley 23548;529,2506
2003;mendoza;transferencia de servicios ley 24049;transferencia de servicios ley 24049;61,7
2003;mendoza;impuesto a las ganancias;obras de infraestructura basica social;34,1706
2003;mendoza;impuesto a las ganancias;excedente obras de caracter social a buenos aires;39,7661
2003;mendoza;impuesto a las ganancias;ley 24699;18,4376
2003;mendoza;impuesto sobre los bienes personales;ley 24699;35,3253
2003;mendoza;impuesto sobre los activos fondo educacion ley 23906;impuesto sobre los activos fondo educacion ley 23906;0,0684
2003;mendoza;impuesto a los combustibles liquidos ley 23966 y 24699;obras de infraestructura;4,5816
2003;mendoza;impuesto a los combustibles liquidos ley 23966 y 24699;vialidad provincial;10,1854
2003;mendoza;impuesto a los combustibles liquidos ley 23966 y 24699;f.e.d.e.i.;2,266
2003;mendoza;impuesto a los combustibles liquidos ley 23966 y 24699;ley 24464 fo.na.vi;21,9258
2003;mendoza;regimen de energia electrica ley 24065;fondo para compensaciones de tarifa electrica;4,2535
2003;mendoza;regimen de energia electrica ley 24065;f.e.d.e.i.;3,1376
2003;mendoza;fondo compensador de desequilibrios;fondo compensador de desequilibrios;26,4759
2003;mendoza;regimen simplificado para pequeños contribuyentes ley 24977 art 59 inciso a;regimen simplificado para pequeños contribuyentes ley 24977 art 59 inciso a;3,5465
2003;misiones;coparticipacion federal de impuestos ley 23548;coparticipacion federal de impuestos ley 23548;419,2447
2003;misiones;transferencia de servicios ley 24049;transferencia de servicios ley 24049;34,1
2003;misiones;impuesto a las ganancias;obras de infraestructura basica social;36,3892
2003;misiones;impuesto a las ganancias;excedente obras de caracter social a buenos aires;31,5001
2003;misiones;impuesto a las ganancias;ley 24699;14,606
2003;misiones;impuesto sobre los bienes personales;ley 24699;27,9829
2003;misiones;impuesto sobre los bienes personales;ley 23966 art 30;2,0764
2003;misiones;impuesto sobre los activos fondo educacion ley 23906;impuesto sobre los activos fondo educacion ley 23906;0,051
2003;misiones;i.v.a.ley 23966 art 5 punto 2;i.v.a.ley 23966 art 5 punto 2;2,7516
2003;misiones;impuesto a los combustibles liquidos ley 23966 y 24699;obras de infraestructura;3,6292
2003;misiones;impuesto a los combustibles liquidos ley 23966 y 24699;vialidad provincial;9,1781
2003;misiones;impuesto a los combustibles liquidos ley 23966 y 24699;f.e.d.e.i.;3,4176
2003;misiones;impuesto a los combustibles liquidos ley 23966 y 24699;ley 24464 fo.na.vi;25,7629
2003;misiones;regimen de energia electrica ley 24065;fondo para compensaciones de tarifa electrica;6,3391
2003;misiones;regimen de energia electrica ley 24065;f.e.d.e.i.;4,8611
2003;misiones;fondo compensador de desequilibrios;fondo compensador de desequilibrios;26,4759
2003;misiones;regimen simplificado para pequeños contribuyentes ley 24977 art 59 inciso a;regimen simplificado para pequeños contribuyentes ley 24977 art 59 inciso a;2,8093
2003;neuquen;coparticipacion federal de impuestos ley 23548;coparticipacion federal de impuestos ley 23548;220,2766
2003;neuquen;transferencia de servicios ley 24049;transferencia de servicios ley 24049;17,4
2003;neuquen;impuesto a las ganancias;obras de infraestructura basica social;11,2695
2003;neuquen;impuesto a las ganancias;excedente obras de caracter social a buenos aires;16,5508
2003;neuquen;impuesto a las ganancias;ley 24699;7,6741
2003;neuquen;impuesto sobre los bienes personales;ley 24699;14,7026
2003;neuquen;impuesto sobre los bienes personales;ley 23966 art 30;0,9338
2003;neuquen;impuesto sobre los activos fondo educacion ley 23906;impuesto sobre los activos fondo educacion ley 23906;0,0451
2003;neuquen;i.v.a.ley 23966 art 5 punto 2;i.v.a.ley 23966 art 5 punto 2;1,2375
2003;neuquen;impuesto a los combustibles liquidos ley 23966 y 24699;obras de infraestructura;1,9068
2003;neuquen;impuesto a los combustibles liquidos ley 23966 y 24699;vialidad provincial;6,6743
2003;neuquen;impuesto a los combustibles liquidos ley 23966 y 24699;f.e.d.e.i.;2,5578
2003;neuquen;impuesto a los combustibles liquidos ley 23966 y 24699;ley 24464 fo.na.vi;23,5703
2003;neuquen;regimen de energia electrica ley 24065;fondo para compensaciones de tarifa electrica;4,9374
2003;neuquen;regimen de energia electrica ley 24065;f.e.d.e.i.;3,604
2003;neuquen;fondo compensador de desequilibrios;fondo compensador de desequilibrios;30,0863
2003;neuquen;regimen simplificado para pequeños contribuyentes ley 24977 art 59 inciso a;regimen simplificado para pequeños contribuyentes ley 24977 art 59 inciso a;1,476
2003;rio negro;coparticipacion federal de impuestos ley 23548;coparticipacion federal de impuestos ley 23548;320,2394
2003;rio negro;transferencia de servicios ley 24049;transferencia de servicios ley 24049;14,6
2003;rio negro;impuesto a las ganancias;obras de infraestructura basica social;16,1062
2003;rio negro;impuesto a las ganancias;excedente obras de caracter social a buenos aires;24,0617
2003;rio negro;impuesto a las ganancias;ley 24699;11,1559
2003;rio negro;impuesto sobre los bienes personales;ley 24699;21,3747
2003;rio negro;impuesto sobre los activos fondo educacion ley 23906;impuesto sobre los activos fondo educacion ley 23906;0,0523
2003;rio negro;impuesto a los combustibles liquidos ley 23966 y 24699;obras de infraestructura;2,7722
2003;rio negro;impuesto a los combustibles liquidos ley 23966 y 24699;vialidad provincial;5,6009
2003;rio negro;impuesto a los combustibles liquidos ley 23966 y 24699;f.e.d.e.i.;2,3761
2003;rio negro;impuesto a los combustibles liquidos ley 23966 y 24699;ley 24464 fo.na.vi;24,6666
2003;rio negro;regimen de energia electrica ley 24065;fondo para compensaciones de tarifa electrica;4,4173
2003;rio negro;regimen de energia electrica ley 24065;f.e.d.e.i.;3,3487
2003;rio negro;fondo compensador de desequilibrios;fondo compensador de desequilibrios;30,0863
2003;rio negro;regimen simplificado para pequeños contribuyentes ley 24977 art 59 inciso a;regimen simplificado para pequeños contribuyentes ley 24977 art 59 inciso a;2,1459
2003;salta;coparticipacion federal de impuestos ley 23548;coparticipacion federal de impuestos ley 23548;486,4705
2003;salta;transferencia de servicios ley 24049;transferencia de servicios ley 24049;39,8
2003;salta;impuesto a las ganancias;obras de infraestructura basica social;44,1043
2003;salta;impuesto a las ganancias;excedente obras de caracter social a buenos aires;36,5519
2003;salta;impuesto a las ganancias;ley 24699;16,9472
2003;salta;impuesto sobre los bienes personales;ley 24699;32,47
2003;salta;impuesto sobre los activos fondo educacion ley 23906;impuesto sobre los activos fondo educacion ley 23906;0,0693
2003;salta;impuesto a los combustibles liquidos ley 23966 y 24699;obras de infraestructura;4,2113
2003;salta;impuesto a los combustibles liquidos ley 23966 y 24699;vialidad provincial;6,6267
2003;salta;impuesto a los combustibles liquidos ley 23966 y 24699;f.e.d.e.i.;2,4313
2003;salta;impuesto a los combustibles liquidos ley 23966 y 24699;ley 24464 fo.na.vi;21,9258
2003;salta;regimen de energia electrica ley 24065;fondo para compensaciones de tarifa electrica;4,9427
2003;salta;regimen de energia electrica ley 24065;f.e.d.e.i.;3,4259
2003;salta;fondo compensador de desequilibrios;fondo compensador de desequilibrios;30,0863
2003;salta;regimen simplificado para pequeños contribuyentes ley 24977 art 59 inciso a;regimen simplificado para pequeños contribuyentes ley 24977 art 59 inciso a;3,2599
2003;san juan;coparticipacion federal de impuestos ley 23548;coparticipacion federal de impuestos ley 23548;429,023
2003;san juan;transferencia de servicios ley 24049;transferencia de servicios ley 24049;30,1
2003;san juan;impuesto a las ganancias;obras de infraestructura basica social;14,3813
2003;san juan;impuesto a las ganancias;excedente obras de caracter social a buenos aires;32,2349
2003;san juan;impuesto a las ganancias;ley 24699;14,9461
2003;san juan;impuesto sobre los bienes personales;ley 24699;28,6356
2003;san juan;impuesto sobre los activos fondo educacion ley 23906;impuesto sobre los activos fondo educacion ley 23906;0,0392
2003;san juan;impuesto a los combustibles liquidos ley 23966 y 24699;obras de infraestructura;3,7139
2003;san juan;impuesto a los combustibles liquidos ley 23966 y 24699;vialidad provincial;6,3735
2003;san juan;impuesto a los combustibles liquidos ley 23966 y 24699;f.e.d.e.i.;0,724
2003;san juan;impuesto a los combustibles liquidos ley 23966 y 24699;ley 24464 fo.na.vi;20,0073
2003;san juan;regimen de energia electrica ley 24065;fondo para compensaciones de tarifa electrica;4,6746
2003;san juan;regimen de energia electrica ley 24065;f.e.d.e.i.;0,5376
2003;san juan;fondo compensador de desequilibrios;fondo compensador de desequilibrios;26,4759
2003;san juan;regimen simplificado para pequeños contribuyentes ley 24977 art 59 inciso a;regimen simplificado para pequeños contribuyentes ley 24977 art 59 inciso a;2,8749
2003;san luis;coparticipacion federal de impuestos ley 23548;coparticipacion federal de impuestos ley 23548;289,6822
2003;san luis;transferencia de servicios ley 24049;transferencia de servicios ley 24049;18,9
2003;san luis;impuesto a las ganancias;obras de infraestructura basica social;8,454
2003;san luis;impuesto a las ganancias;excedente obras de caracter social a buenos aires;21,7655
2003;san luis;impuesto a las ganancias;ley 24699;10,092
2003;san luis;impuesto sobre los bienes personales;ley 24699;19,3351
2003;san luis;impuesto sobre los activos fondo educacion ley 23906;impuesto sobre los activos fondo educacion ley 23906;0,0324
2003;san luis;impuesto a los combustibles liquidos ley 23966 y 24699;obras de infraestructura;2,5076
2003;san luis;impuesto a los combustibles liquidos ley 23966 y 24699;vialidad provincial;4,0925
2003;san luis;impuesto a los combustibles liquidos ley 23966 y 24699;f.e.d.e.i.;2,2049
2003;san luis;impuesto a los combustibles liquidos ley 23966 y 24699;ley 24464 fo.na.vi;20,0073
2003;san luis;regimen de energia electrica ley 24065;fondo para compensaciones de tarifa electrica;4,4528
2003;san luis;regimen de energia electrica ley 24065;f.e.d.e.i.;3,1092
2003;san luis;fondo compensador de desequilibrios;fondo compensador de desequilibrios;26,4759
2003;san luis;regimen simplificado para pequeños contribuyentes ley 24977 art 59 inciso a;regimen simplificado para pequeños contribuyentes ley 24977 art 59 inciso a;1,9411
2003;santa cruz;coparticipacion federal de impuestos ley 23548;coparticipacion federal de impuestos ley 23548;200,72
2003;santa cruz;transferencia de servicios ley 24049;transferencia de servicios ley 24049;8,5
2003;santa cruz;impuesto a las ganancias;obras de infraestructura basica social;3,1652
2003;santa cruz;impuesto a las ganancias;excedente obras de caracter social a buenos aires;15,0814
2003;santa cruz;impuesto a las ganancias;ley 24699;6,9929
2003;santa cruz;impuesto sobre los bienes personales;ley 24699;13,3972
2003;santa cruz;impuesto sobre los bienes personales;ley 23966 art 30;1,2108
2003;santa cruz;impuesto sobre los activos fondo educacion ley 23906;impuesto sobre los activos fondo educacion ley 23906;0,0325
2003;santa cruz;i.v.a.ley 23966 art 5 punto 2;i.v.a.ley 23966 art 5 punto 2;1,6045
2003;santa cruz;impuesto a los combustibles liquidos ley 23966 y 24699;obras de infraestructura;1,7376
2003;santa cruz;impuesto a los combustibles liquidos ley 23966 y 24699;vialidad provincial;8,3618
2003;santa cruz;impuesto a los combustibles liquidos ley 23966 y 24699;f.e.d.e.i.;3,1048
2003;santa cruz;impuesto a los combustibles liquidos ley 23966 y 24699;ley 24464 fo.na.vi;17,5407
2003;santa cruz;regimen de energia electrica ley 24065;fondo para compensaciones de tarifa electrica;4,9953
2003;santa cruz;regimen de energia electrica ley 24065;transferencia a empresas de energia electrica;26,2
2003;santa cruz;regimen de energia electrica ley 24065;f.e.d.e.i.;4,3748
2003;santa cruz;fondo compensador de desequilibrios;fondo compensador de desequilibrios;36,1035
2003;santa cruz;regimen simplificado para pequeños contribuyentes ley 24977 art 59 inciso a;regimen simplificado para pequeños contribuyentes ley 24977 art 59 inciso a;1,345
2003;santa fe;coparticipacion federal de impuestos ley 23548;coparticipacion federal de impuestos ley 23548;1134,283
2003;santa fe;transferencia de servicios ley 24049;transferencia de servicios ley 24049;135,489
2003;santa fe;impuesto a las ganancias;obras de infraestructura basica social;67,8257
2003;santa fe;impuesto a las ganancias;excedente obras de caracter social a buenos aires;85,2251
2003;santa fe;impuesto a las ganancias;ley 24699;39,5161
2003;santa fe;impuesto sobre los bienes personales;ley 24699;75,7088
2003;santa fe;impuesto sobre los bienes personales;ley 23966 art 30;16,3296
2003;santa fe;impuesto sobre los activos fondo educacion ley 23906;impuesto sobre los activos fondo educacion ley 23906;0,1316
2003;santa fe;i.v.a.ley 23966 art 5 punto 2;i.v.a.ley 23966 art 5 punto 2;21,6402
2003;santa fe;impuesto a los combustibles liquidos ley 23966 y 24699;obras de infraestructura;33,9461
2003;santa fe;impuesto a los combustibles liquidos ley 23966 y 24699;vialidad provincial;17,2529
2003;santa fe;impuesto a los combustibles liquidos ley 23966 y 24699;f.e.d.e.i.;1,9548
2003;santa fe;impuesto a los combustibles liquidos ley 23966 y 24699;ley 24464 fo.na.vi;30,9703
2003;santa fe;regimen de energia electrica ley 24065;fondo para compensaciones de tarifa electrica;3,495
2003;santa fe;regimen de energia electrica ley 24065;f.e.d.e.i.;2,7565
2003;santa fe;fondo compensador de desequilibrios;fondo compensador de desequilibrios;6,0173
2003;santa fe;regimen simplificado para pequeños contribuyentes ley 24977 art 59 inciso a;regimen simplificado para pequeños contribuyentes ley 24977 art 59 inciso a;7,6008
2003;sgo. del estero;coparticipacion federal de impuestos ley 23548;coparticipacion federal de impuestos ley 23548;524,3614
2003;sgo. del estero;transferencia de servicios ley 24049;transferencia de servicios ley 24049;31,6
2003;sgo. del estero;impuesto a las ganancias;obras de infraestructura basica social;35,284
2003;sgo. del estero;impuesto a las ganancias;excedente obras de caracter social a buenos aires;39,3987
2003;sgo. del estero;impuesto a las ganancias;ley 24699;18,2681
2003;sgo. del estero;impuesto sobre los bienes personales;ley 24699;34,999
2003;sgo. del estero;impuesto sobre los activos fondo educacion ley 23906;impuesto sobre los activos fondo educacion ley 23906;0,0653
2003;sgo. del estero;impuesto a los combustibles liquidos ley 23966 y 24699;obras de infraestructura;4,5393
2003;sgo. del estero;impuesto a los combustibles liquidos ley 23966 y 24699;vialidad provincial;6,7596
2003;sgo. del estero;impuesto a los combustibles liquidos ley 23966 y 24699;f.e.d.e.i.;2,6063
2003;sgo. del estero;impuesto a los combustibles liquidos ley 23966 y 24699;ley 24464 fo.na.vi;23,5703
2003;sgo. del estero;regimen de energia electrica ley 24065;fondo para compensaciones de tarifa electrica;5,8974
2003;sgo. del estero;regimen de energia electrica ley 24065;f.e.d.e.i.;3,6753
2003;sgo. del estero;fondo compensador de desequilibrios;fondo compensador de desequilibrios;26,4759
2003;sgo. del estero;regimen simplificado para pequeños contribuyentes ley 24977 art 59 inciso a;regimen simplificado para pequeños contribuyentes ley 24977 art 59 inciso a;3,5138
2003;tucuman;coparticipacion federal de impuestos ley 23548;coparticipacion federal de impuestos ley 23548;603,8102
2003;tucuman;transferencia de servicios ley 24049;transferencia de servicios ley 24049;55,8
2003;tucuman;impuesto a las ganancias;obras de infraestructura basica social;43,5914
2003;tucuman;impuesto a las ganancias;excedente obras de caracter social a buenos aires;45,3678
2003;tucuman;impuesto a las ganancias;ley 24699;21,0359
2003;tucuman;impuesto sobre los bienes personales;ley 24699;40,3019
2003;tucuman;impuesto sobre los activos fondo educacion ley 23906;impuesto sobre los activos fondo educacion ley 23906;0,0593
2003;tucuman;impuesto a los combustibles liquidos ley 23966 y 24699;obras de infraestructura;5,227
2003;tucuman;impuesto a los combustibles liquidos ley 23966 y 24699;vialidad provincial;8,4128
2003;tucuman;impuesto a los combustibles liquidos ley 23966 y 24699;f.e.d.e.i.;2,0075
2003;tucuman;impuesto a los combustibles liquidos ley 23966 y 24699;ley 24464 fo.na.vi;23,0221
2003;tucuman;regimen de energia electrica ley 24065;fondo para compensaciones de tarifa electrica;3,0361
2003;tucuman;regimen de energia electrica ley 24065;f.e.d.e.i.;2,8308
2003;tucuman;fondo compensador de desequilibrios;fondo compensador de desequilibrios;26,4759
2003;tucuman;regimen simplificado para pequeños contribuyentes ley 24977 art 59 inciso a;regimen simplificado para pequeños contribuyentes ley 24977 art 59 inciso a;4,0462
2003;tierra del fuego;coparticipacion federal de impuestos ley 23548;coparticipacion federal de impuestos ley 23548;160,541
2003;tierra del fuego;transferencia de servicios ley 24049;transferencia de servicios ley 24049;12,13
2003;tierra del fuego;impuesto a las ganancias;obras de infraestructura basica social;2,0579
2003;tierra del fuego;impuesto a las ganancias;excedente obras de caracter social a buenos aires;11,7615
2003;tierra del fuego;impuesto a las ganancias;ley 24699;5,4537
2003;tierra del fuego;impuesto sobre los bienes personales;ley 24699;10,4479
2003;tierra del fuego;impuesto sobre los bienes personales;ley 23966 art 30;0,1074
2003;tierra del fuego;impuesto sobre los activos fondo educacion ley 23906;impuesto sobre los activos fondo educacion ley 23906;0,0155
2003;tierra del fuego;i.v.a.ley 23966 art 5 punto 2;i.v.a.ley 23966 art 5 punto 2;0,1423
2003;tierra del fuego;impuesto a los combustibles liquidos ley 23966 y 24699;obras de infraestructura;1,3551
2003;tierra del fuego;impuesto a los combustibles liquidos ley 23966 y 24699;vialidad provincial;3,3642
2003;tierra del fuego;impuesto a los combustibles liquidos ley 23966 y 24699;f.e.d.e.i.;2,2829
2003;tierra del fuego;impuesto a los combustibles liquidos ley 23966 y 24699;ley 24464 fo.na.vi;14,5259
2003;tierra del fuego;regimen de energia electrica ley 24065;fondo para compensaciones de tarifa electrica;6,3423
2003;tierra del fuego;regimen de energia electrica ley 24065;f.e.d.e.i.;3,2172
2003;tierra del fuego;fondo compensador de desequilibrios;fondo compensador de desequilibrios;36,1035
2003;tierra del fuego;regimen simplificado para pequeños contribuyentes ley 24977 art 59 inciso a;regimen simplificado para pequeños contribuyentes ley 24977 art 59 inciso a;1,0489
2003;c.a.b.a;coparticipacion federal de impuestos ley 23548;coparticipacion federal de impuestos ley 23548;311,5191
2003;c.a.b.a;impuesto sobre los activos fondo educacion ley 23906;impuesto sobre los activos fondo educacion ley 23906;0,0564
2003;c.a.b.a;impuesto a los combustibles liquidos ley 23966 y 24699;ley 24464 fo.na.vi;7,1259
2003;fdo.compensador;coparticipacion federal de impuestos ley 23548;coparticipacion federal de impuestos ley 23548;551,1803
2003;tesoro nacional;coparticipacion federal de impuestos ley 23548;coparticipacion federal de impuestos ley 23548;9952,2042
2003;tesoro nacional;impuesto sobre los bienes personales;ley 24699;621,4979
2003;tesoro nacional;impuesto sobre los activos fondo educacion ley 23906;impuesto sobre los activos fondo educacion ley 23906;0,8533
2003;tesoro nacional;impuesto a los combustibles liquidos ley 23966 y 24699;vialidad provincial;370,12
2003;seguridad social;coparticipacion federal de impuestos ley 23548;coparticipacion federal de impuestos ley 23548;4446,7608
2003;seguridad social;impuesto a las ganancias;obras de infraestructura basica social;2808,663
2003;seguridad social;impuesto a las ganancias;ley 24699;120
2003;seguridad social;i.v.a.ley 23966 art 5 punto 2;i.v.a.ley 23966 art 5 punto 2;1977,9499
2003;seguridad social;regimen simplificado para pequeños contribuyentes ley 24977 art 59 inciso a;regimen simplificado para pequeños contribuyentes ley 24977 art 59 inciso a;200,2693
2003;fondo a.t.n.;coparticipacion federal de impuestos ley 23548;coparticipacion federal de impuestos ley 23548;246,4871
2003;fondo a.t.n.;impuesto a las ganancias;obras de infraestructura basica social;280,8663
2003;fondo a.t.n.;impuesto a las ganancias;ley 24699;20
2003;fondo a.t.n.;impuesto sobre los bienes personales;ley 24699;14,9255
2004;buenos aires;coparticipacion federal de impuestos ley 23548;coparticipacion federal de impuestos ley 23548;4317,3949
2004;buenos aires;transferencia de servicios ley 24049;transferencia de servicios ley 24049;443,76
2004;buenos aires;impuesto a las ganancias;obras de infraestructura basica social;650
2004;buenos aires;impuesto a las ganancias;ley 24699;95,6087
2004;buenos aires;impuesto sobre los bienes personales;ley 24699;194,1925
2004;buenos aires;impuesto sobre los bienes personales;ley 23966 art 30;46,2315
2004;buenos aires;impuesto sobre los activos fondo educacion ley 23906;impuesto sobre los activos fondo educacion ley 23906;0,2689
2004;buenos aires;i.v.a.ley 23966 art 5 punto 2;i.v.a.ley 23966 art 5 punto 2;88,8636
2004;buenos aires;impuesto a los combustibles liquidos ley 23966 y 24699;vialidad provincial;55,5311
2004;buenos aires;impuesto a los combustibles liquidos ley 23966 y 24699;f.e.d.e.i.;0,934
2004;buenos aires;impuesto a los combustibles liquidos ley 23966 y 24699;ley 24464 fo.na.vi;78,7982
2004;buenos aires;regimen de energia electrica ley 24065;fondo para compensaciones de tarifa electrica;4,6574
2004;buenos aires;regimen de energia electrica ley 24065;f.e.d.e.i.;1,987
2004;buenos aires;regimen simplificado para pequeños contribuyentes ley 24977 art 59 inciso a;regimen simplificado para pequeños contribuyentes ley 24977 art 59 inciso a;32,5504
2004;catamarca;coparticipacion federal de impuestos ley 23548;coparticipacion federal de impuestos ley 23548;541,5089
2004;catamarca;transferencia de servicios ley 24049;transferencia de servicios ley 24049;21,4
2004;catamarca;impuesto a las ganancias;obras de infraestructura basica social;15,732
2004;catamarca;impuesto a las ganancias;excedente obras de caracter social a buenos aires;52,677
2004;catamarca;impuesto a las ganancias;ley 24699;11,9916
2004;catamarca;impuesto sobre los bienes personales;ley 24699;24,3566
2004;catamarca;impuesto sobre los activos fondo educacion ley 23906;impuesto sobre los activos fondo educacion ley 23906;0,0201
2004;catamarca;impuesto a los combustibles liquidos ley 23966 y 24699;obras de infraestructura;3,1199
2004;catamarca;impuesto a los combustibles liquidos ley 23966 y 24699;vialidad provincial;5,0924
2004;catamarca;impuesto a los combustibles liquidos ley 23966 y 24699;f.e.d.e.i.;2,1001
2004;catamarca;impuesto a los combustibles liquidos ley 23966 y 24699;ley 24464 fo.na.vi;11,4122
2004;catamarca;regimen de energia electrica ley 24065;fondo para compensaciones de tarifa electrica;5,2651
2004;catamarca;regimen de energia electrica ley 24065;f.e.d.e.i.;4,5762
2004;catamarca;fondo compensador de desequilibrios;fondo compensador de desequilibrios;26,4
2004;catamarca;regimen simplificado para pequeños contribuyentes ley 24977 art 59 inciso a;regimen simplificado para pequeños contribuyentes ley 24977 art 59 inciso a;4,0827
2004;cordoba;coparticipacion federal de impuestos ley 23548;coparticipacion federal de impuestos ley 23548;1745,7037
2004;cordoba;transferencia de servicios ley 24049;transferencia de servicios ley 24049;125,3
2004;cordoba;impuesto a las ganancias;obras de infraestructura basica social;87,9903
2004;cordoba;impuesto a las ganancias;excedente obras de caracter social a buenos aires;169,816
2004;cordoba;impuesto a las ganancias;ley 24699;38,658
2004;cordoba;impuesto sobre los bienes personales;ley 24699;78,5201
2004;cordoba;impuesto sobre los bienes personales;ley 23966 art 30;15,7883
2004;cordoba;impuesto sobre los activos fondo educacion ley 23906;impuesto sobre los activos fondo educacion ley 23906;0,0744
2004;cordoba;i.v.a.ley 23966 art 5 punto 2;i.v.a.ley 23966 art 5 punto 2;30,3473
2004;cordoba;impuesto a los combustibles liquidos ley 23966 y 24699;obras de infraestructura;10,0577
2004;cordoba;impuesto a los combustibles liquidos ley 23966 y 24699;vialidad provincial;17,4793
2004;cordoba;impuesto a los combustibles liquidos ley 23966 y 24699;f.e.d.e.i.;1,3934
2004;cordoba;impuesto a los combustibles liquidos ley 23966 y 24699;ley 24464 fo.na.vi;30,7041
2004;cordoba;regimen de energia electrica ley 24065;fondo para compensaciones de tarifa electrica;4,2551
2004;cordoba;regimen de energia electrica ley 24065;f.e.d.e.i.;3,0364
2004;cordoba;fondo compensador de desequilibrios;fondo compensador de desequilibrios;6
2004;cordoba;regimen simplificado para pequeños contribuyentes ley 24977 art 59 inciso a;regimen simplificado para pequeños contribuyentes ley 24977 art 59 inciso a;13,1616
2004;corrientes;coparticipacion federal de impuestos ley 23548;coparticipacion federal de impuestos ley 23548;730,8477
2004;corrientes;transferencia de servicios ley 24049;transferencia de servicios ley 24049;38,6
2004;corrientes;impuesto a las ganancias;obras de infraestructura basica social;52,7942
2004;corrientes;impuesto a las ganancias;excedente obras de caracter social a buenos aires;71,0958
2004;corrientes;impuesto a las ganancias;ley 24699;16,1844
2004;corrientes;impuesto sobre los bienes personales;ley 24699;32,8729
2004;corrientes;impuesto sobre los bienes personales;ley 23966 art 30;5,0484
2004;corrientes;impuesto sobre los activos fondo educacion ley 23906;impuesto sobre los activos fondo educacion ley 23906;0,0334
2004;corrientes;i.v.a.ley 23966 art 5 punto 2;i.v.a.ley 23966 art 5 punto 2;9,7037
2004;corrientes;impuesto a los combustibles liquidos ley 23966 y 24699;obras de infraestructura;4,2107
2004;corrientes;impuesto a los combustibles liquidos ley 23966 y 24699;vialidad provincial;5,8163
2004;corrientes;impuesto a los combustibles liquidos ley 23966 y 24699;f.e.d.e.i.;2,1033
2004;corrientes;impuesto a los combustibles liquidos ley 23966 y 24699;ley 24464 fo.na.vi;26,9001
2004;corrientes;regimen de energia electrica ley 24065;fondo para compensaciones de tarifa electrica;5,2941
2004;corrientes;regimen de energia electrica ley 24065;f.e.d.e.i.;4,5284
2004;corrientes;fondo compensador de desequilibrios;fondo compensador de desequilibrios;18
2004;corrientes;regimen simplificado para pequeños contribuyentes ley 24977 art 59 inciso a;regimen simplificado para pequeños contribuyentes ley 24977 art 59 inciso a;5,5102
2004;chaco;coparticipacion federal de impuestos ley 23548;coparticipacion federal de impuestos ley 23548;980,7749
2004;chaco;transferencia de servicios ley 24049;transferencia de servicios ley 24049;33,6
2004;chaco;impuesto a las ganancias;obras de infraestructura basica social;70,0264
2004;chaco;impuesto a las ganancias;excedente obras de caracter social a buenos aires;95,4071
2004;chaco;impuesto a las ganancias;ley 24699;21,7188
2004;chaco;impuesto sobre los bienes personales;ley 24699;44,1144
2004;chaco;impuesto sobre los bienes personales;ley 23966 art 30;3,9689
2004;chaco;impuesto sobre los activos fondo educacion ley 23906;impuesto sobre los activos fondo educacion ley 23906;0,0436
2004;chaco;i.v.a.ley 23966 art 5 punto 2;i.v.a.ley 23966 art 5 punto 2;7,6287
2004;chaco;impuesto a los combustibles liquidos ley 23966 y 24699;obras de infraestructura;5,6507
2004;chaco;impuesto a los combustibles liquidos ley 23966 y 24699;vialidad provincial;7,8814
2004;chaco;impuesto a los combustibles liquidos ley 23966 y 24699;f.e.d.e.i.;1,8736
2004;chaco;impuesto a los combustibles liquidos ley 23966 y 24699;ley 24464 fo.na.vi;24,9981
2004;chaco;regimen de energia electrica ley 24065;fondo para compensaciones de tarifa electrica;6,0162
2004;chaco;regimen de energia electrica ley 24065;f.e.d.e.i.;4,0827
2004;chaco;fondo compensador de desequilibrios;fondo compensador de desequilibrios;6
2004;chaco;regimen simplificado para pequeños contribuyentes ley 24977 art 59 inciso a;regimen simplificado para pequeños contribuyentes ley 24977 art 59 inciso a;7,3945
2004;chubut;coparticipacion federal de impuestos ley 23548;coparticipacion federal de impuestos ley 23548;310,9258
2004;chubut;transferencia de servicios ley 24049;transferencia de servicios ley 24049;24,2
2004;chubut;impuesto a las ganancias;obras de infraestructura basica social;16,2988
2004;chubut;impuesto a las ganancias;excedente obras de caracter social a buenos aires;30,2462
2004;chubut;impuesto a las ganancias;ley 24699;6,8856
2004;chubut;impuesto sobre los bienes personales;ley 24699;13,9852
2004;chubut;impuesto sobre los bienes personales;ley 23966 art 30;1,5525
2004;chubut;impuesto sobre los activos fondo educacion ley 23906;impuesto sobre los activos fondo educacion ley 23906;0,0201
2004;chubut;i.v.a.ley 23966 art 5 punto 2;i.v.a.ley 23966 art 5 punto 2;2,9842
2004;chubut;impuesto a los combustibles liquidos ley 23966 y 24699;obras de infraestructura;1,7914
2004;chubut;impuesto a los combustibles liquidos ley 23966 y 24699;vialidad provincial;6,3485
2004;chubut;impuesto a los combustibles liquidos ley 23966 y 24699;f.e.d.e.i.;1,9644
2004;chubut;impuesto a los combustibles liquidos ley 23966 y 24699;ley 24464 fo.na.vi;17,39
2004;chubut;regimen de energia electrica ley 24065;fondo para compensaciones de tarifa electrica;18,372
2004;chubut;regimen de energia electrica ley 24065;f.e.d.e.i.;4,2806
2004;chubut;fondo compensador de desequilibrios;fondo compensador de desequilibrios;36
2004;chubut;regimen simplificado para pequeños contribuyentes ley 24977 art 59 inciso a;regimen simplificado para pequeños contribuyentes ley 24977 art 59 inciso a;2,3442
2004;entre rios;coparticipacion federal de impuestos ley 23548;coparticipacion federal de impuestos ley 23548;959,9477
2004;entre rios;transferencia de servicios ley 24049;transferencia de servicios ley 24049;67,5
2004;entre rios;impuesto a las ganancias;obras de infraestructura basica social;44,2095
2004;entre rios;impuesto a las ganancias;excedente obras de caracter social a buenos aires;93,3814
2004;entre rios;impuesto a las ganancias;ley 24699;21,258
2004;entre rios;impuesto sobre los bienes personales;ley 24699;43,1776
2004;entre rios;impuesto sobre los bienes personales;ley 23966 art 30;6,8518
2004;entre rios;impuesto sobre los activos fondo educacion ley 23906;impuesto sobre los activos fondo educacion ley 23906;0,0346
2004;entre rios;i.v.a.ley 23966 art 5 punto 2;i.v.a.ley 23966 art 5 punto 2;13,1701
2004;entre rios;impuesto a los combustibles liquidos ley 23966 y 24699;obras de infraestructura;5,5306
2004;entre rios;impuesto a los combustibles liquidos ley 23966 y 24699;vialidad provincial;9,9278
2004;entre rios;impuesto a los combustibles liquidos ley 23966 y 24699;f.e.d.e.i.;1,6124
2004;entre rios;impuesto a los combustibles liquidos ley 23966 y 24699;ley 24464 fo.na.vi;21,194
2004;entre rios;regimen de energia electrica ley 24065;fondo para compensaciones de tarifa electrica;5,6112
2004;entre rios;regimen de energia electrica ley 24065;f.e.d.e.i.;3,5135
2004;entre rios;fondo compensador de desequilibrios;fondo compensador de desequilibrios;21,6
2004;entre rios;regimen simplificado para pequeños contribuyentes ley 24977 art 59 inciso a;regimen simplificado para pequeños contribuyentes ley 24977 art 59 inciso a;7,2374
2004;formosa;coparticipacion federal de impuestos ley 23548;coparticipacion federal de impuestos ley 23548;715,7006
2004;formosa;transferencia de servicios ley 24049;transferencia de servicios ley 24049;20,7
2004;formosa;impuesto a las ganancias;obras de infraestructura basica social;32,9925
2004;formosa;impuesto a las ganancias;excedente obras de caracter social a buenos aires;69,6223
2004;formosa;impuesto a las ganancias;ley 24699;15,8495
2004;formosa;impuesto sobre los bienes personales;ley 24699;32,1916
2004;formosa;impuesto sobre los bienes personales;ley 23966 art 30;1,8488
2004;formosa;impuesto sobre los activos fondo educacion ley 23906;impuesto sobre los activos fondo educacion ley 23906;0,0235
2004;formosa;i.v.a.ley 23966 art 5 punto 2;i.v.a.ley 23966 art 5 punto 2;3,5536
2004;formosa;impuesto a los combustibles liquidos ley 23966 y 24699;obras de infraestructura;4,1235
2004;formosa;impuesto a los combustibles liquidos ley 23966 y 24699;vialidad provincial;4,6599
2004;formosa;impuesto a los combustibles liquidos ley 23966 y 24699;f.e.d.e.i.;2,165
2004;formosa;impuesto a los combustibles liquidos ley 23966 y 24699;ley 24464 fo.na.vi;21,7374
2004;formosa;regimen de energia electrica ley 24065;fondo para compensaciones de tarifa electrica;7,353
2004;formosa;regimen de energia electrica ley 24065;f.e.d.e.i.;4,7177
2004;formosa;fondo compensador de desequilibrios;fondo compensador de desequilibrios;26,4
2004;formosa;regimen simplificado para pequeños contribuyentes ley 24977 art 59 inciso a;regimen simplificado para pequeños contribuyentes ley 24977 art 59 inciso a;5,396
2004;jujuy;coparticipacion federal de impuestos ley 23548;coparticipacion federal de impuestos ley 23548;558,5494
2004;jujuy;transferencia de servicios ley 24049;transferencia de servicios ley 24049;33,3
2004;jujuy;impuesto a las ganancias;obras de infraestructura basica social;38,3014
2004;jujuy;impuesto a las ganancias;excedente obras de caracter social a buenos aires;54,3351
2004;jujuy;impuesto a las ganancias;ley 24699;12,3695
2004;jujuy;impuesto sobre los bienes personales;ley 24699;25,123
2004;jujuy;impuesto sobre los activos fondo educacion ley 23906;impuesto sobre los activos fondo educacion ley 23906;0,0214
2004;jujuy;impuesto a los combustibles liquidos ley 23966 y 24699;obras de infraestructura;3,218
2004;jujuy;impuesto a los combustibles liquidos ley 23966 y 24699;vialidad provincial;4,8995
2004;jujuy;impuesto a los combustibles liquidos ley 23966 y 24699;f.e.d.e.i.;1,7471
2004;jujuy;impuesto a los combustibles liquidos ley 23966 y 24699;ley 24464 fo.na.vi;16,3031
2004;jujuy;regimen de energia electrica ley 24065;fondo para compensaciones de tarifa electrica;6,7145
2004;jujuy;regimen de energia electrica ley 24065;f.e.d.e.i.;3,8071
2004;jujuy;fondo compensador de desequilibrios;fondo compensador de desequilibrios;26,4
2004;jujuy;regimen simplificado para pequeños contribuyentes ley 24977 art 59 inciso a;regimen simplificado para pequeños contribuyentes ley 24977 art 59 inciso a;4,2111
2004;la pampa;coparticipacion federal de impuestos ley 23548;coparticipacion federal de impuestos ley 23548;369,2106
2004;la pampa;transferencia de servicios ley 24049;transferencia de servicios ley 24049;19,2
2004;la pampa;impuesto a las ganancias;obras de infraestructura basica social;7,3837
2004;la pampa;impuesto a las ganancias;excedente obras de caracter social a buenos aires;35,9163
2004;la pampa;impuesto a las ganancias;ley 24699;8,1756
2004;la pampa;impuesto sobre los bienes personales;ley 24699;16,6068
2004;la pampa;impuesto sobre los bienes personales;ley 23966 art 30;1,3374
2004;la pampa;impuesto sobre los activos fondo educacion ley 23906;impuesto sobre los activos fondo educacion ley 23906;0,0178
2004;la pampa;i.v.a.ley 23966 art 5 punto 2;i.v.a.ley 23966 art 5 punto 2;2,5707
2004;la pampa;impuesto a los combustibles liquidos ley 23966 y 24699;obras de infraestructura;2,1272
2004;la pampa;impuesto a los combustibles liquidos ley 23966 y 24699;vialidad provincial;6,1691
2004;la pampa;impuesto a los combustibles liquidos ley 23966 y 24699;f.e.d.e.i.;1,5509
2004;la pampa;impuesto a los combustibles liquidos ley 23966 y 24699;ley 24464 fo.na.vi;10,8687
2004;la pampa;regimen de energia electrica ley 24065;fondo para compensaciones de tarifa electrica;7,9652
2004;la pampa;regimen de energia electrica ley 24065;f.e.d.e.i.;3,3796
2004;la pampa;fondo compensador de desequilibrios;fondo compensador de desequilibrios;30
2004;la pampa;regimen simplificado para pequeños contribuyentes ley 24977 art 59 inciso a;regimen simplificado para pequeños contribuyentes ley 24977 art 59 inciso a;2,7836
2004;la rioja;coparticipacion federal de impuestos ley 23548;coparticipacion federal de impuestos ley 23548;407,0784
2004;la rioja;transferencia de servicios ley 24049;transferencia de servicios ley 24049;20,3
2004;la rioja;impuesto a las ganancias;obras de infraestructura basica social;12,6188
2004;la rioja;impuesto a las ganancias;excedente obras de caracter social a buenos aires;39,6
2004;la rioja;impuesto a las ganancias;ley 24699;9,0144
2004;la rioja;impuesto sobre los bienes personales;ley 24699;18,31
2004;la rioja;impuesto sobre los activos fondo educacion ley 23906;impuesto sobre los activos fondo educacion ley 23906;0,0173
2004;la rioja;impuesto a los combustibles liquidos ley 23966 y 24699;obras de infraestructura;2,3454
2004;la rioja;impuesto a los combustibles liquidos ley 23966 y 24699;vialidad provincial;5,6492
2004;la rioja;impuesto a los combustibles liquidos ley 23966 y 24699;f.e.d.e.i.;2,0434
2004;la rioja;impuesto a los combustibles liquidos ley 23966 y 24699;ley 24464 fo.na.vi;10,8687
2004;la rioja;regimen de energia electrica ley 24065;fondo para compensaciones de tarifa electrica;5,1534
2004;la rioja;regimen de energia electrica ley 24065;f.e.d.e.i.;4,4527
2004;la rioja;fondo compensador de desequilibrios;fondo compensador de desequilibrios;26,4
2004;la rioja;regimen simplificado para pequeños contribuyentes ley 24977 art 59 inciso a;regimen simplificado para pequeños contribuyentes ley 24977 art 59 inciso a;3,0691
2004;mendoza;coparticipacion federal de impuestos ley 23548;coparticipacion federal de impuestos ley 23548;819,837
2004;mendoza;transferencia de servicios ley 24049;transferencia de servicios ley 24049;61,7
2004;mendoza;impuesto a las ganancias;obras de infraestructura basica social;52,5059
2004;mendoza;impuesto a las ganancias;excedente obras de caracter social a buenos aires;79,7523
2004;mendoza;impuesto a las ganancias;ley 24699;18,1548
2004;mendoza;impuesto sobre los bienes personales;ley 24699;36,8755
2004;mendoza;impuesto sobre los activos fondo educacion ley 23906;impuesto sobre los activos fondo educacion ley 23906;0,0367
2004;mendoza;impuesto a los combustibles liquidos ley 23966 y 24699;obras de infraestructura;4,7234
2004;mendoza;impuesto a los combustibles liquidos ley 23966 y 24699;vialidad provincial;9,1589
2004;mendoza;impuesto a los combustibles liquidos ley 23966 y 24699;f.e.d.e.i.;1,586
2004;mendoza;impuesto a los combustibles liquidos ley 23966 y 24699;ley 24464 fo.na.vi;21,7374
2004;mendoza;regimen de energia electrica ley 24065;fondo para compensaciones de tarifa electrica;4,2809
2004;mendoza;regimen de energia electrica ley 24065;f.e.d.e.i.;3,4562
2004;mendoza;fondo compensador de desequilibrios;fondo compensador de desequilibrios;26,4
2004;mendoza;regimen simplificado para pequeños contribuyentes ley 24977 art 59 inciso a;regimen simplificado para pequeños contribuyentes ley 24977 art 59 inciso a;6,1811
2004;misiones;coparticipacion federal de impuestos ley 23548;coparticipacion federal de impuestos ley 23548;649,4321
2004;misiones;transferencia de servicios ley 24049;transferencia de servicios ley 24049;34,1
2004;misiones;impuesto a las ganancias;obras de infraestructura basica social;55,9149
2004;misiones;impuesto a las ganancias;excedente obras de caracter social a buenos aires;63,1746
2004;misiones;impuesto a las ganancias;ley 24699;14,382
2004;misiones;impuesto sobre los bienes personales;ley 24699;29,2109
2004;misiones;impuesto sobre los bienes personales;ley 23966 art 30;2,1675
2004;misiones;impuesto sobre los activos fondo educacion ley 23906;impuesto sobre los activos fondo educacion ley 23906;0,0273
2004;misiones;i.v.a.ley 23966 art 5 punto 2;i.v.a.ley 23966 art 5 punto 2;4,1662
2004;misiones;impuesto a los combustibles liquidos ley 23966 y 24699;obras de infraestructura;3,7416
2004;misiones;impuesto a los combustibles liquidos ley 23966 y 24699;vialidad provincial;7,7834
2004;misiones;impuesto a los combustibles liquidos ley 23966 y 24699;f.e.d.e.i.;2,2441
2004;misiones;impuesto a los combustibles liquidos ley 23966 y 24699;ley 24464 fo.na.vi;25,5415
2004;misiones;regimen de energia electrica ley 24065;fondo para compensaciones de tarifa electrica;5,5483
2004;misiones;regimen de energia electrica ley 24065;f.e.d.e.i.;5,3445
2004;misiones;fondo compensador de desequilibrios;fondo compensador de desequilibrios;26,4
2004;misiones;regimen simplificado para pequeños contribuyentes ley 24977 art 59 inciso a;regimen simplificado para pequeños contribuyentes ley 24977 art 59 inciso a;4,8963
2004;neuquen;coparticipacion federal de impuestos ley 23548;coparticipacion federal de impuestos ley 23548;341,22
2004;neuquen;transferencia de servicios ley 24049;transferencia de servicios ley 24049;17,4
2004;neuquen;impuesto a las ganancias;obras de infraestructura basica social;17,3165
2004;neuquen;impuesto a las ganancias;excedente obras de caracter social a buenos aires;33,1932
2004;neuquen;impuesto a las ganancias;ley 24699;7,5564
2004;neuquen;impuesto sobre los bienes personales;ley 24699;15,3478
2004;neuquen;impuesto sobre los bienes personales;ley 23966 art 30;0,9748
2004;neuquen;impuesto sobre los activos fondo educacion ley 23906;impuesto sobre los activos fondo educacion ley 23906;0,0242
2004;neuquen;i.v.a.ley 23966 art 5 punto 2;i.v.a.ley 23966 art 5 punto 2;1,8737
2004;neuquen;impuesto a los combustibles liquidos ley 23966 y 24699;obras de infraestructura;1,9659
2004;neuquen;impuesto a los combustibles liquidos ley 23966 y 24699;vialidad provincial;7,2781
2004;neuquen;impuesto a los combustibles liquidos ley 23966 y 24699;f.e.d.e.i.;1,8218
2004;neuquen;impuesto a los combustibles liquidos ley 23966 y 24699;ley 24464 fo.na.vi;23,3677
2004;neuquen;regimen de energia electrica ley 24065;fondo para compensaciones de tarifa electrica;4,8723
2004;neuquen;regimen de energia electrica ley 24065;f.e.d.e.i.;3,9699
2004;neuquen;fondo compensador de desequilibrios;fondo compensador de desequilibrios;30
2004;neuquen;regimen simplificado para pequeños contribuyentes ley 24977 art 59 inciso a;regimen simplificado para pequeños contribuyentes ley 24977 art 59 inciso a;2,5725
2004;rio negro;coparticipacion federal de impuestos ley 23548;coparticipacion federal de impuestos ley 23548;496,0676
2004;rio negro;transferencia de servicios ley 24049;transferencia de servicios ley 24049;14,6
2004;rio negro;impuesto a las ganancias;obras de infraestructura basica social;24,7485
2004;rio negro;impuesto a las ganancias;excedente obras de caracter social a buenos aires;48,2565
2004;rio negro;impuesto a las ganancias;ley 24699;10,9848
2004;rio negro;impuesto sobre los bienes personales;ley 24699;22,3127
2004;rio negro;impuesto sobre los activos fondo educacion ley 23906;impuesto sobre los activos fondo educacion ley 23906;0,028
2004;rio negro;impuesto a los combustibles liquidos ley 23966 y 24699;obras de infraestructura;2,8581
2004;rio negro;impuesto a los combustibles liquidos ley 23966 y 24699;vialidad provincial;5,7668
2004;rio negro;impuesto a los combustibles liquidos ley 23966 y 24699;f.e.d.e.i.;1,6928
2004;rio negro;impuesto a los combustibles liquidos ley 23966 y 24699;ley 24464 fo.na.vi;24,4546
2004;rio negro;regimen de energia electrica ley 24065;fondo para compensaciones de tarifa electrica;4,4739
2004;rio negro;regimen de energia electrica ley 24065;f.e.d.e.i.;3,6887
2004;rio negro;fondo compensador de desequilibrios;fondo compensador de desequilibrios;30
2004;rio negro;regimen simplificado para pequeños contribuyentes ley 24977 art 59 inciso a;regimen simplificado para pequeños contribuyentes ley 24977 art 59 inciso a;3,7401
2004;salta;coparticipacion federal de impuestos ley 23548;coparticipacion federal de impuestos ley 23548;753,5684
2004;salta;transferencia de servicios ley 24049;transferencia de servicios ley 24049;39,8
2004;salta;impuesto a las ganancias;obras de infraestructura basica social;67,7697
2004;salta;impuesto a las ganancias;excedente obras de caracter social a buenos aires;73,3061
2004;salta;impuesto a las ganancias;ley 24699;16,6872
2004;salta;impuesto sobre los bienes personales;ley 24699;33,8948
2004;salta;impuesto sobre los activos fondo educacion ley 23906;impuesto sobre los activos fondo educacion ley 23906;0,0372
2004;salta;impuesto a los combustibles liquidos ley 23966 y 24699;obras de infraestructura;4,3417
2004;salta;impuesto a los combustibles liquidos ley 23966 y 24699;vialidad provincial;6,8583
2004;salta;impuesto a los combustibles liquidos ley 23966 y 24699;f.e.d.e.i.;1,7318
2004;salta;impuesto a los combustibles liquidos ley 23966 y 24699;ley 24464 fo.na.vi;21,7374
2004;salta;regimen de energia electrica ley 24065;fondo para compensaciones de tarifa electrica;5,5762
2004;salta;regimen de energia electrica ley 24065;f.e.d.e.i.;3,7737
2004;salta;fondo compensador de desequilibrios;fondo compensador de desequilibrios;30
2004;salta;regimen simplificado para pequeños contribuyentes ley 24977 art 59 inciso a;regimen simplificado para pequeños contribuyentes ley 24977 art 59 inciso a;5,6815
2004;san juan;coparticipacion federal de impuestos ley 23548;coparticipacion federal de impuestos ley 23548;664,5792
2004;san juan;transferencia de servicios ley 24049;transferencia de servicios ley 24049;30,1
2004;san juan;impuesto a las ganancias;obras de infraestructura basica social;22,098
2004;san juan;impuesto a las ganancias;excedente obras de caracter social a buenos aires;64,6481
2004;san juan;impuesto a las ganancias;ley 24699;14,7168
2004;san juan;impuesto sobre los bienes personales;ley 24699;29,8922
2004;san juan;impuesto sobre los activos fondo educacion ley 23906;impuesto sobre los activos fondo educacion ley 23906;0,021
2004;san juan;impuesto a los combustibles liquidos ley 23966 y 24699;obras de infraestructura;3,8289
2004;san juan;impuesto a los combustibles liquidos ley 23966 y 24699;vialidad provincial;5,1122
2004;san juan;impuesto a los combustibles liquidos ley 23966 y 24699;f.e.d.e.i.;2,8689
2004;san juan;impuesto a los combustibles liquidos ley 23966 y 24699;ley 24464 fo.na.vi;19,8354
2004;san juan;regimen de energia electrica ley 24065;fondo para compensaciones de tarifa electrica;5,0308
2004;san juan;regimen de energia electrica ley 24065;f.e.d.e.i.;5,389
2004;san juan;fondo compensador de desequilibrios;fondo compensador de desequilibrios;26,4
2004;san juan;regimen simplificado para pequeños contribuyentes ley 24977 art 59 inciso a;regimen simplificado para pequeños contribuyentes ley 24977 art 59 inciso a;5,0106
2004;san luis;coparticipacion federal de impuestos ley 23548;coparticipacion federal de impuestos ley 23548;448,7329
2004;san luis;transferencia de servicios ley 24049;transferencia de servicios ley 24049;18,9
2004;san luis;impuesto a las ganancias;obras de infraestructura basica social;12,9903
2004;san luis;impuesto a las ganancias;excedente obras de caracter social a buenos aires;43,6514
2004;san luis;impuesto a las ganancias;ley 24699;9,9372
2004;san luis;impuesto sobre los bienes personales;ley 24699;20,1836
2004;san luis;impuesto sobre los activos fondo educacion ley 23906;impuesto sobre los activos fondo educacion ley 23906;0,0174
2004;san luis;impuesto a los combustibles liquidos ley 23966 y 24699;obras de infraestructura;2,5853
2004;san luis;impuesto a los combustibles liquidos ley 23966 y 24699;vialidad provincial;14,4229
2004;san luis;impuesto a los combustibles liquidos ley 23966 y 24699;f.e.d.e.i.;1,5717
2004;san luis;impuesto a los combustibles liquidos ley 23966 y 24699;ley 24464 fo.na.vi;19,8354
2004;san luis;regimen de energia electrica ley 24065;fondo para compensaciones de tarifa electrica;4,2754
2004;san luis;regimen de energia electrica ley 24065;f.e.d.e.i.;3,4248
2004;san luis;fondo compensador de desequilibrios;fondo compensador de desequilibrios;26,4
2004;san luis;regimen simplificado para pequeños contribuyentes ley 24977 art 59 inciso a;regimen simplificado para pequeños contribuyentes ley 24977 art 59 inciso a;3,3831
2004;santa cruz;coparticipacion federal de impuestos ley 23548;coparticipacion federal de impuestos ley 23548;310,9258
2004;santa cruz;transferencia de servicios ley 24049;transferencia de servicios ley 24049;8,5
2004;santa cruz;impuesto a las ganancias;obras de infraestructura basica social;4,8636
2004;santa cruz;impuesto a las ganancias;excedente obras de caracter social a buenos aires;30,2462
2004;santa cruz;impuesto a las ganancias;ley 24699;6,8856
2004;santa cruz;impuesto sobre los bienes personales;ley 24699;13,9852
2004;santa cruz;impuesto sobre los bienes personales;ley 23966 art 30;1,2639
2004;santa cruz;impuesto sobre los activos fondo educacion ley 23906;impuesto sobre los activos fondo educacion ley 23906;0,0174
2004;santa cruz;i.v.a.ley 23966 art 5 punto 2;i.v.a.ley 23966 art 5 punto 2;2,4294
2004;santa cruz;impuesto a los combustibles liquidos ley 23966 y 24699;obras de infraestructura;1,7914
2004;santa cruz;impuesto a los combustibles liquidos ley 23966 y 24699;vialidad provincial;8,1242
2004;santa cruz;impuesto a los combustibles liquidos ley 23966 y 24699;f.e.d.e.i.;2,2114
2004;santa cruz;impuesto a los combustibles liquidos ley 23966 y 24699;ley 24464 fo.na.vi;17,39
2004;santa cruz;regimen de energia electrica ley 24065;fondo para compensaciones de tarifa electrica;4,9582
2004;santa cruz;regimen de energia electrica ley 24065;transferencia a empresas de energia electrica;26,2
2004;santa cruz;regimen de energia electrica ley 24065;f.e.d.e.i.;4,8189
2004;santa cruz;fondo compensador de desequilibrios;fondo compensador de desequilibrios;36
2004;santa cruz;regimen simplificado para pequeños contribuyentes ley 24977 art 59 inciso a;regimen simplificado para pequeños contribuyentes ley 24977 art 59 inciso a;2,3442
2004;santa fe;coparticipacion federal de impuestos ley 23548;coparticipacion federal de impuestos ley 23548;1757,064
2004;santa fe;transferencia de servicios ley 24049;transferencia de servicios ley 24049;135,489
2004;santa fe;impuesto a las ganancias;obras de infraestructura basica social;104,2195
2004;santa fe;impuesto a las ganancias;excedente obras de caracter social a buenos aires;170,9219
2004;santa fe;impuesto a las ganancias;ley 24699;38,91
2004;santa fe;impuesto sobre los bienes personales;ley 24699;79,0311
2004;santa fe;impuesto sobre los bienes personales;ley 23966 art 30;17,0462
2004;santa fe;impuesto sobre los activos fondo educacion ley 23906;impuesto sobre los activos fondo educacion ley 23906;0,0706
2004;santa fe;i.v.a.ley 23966 art 5 punto 2;i.v.a.ley 23966 art 5 punto 2;32,7651
2004;santa fe;impuesto a los combustibles liquidos ley 23966 y 24699;obras de infraestructura;34,9974
2004;santa fe;impuesto a los combustibles liquidos ley 23966 y 24699;vialidad provincial;16,9486
2004;santa fe;impuesto a los combustibles liquidos ley 23966 y 24699;f.e.d.e.i.;1,3934
2004;santa fe;impuesto a los combustibles liquidos ley 23966 y 24699;ley 24464 fo.na.vi;30,7041
2004;santa fe;regimen de energia electrica ley 24065;fondo para compensaciones de tarifa electrica;3,4331
2004;santa fe;regimen de energia electrica ley 24065;f.e.d.e.i.;3,0364
2004;santa fe;fondo compensador de desequilibrios;fondo compensador de desequilibrios;6
2004;santa fe;regimen simplificado para pequeños contribuyentes ley 24977 art 59 inciso a;regimen simplificado para pequeños contribuyentes ley 24977 art 59 inciso a;13,2473
2004;sgo. del estero;coparticipacion federal de impuestos ley 23548;coparticipacion federal de impuestos ley 23548;812,2634
2004;sgo. del estero;transferencia de servicios ley 24049;transferencia de servicios ley 24049;31,6
2004;sgo. del estero;impuesto a las ganancias;obras de infraestructura basica social;54,2167
2004;sgo. del estero;impuesto a las ganancias;excedente obras de caracter social a buenos aires;79,0155
2004;sgo. del estero;impuesto a las ganancias;ley 24699;17,9879
2004;sgo. del estero;impuesto sobre los bienes personales;ley 24699;36,5349
2004;sgo. del estero;impuesto sobre los activos fondo educacion ley 23906;impuesto sobre los activos fondo educacion ley 23906;0,0351
2004;sgo. del estero;impuesto a los combustibles liquidos ley 23966 y 24699;obras de infraestructura;4,6798
2004;sgo. del estero;impuesto a los combustibles liquidos ley 23966 y 24699;vialidad provincial;6,0611
2004;sgo. del estero;impuesto a los combustibles liquidos ley 23966 y 24699;f.e.d.e.i.;1,8578
2004;sgo. del estero;impuesto a los combustibles liquidos ley 23966 y 24699;ley 24464 fo.na.vi;23,3677
2004;sgo. del estero;regimen de energia electrica ley 24065;fondo para compensaciones de tarifa electrica;3,6181
2004;sgo. del estero;regimen de energia electrica ley 24065;f.e.d.e.i.;4,0484
2004;sgo. del estero;fondo compensador de desequilibrios;fondo compensador de desequilibrios;26,4
2004;sgo. del estero;regimen simplificado para pequeños contribuyentes ley 24977 art 59 inciso a;regimen simplificado para pequeños contribuyentes ley 24977 art 59 inciso a;6,124
2004;tucuman;coparticipacion federal de impuestos ley 23548;coparticipacion federal de impuestos ley 23548;935,3336
2004;tucuman;transferencia de servicios ley 24049;transferencia de servicios ley 24049;55,8
2004;tucuman;impuesto a las ganancias;obras de infraestructura basica social;66,9817
2004;tucuman;impuesto a las ganancias;excedente obras de caracter social a buenos aires;90,9866
2004;tucuman;impuesto a las ganancias;ley 24699;20,7132
2004;tucuman;impuesto sobre los bienes personales;ley 24699;42,0704
2004;tucuman;impuesto sobre los activos fondo educacion ley 23906;impuesto sobre los activos fondo educacion ley 23906;0,0318
2004;tucuman;impuesto a los combustibles liquidos ley 23966 y 24699;obras de infraestructura;5,3889
2004;tucuman;impuesto a los combustibles liquidos ley 23966 y 24699;vialidad provincial;8,3731
2004;tucuman;impuesto a los combustibles liquidos ley 23966 y 24699;f.e.d.e.i.;1,4309
2004;tucuman;impuesto a los combustibles liquidos ley 23966 y 24699;ley 24464 fo.na.vi;22,8243
2004;tucuman;regimen de energia electrica ley 24065;fondo para compensaciones de tarifa electrica;2,9743
2004;tucuman;regimen de energia electrica ley 24065;f.e.d.e.i.;3,1182
2004;tucuman;fondo compensador de desequilibrios;fondo compensador de desequilibrios;26,4
2004;tucuman;regimen simplificado para pequeños contribuyentes ley 24977 art 59 inciso a;regimen simplificado para pequeños contribuyentes ley 24977 art 59 inciso a;7,0519
2004;tierra del fuego;coparticipacion federal de impuestos ley 23548;coparticipacion federal de impuestos ley 23548;246,485
2004;tierra del fuego;transferencia de servicios ley 24049;transferencia de servicios ley 24049;12
2004;tierra del fuego;impuesto a las ganancias;obras de infraestructura basica social;3,1621
2004;tierra del fuego;impuesto a las ganancias;excedente obras de caracter social a buenos aires;23,5882
2004;tierra del fuego;impuesto a las ganancias;ley 24699;5,37
2004;tierra del fuego;impuesto sobre los bienes personales;ley 24699;10,9063
2004;tierra del fuego;impuesto sobre los bienes personales;ley 23966 art 30;0,1121
2004;tierra del fuego;impuesto sobre los activos fondo educacion ley 23906;impuesto sobre los activos fondo educacion ley 23906;0,0083
2004;tierra del fuego;i.v.a.ley 23966 art 5 punto 2;i.v.a.ley 23966 art 5 punto 2;0,2155
2004;tierra del fuego;impuesto a los combustibles liquidos ley 23966 y 24699;obras de infraestructura;1,397
2004;tierra del fuego;impuesto a los combustibles liquidos ley 23966 y 24699;vialidad provincial;3,6071
2004;tierra del fuego;impuesto a los combustibles liquidos ley 23966 y 24699;f.e.d.e.i.;1,6263
2004;tierra del fuego;impuesto a los combustibles liquidos ley 23966 y 24699;ley 24464 fo.na.vi;14,4011
2004;tierra del fuego;regimen de energia electrica ley 24065;fondo para compensaciones de tarifa electrica;4,5805
2004;tierra del fuego;regimen de energia electrica ley 24065;f.e.d.e.i.;3,5438
2004;tierra del fuego;fondo compensador de desequilibrios;fondo compensador de desequilibrios;36
2004;tierra del fuego;regimen simplificado para pequeños contribuyentes ley 24977 art 59 inciso a;regimen simplificado para pequeños contribuyentes ley 24977 art 59 inciso a;1,8282
2004;c.a.b.a;coparticipacion federal de impuestos ley 23548;coparticipacion federal de impuestos ley 23548;516,97
2004;c.a.b.a;impuesto sobre los activos fondo educacion ley 23906;impuesto sobre los activos fondo educacion ley 23906;0,0303
2004;c.a.b.a;impuesto a los combustibles liquidos ley 23966 y 24699;ley 24464 fo.na.vi;7,0647
2004;tesoro nacional;coparticipacion federal de impuestos ley 23548;coparticipacion federal de impuestos ley 23548;14859,1957
2004;tesoro nacional;impuesto sobre los bienes personales;ley 24699;648,7708
2004;tesoro nacional;impuesto sobre los activos fondo educacion ley 23906;impuesto sobre los activos fondo educacion ley 23906;0,4579
2004;tesoro nacional;impuesto a los combustibles liquidos ley 23966 y 24699;vialidad provincial;381,5819
2004;seguridad social;coparticipacion federal de impuestos ley 23548;coparticipacion federal de impuestos ley 23548;6613,4172
2004;seguridad social;impuesto a las ganancias;obras de infraestructura basica social;4325,675
2004;seguridad social;impuesto a las ganancias;ley 24699;120
2004;seguridad social;i.v.a.ley 23966 art 5 punto 2;i.v.a.ley 23966 art 5 punto 2;2994,7859
2004;seguridad social;regimen simplificado para pequeños contribuyentes ley 24977 art 59 inciso a;regimen simplificado para pequeños contribuyentes ley 24977 art 59 inciso a;349,5371
2004;fondo a.t.n.;coparticipacion federal de impuestos ley 23548;coparticipacion federal de impuestos ley 23548;369,2643
2004;fondo a.t.n.;impuesto a las ganancias;obras de infraestructura basica social;432,5675
2004;fondo a.t.n.;impuesto a las ganancias;ley 24699;20
2004;fondo a.t.n.;impuesto sobre los bienes personales;ley 24699;15,5805
2005;buenos aires;coparticipacion federal de impuestos ley 23548;coparticipacion federal de impuestos ley 23548;5400,0342
2005;buenos aires;transferencia de servicios ley 24049;transferencia de servicios ley 24049;443,76
2005;buenos aires;impuesto a las ganancias;obras de infraestructura basica social;681,5621
2005;buenos aires;impuesto a las ganancias;ley 24699;95,6087
2005;buenos aires;impuesto sobre los bienes personales;ley 24699;211,2386
2005;buenos aires;impuesto sobre los bienes personales;ley 23966 art 30;50,2897
2005;buenos aires;impuesto sobre los activos fondo educacion ley 23906;impuesto sobre los activos fondo educacion ley 23906;0,2104
2005;buenos aires;i.v.a.ley 23966 art 5 punto 2;i.v.a.ley 23966 art 5 punto 2;106,54
2005;buenos aires;impuesto a los combustibles liquidos ley 23966 y 24699;vialidad provincial;58,7009
2005;buenos aires;impuesto a los combustibles liquidos ley 23966 y 24699;f.e.d.e.i.;3,208
2005;buenos aires;impuesto a los combustibles liquidos ley 23966 y 24699;ley 24464 fo.na.vi;84,9084
2005;buenos aires;regimen de energia electrica ley 24065;fondo para compensaciones de tarifa electrica;10,4333
2005;buenos aires;regimen de energia electrica ley 24065;f.e.d.e.i.;4,1041
2005;buenos aires;regimen simplificado para pequeños contribuyentes ley 24977 art 59 inciso a;regimen simplificado para pequeños contribuyentes ley 24977 art 59 inciso a;49,2401
2005;catamarca;coparticipacion federal de impuestos ley 23548;coparticipacion federal de impuestos ley 23548;677,2989
2005;catamarca;transferencia de servicios ley 24049;transferencia de servicios ley 24049;21,4
2005;catamarca;impuesto a las ganancias;obras de infraestructura basica social;19,9423
2005;catamarca;impuesto a las ganancias;excedente obras de caracter social a buenos aires;72,8316
2005;catamarca;impuesto a las ganancias;ley 24699;11,9916
2005;catamarca;impuesto sobre los bienes personales;ley 24699;26,4946
2005;catamarca;impuesto sobre los activos fondo educacion ley 23906;impuesto sobre los activos fondo educacion ley 23906;0,0157
2005;catamarca;impuesto a los combustibles liquidos ley 23966 y 24699;obras de infraestructura;3,31
2005;catamarca;impuesto a los combustibles liquidos ley 23966 y 24699;vialidad provincial;5,3262
2005;catamarca;impuesto a los combustibles liquidos ley 23966 y 24699;f.e.d.e.i.;3,4055
2005;catamarca;impuesto a los combustibles liquidos ley 23966 y 24699;ley 24464 fo.na.vi;12,2971
2005;catamarca;regimen de energia electrica ley 24065;fondo para compensaciones de tarifa electrica;5,8625
2005;catamarca;regimen de energia electrica ley 24065;f.e.d.e.i.;5,2866
2005;catamarca;fondo compensador de desequilibrios;fondo compensador de desequilibrios;26,4
2005;catamarca;regimen simplificado para pequeños contribuyentes ley 24977 art 59 inciso a;regimen simplificado para pequeños contribuyentes ley 24977 art 59 inciso a;6,176
2005;cordoba;coparticipacion federal de impuestos ley 23548;coparticipacion federal de impuestos ley 23548;2183,4601
2005;cordoba;transferencia de servicios ley 24049;transferencia de servicios ley 24049;125,3
2005;cordoba;impuesto a las ganancias;obras de infraestructura basica social;111,5384
2005;cordoba;impuesto a las ganancias;excedente obras de caracter social a buenos aires;234,7888
2005;cordoba;impuesto a las ganancias;ley 24699;38,658
2005;cordoba;impuesto sobre los bienes personales;ley 24699;85,4126
2005;cordoba;impuesto sobre los bienes personales;ley 23966 art 30;17,1742
2005;cordoba;impuesto sobre los activos fondo educacion ley 23906;impuesto sobre los activos fondo educacion ley 23906;0,0582
2005;cordoba;i.v.a.ley 23966 art 5 punto 2;i.v.a.ley 23966 art 5 punto 2;36,3839
2005;cordoba;impuesto a los combustibles liquidos ley 23966 y 24699;obras de infraestructura;10,6706
2005;cordoba;impuesto a los combustibles liquidos ley 23966 y 24699;vialidad provincial;16,9786
2005;cordoba;impuesto a los combustibles liquidos ley 23966 y 24699;f.e.d.e.i.;2,2665
2005;cordoba;impuesto a los combustibles liquidos ley 23966 y 24699;ley 24464 fo.na.vi;33,085
2005;cordoba;regimen de energia electrica ley 24065;fondo para compensaciones de tarifa electrica;4,403
2005;cordoba;regimen de energia electrica ley 24065;f.e.d.e.i.;3,6037
2005;cordoba;fondo compensador de desequilibrios;fondo compensador de desequilibrios;6
2005;cordoba;regimen simplificado para pequeños contribuyentes ley 24977 art 59 inciso a;regimen simplificado para pequeños contribuyentes ley 24977 art 59 inciso a;19,91
2005;corrientes;coparticipacion federal de impuestos ley 23548;coparticipacion federal de impuestos ley 23548;914,1167
2005;corrientes;transferencia de servicios ley 24049;transferencia de servicios ley 24049;38,6
2005;corrientes;impuesto a las ganancias;obras de infraestructura basica social;66,923
2005;corrientes;impuesto a las ganancias;excedente obras de caracter social a buenos aires;98,2975
2005;corrientes;impuesto a las ganancias;ley 24699;16,1844
2005;corrientes;impuesto sobre los bienes personales;ley 24699;35,7584
2005;corrientes;impuesto sobre los bienes personales;ley 23966 art 30;5,4915
2005;corrientes;impuesto sobre los activos fondo educacion ley 23906;impuesto sobre los activos fondo educacion ley 23906;0,0261
2005;corrientes;i.v.a.ley 23966 art 5 punto 2;i.v.a.ley 23966 art 5 punto 2;11,6339
2005;corrientes;impuesto a los combustibles liquidos ley 23966 y 24699;obras de infraestructura;4,4673
2005;corrientes;impuesto a los combustibles liquidos ley 23966 y 24699;vialidad provincial;6,735
2005;corrientes;impuesto a los combustibles liquidos ley 23966 y 24699;f.e.d.e.i.;3,2625
2005;corrientes;impuesto a los combustibles liquidos ley 23966 y 24699;ley 24464 fo.na.vi;28,986
2005;corrientes;regimen de energia electrica ley 24065;fondo para compensaciones de tarifa electrica;5,7063
2005;corrientes;regimen de energia electrica ley 24065;f.e.d.e.i.;4,6708
2005;corrientes;fondo compensador de desequilibrios;fondo compensador de desequilibrios;18
2005;corrientes;regimen simplificado para pequeños contribuyentes ley 24977 art 59 inciso a;regimen simplificado para pequeños contribuyentes ley 24977 art 59 inciso a;8,3354
2005;chaco;coparticipacion federal de impuestos ley 23548;coparticipacion federal de impuestos ley 23548;1226,7162
2005;chaco;transferencia de servicios ley 24049;transferencia de servicios ley 24049;33,6
2005;chaco;impuesto a las ganancias;obras de infraestructura basica social;88,767
2005;chaco;impuesto a las ganancias;excedente obras de caracter social a buenos aires;131,9105
2005;chaco;impuesto a las ganancias;ley 24699;21,7188
2005;chaco;impuesto sobre los bienes personales;ley 24699;47,9867
2005;chaco;impuesto sobre los bienes personales;ley 23966 art 30;4,3173
2005;chaco;impuesto sobre los activos fondo educacion ley 23906;impuesto sobre los activos fondo educacion ley 23906;0,0341
2005;chaco;i.v.a.ley 23966 art 5 punto 2;i.v.a.ley 23966 art 5 punto 2;9,1462
2005;chaco;impuesto a los combustibles liquidos ley 23966 y 24699;obras de infraestructura;5,995
2005;chaco;impuesto a los combustibles liquidos ley 23966 y 24699;vialidad provincial;8,8503
2005;chaco;impuesto a los combustibles liquidos ley 23966 y 24699;f.e.d.e.i.;3,0489
2005;chaco;impuesto a los combustibles liquidos ley 23966 y 24699;ley 24464 fo.na.vi;26,9365
2005;chaco;regimen de energia electrica ley 24065;fondo para compensaciones de tarifa electrica;6,3515
2005;chaco;regimen de energia electrica ley 24065;f.e.d.e.i.;4,8376
2005;chaco;fondo compensador de desequilibrios;fondo compensador de desequilibrios;6
2005;chaco;regimen simplificado para pequeños contribuyentes ley 24977 art 59 inciso a;regimen simplificado para pequeños contribuyentes ley 24977 art 59 inciso a;11,1859
2005;chubut;coparticipacion federal de impuestos ley 23548;coparticipacion federal de impuestos ley 23548;388,8942
2005;chubut;transferencia de servicios ley 24049;transferencia de servicios ley 24049;24,2
2005;chubut;impuesto a las ganancias;obras de infraestructura basica social;20,6607
2005;chubut;impuesto a las ganancias;excedente obras de caracter social a buenos aires;41,8186
2005;chubut;impuesto a las ganancias;ley 24699;6,8856
2005;chubut;impuesto sobre los bienes personales;ley 24699;15,2128
2005;chubut;impuesto sobre los bienes personales;ley 23966 art 30;1,6888
2005;chubut;impuesto sobre los activos fondo educacion ley 23906;impuesto sobre los activos fondo educacion ley 23906;0,0158
2005;chubut;i.v.a.ley 23966 art 5 punto 2;i.v.a.ley 23966 art 5 punto 2;3,5778
2005;chubut;impuesto a los combustibles liquidos ley 23966 y 24699;obras de infraestructura;1,9006
2005;chubut;impuesto a los combustibles liquidos ley 23966 y 24699;vialidad provincial;7,3771
2005;chubut;impuesto a los combustibles liquidos ley 23966 y 24699;f.e.d.e.i.;3,1971
2005;chubut;impuesto a los combustibles liquidos ley 23966 y 24699;ley 24464 fo.na.vi;18,7384
2005;chubut;regimen de energia electrica ley 24065;fondo para compensaciones de tarifa electrica;8,6823
2005;chubut;regimen de energia electrica ley 24065;f.e.d.e.i.;5,0812
2005;chubut;fondo compensador de desequilibrios;fondo compensador de desequilibrios;36
2005;chubut;regimen simplificado para pequeños contribuyentes ley 24977 art 59 inciso a;regimen simplificado para pequeños contribuyentes ley 24977 art 59 inciso a;3,5462
2005;entre rios;coparticipacion federal de impuestos ley 23548;coparticipacion federal de impuestos ley 23548;1200,6663
2005;entre rios;transferencia de servicios ley 24049;transferencia de servicios ley 24049;67,5
2005;entre rios;impuesto a las ganancias;obras de infraestructura basica social;56,041
2005;entre rios;impuesto a las ganancias;excedente obras de caracter social a buenos aires;129,1098
2005;entre rios;impuesto a las ganancias;ley 24699;21,258
2005;entre rios;impuesto sobre los bienes personales;ley 24699;46,9677
2005;entre rios;impuesto sobre los bienes personales;ley 23966 art 30;7,4532
2005;entre rios;impuesto sobre los activos fondo educacion ley 23906;impuesto sobre los activos fondo educacion ley 23906;0,027
2005;entre rios;i.v.a.ley 23966 art 5 punto 2;i.v.a.ley 23966 art 5 punto 2;15,7898
2005;entre rios;impuesto a los combustibles liquidos ley 23966 y 24699;obras de infraestructura;5,8676
2005;entre rios;impuesto a los combustibles liquidos ley 23966 y 24699;vialidad provincial;10,2509
2005;entre rios;impuesto a los combustibles liquidos ley 23966 y 24699;f.e.d.e.i.;2,6239
2005;entre rios;impuesto a los combustibles liquidos ley 23966 y 24699;ley 24464 fo.na.vi;22,8374
2005;entre rios;regimen de energia electrica ley 24065;fondo para compensaciones de tarifa electrica;5,9965
2005;entre rios;regimen de energia electrica ley 24065;f.e.d.e.i.;4,1537
2005;entre rios;fondo compensador de desequilibrios;fondo compensador de desequilibrios;21,6
2005;entre rios;regimen simplificado para pequeños contribuyentes ley 24977 art 59 inciso a;regimen simplificado para pequeños contribuyentes ley 24977 art 59 inciso a;10,9482
2005;formosa;coparticipacion federal de impuestos ley 23548;coparticipacion federal de impuestos ley 23548;895,1713
2005;formosa;transferencia de servicios ley 24049;transferencia de servicios ley 24049;20,7
2005;formosa;impuesto a las ganancias;obras de infraestructura basica social;41,822
2005;formosa;impuesto a las ganancias;excedente obras de caracter social a buenos aires;96,2603
2005;formosa;impuesto a las ganancias;ley 24699;15,8495
2005;formosa;impuesto sobre los bienes personales;ley 24699;35,0173
2005;formosa;impuesto sobre los bienes personales;ley 23966 art 30;2,0111
2005;formosa;impuesto sobre los activos fondo educacion ley 23906;impuesto sobre los activos fondo educacion ley 23906;0,0184
2005;formosa;i.v.a.ley 23966 art 5 punto 2;i.v.a.ley 23966 art 5 punto 2;4,2605
2005;formosa;impuesto a los combustibles liquidos ley 23966 y 24699;obras de infraestructura;4,3747
2005;formosa;impuesto a los combustibles liquidos ley 23966 y 24699;vialidad provincial;5,3641
2005;formosa;impuesto a los combustibles liquidos ley 23966 y 24699;f.e.d.e.i.;3,5232
2005;formosa;impuesto a los combustibles liquidos ley 23966 y 24699;ley 24464 fo.na.vi;23,423
2005;formosa;regimen de energia electrica ley 24065;fondo para compensaciones de tarifa electrica;8,0252
2005;formosa;regimen de energia electrica ley 24065;f.e.d.e.i.;5,5978
2005;formosa;fondo compensador de desequilibrios;fondo compensador de desequilibrios;26,4
2005;formosa;regimen simplificado para pequeños contribuyentes ley 24977 art 59 inciso a;regimen simplificado para pequeños contribuyentes ley 24977 art 59 inciso a;8,1627
2005;jujuy;coparticipacion federal de impuestos ley 23548;coparticipacion federal de impuestos ley 23548;698,6125
2005;jujuy;transferencia de servicios ley 24049;transferencia de servicios ley 24049;33,3
2005;jujuy;impuesto a las ganancias;obras de infraestructura basica social;48,5517
2005;jujuy;impuesto a las ganancias;excedente obras de caracter social a buenos aires;75,1241
2005;jujuy;impuesto a las ganancias;ley 24699;12,3695
2005;jujuy;impuesto sobre los bienes personales;ley 24699;27,3283
2005;jujuy;impuesto sobre los activos fondo educacion ley 23906;impuesto sobre los activos fondo educacion ley 23906;0,0168
2005;jujuy;impuesto a los combustibles liquidos ley 23966 y 24699;obras de infraestructura;3,4141
2005;jujuy;impuesto a los combustibles liquidos ley 23966 y 24699;vialidad provincial;5,1895
2005;jujuy;impuesto a los combustibles liquidos ley 23966 y 24699;f.e.d.e.i.;2,8429
2005;jujuy;impuesto a los combustibles liquidos ley 23966 y 24699;ley 24464 fo.na.vi;17,5673
2005;jujuy;regimen de energia electrica ley 24065;fondo para compensaciones de tarifa electrica;5,8072
2005;jujuy;regimen de energia electrica ley 24065;f.e.d.e.i.;4,5188
2005;jujuy;fondo compensador de desequilibrios;fondo compensador de desequilibrios;26,4
2005;jujuy;regimen simplificado para pequeños contribuyentes ley 24977 art 59 inciso a;regimen simplificado para pequeños contribuyentes ley 24977 art 59 inciso a;6,3702
2005;la pampa;coparticipacion federal de impuestos ley 23548;coparticipacion federal de impuestos ley 23548;461,7947
2005;la pampa;transferencia de servicios ley 24049;transferencia de servicios ley 24049;19,2
2005;la pampa;impuesto a las ganancias;obras de infraestructura basica social;9,3597
2005;la pampa;impuesto a las ganancias;excedente obras de caracter social a buenos aires;49,6581
2005;la pampa;impuesto a las ganancias;ley 24699;8,1756
2005;la pampa;impuesto sobre los bienes personales;ley 24699;18,0645
2005;la pampa;impuesto sobre los bienes personales;ley 23966 art 30;1,4548
2005;la pampa;impuesto sobre los activos fondo educacion ley 23906;impuesto sobre los activos fondo educacion ley 23906;0,0139
2005;la pampa;i.v.a.ley 23966 art 5 punto 2;i.v.a.ley 23966 art 5 punto 2;3,0821
2005;la pampa;impuesto a los combustibles liquidos ley 23966 y 24699;obras de infraestructura;2,2568
2005;la pampa;impuesto a los combustibles liquidos ley 23966 y 24699;vialidad provincial;6,1682
2005;la pampa;impuesto a los combustibles liquidos ley 23966 y 24699;f.e.d.e.i.;2,5227
2005;la pampa;impuesto a los combustibles liquidos ley 23966 y 24699;ley 24464 fo.na.vi;11,7115
2005;la pampa;regimen de energia electrica ley 24065;fondo para compensaciones de tarifa electrica;8,8196
2005;la pampa;regimen de energia electrica ley 24065;f.e.d.e.i.;4,011
2005;la pampa;fondo compensador de desequilibrios;fondo compensador de desequilibrios;30
2005;la pampa;regimen simplificado para pequeños contribuyentes ley 24977 art 59 inciso a;regimen simplificado para pequeños contribuyentes ley 24977 art 59 inciso a;4,2109
2005;la rioja;coparticipacion federal de impuestos ley 23548;coparticipacion federal de impuestos ley 23548;509,1583
2005;la rioja;transferencia de servicios ley 24049;transferencia de servicios ley 24049;20,3
2005;la rioja;impuesto a las ganancias;obras de infraestructura basica social;15,9958
2005;la rioja;impuesto a las ganancias;excedente obras de caracter social a buenos aires;54,7513
2005;la rioja;impuesto a las ganancias;ley 24699;9,0144
2005;la rioja;impuesto sobre los bienes personales;ley 24699;19,9173
2005;la rioja;impuesto sobre los activos fondo educacion ley 23906;impuesto sobre los activos fondo educacion ley 23906;0,0135
2005;la rioja;impuesto a los combustibles liquidos ley 23966 y 24699;obras de infraestructura;2,4883
2005;la rioja;impuesto a los combustibles liquidos ley 23966 y 24699;vialidad provincial;6,0947
2005;la rioja;impuesto a los combustibles liquidos ley 23966 y 24699;f.e.d.e.i.;3,325
2005;la rioja;impuesto a los combustibles liquidos ley 23966 y 24699;ley 24464 fo.na.vi;11,7115
2005;la rioja;regimen de energia electrica ley 24065;fondo para compensaciones de tarifa electrica;5,5003
2005;la rioja;regimen de energia electrica ley 24065;f.e.d.e.i.;5,2851
2005;la rioja;fondo compensador de desequilibrios;fondo compensador de desequilibrios;26,4
2005;la rioja;regimen simplificado para pequeños contribuyentes ley 24977 art 59 inciso a;regimen simplificado para pequeños contribuyentes ley 24977 art 59 inciso a;4,6428
2005;mendoza;coparticipacion federal de impuestos ley 23548;coparticipacion federal de impuestos ley 23548;1025,4211
2005;mendoza;transferencia de servicios ley 24049;transferencia de servicios ley 24049;61,7
2005;mendoza;impuesto a las ganancias;obras de infraestructura basica social;66,5576
2005;mendoza;impuesto a las ganancias;excedente obras de caracter social a buenos aires;110,266
2005;mendoza;impuesto a las ganancias;ley 24699;18,1548
2005;mendoza;impuesto sobre los bienes personales;ley 24699;40,1124
2005;mendoza;impuesto sobre los activos fondo educacion ley 23906;impuesto sobre los activos fondo educacion ley 23906;0,0287
2005;mendoza;impuesto a los combustibles liquidos ley 23966 y 24699;obras de infraestructura;5,0112
2005;mendoza;impuesto a los combustibles liquidos ley 23966 y 24699;vialidad provincial;10,3351
2005;mendoza;impuesto a los combustibles liquidos ley 23966 y 24699;f.e.d.e.i.;2,6037
2005;mendoza;impuesto a los combustibles liquidos ley 23966 y 24699;ley 24464 fo.na.vi;23,423
2005;mendoza;regimen de energia electrica ley 24065;fondo para compensaciones de tarifa electrica;10,4057
2005;mendoza;regimen de energia electrica ley 24065;f.e.d.e.i.;4,1023
2005;mendoza;fondo compensador de desequilibrios;fondo compensador de desequilibrios;26,4
2005;mendoza;regimen simplificado para pequeños contribuyentes ley 24977 art 59 inciso a;regimen simplificado para pequeños contribuyentes ley 24977 art 59 inciso a;9,3504
2005;misiones;coparticipacion federal de impuestos ley 23548;coparticipacion federal de impuestos ley 23548;812,2851
2005;misiones;transferencia de servicios ley 24049;transferencia de servicios ley 24049;34,1
2005;misiones;impuesto a las ganancias;obras de infraestructura basica social;70,8789
2005;misiones;impuesto a las ganancias;excedente obras de caracter social a buenos aires;87,3456
2005;misiones;impuesto a las ganancias;ley 24699;14,382
2005;misiones;impuesto sobre los bienes personales;ley 24699;31,775
2005;misiones;impuesto sobre los bienes personales;ley 23966 art 30;2,3577
2005;misiones;impuesto sobre los activos fondo educacion ley 23906;impuesto sobre los activos fondo educacion ley 23906;0,0214
2005;misiones;i.v.a.ley 23966 art 5 punto 2;i.v.a.ley 23966 art 5 punto 2;4,9949
2005;misiones;impuesto a los combustibles liquidos ley 23966 y 24699;obras de infraestructura;3,9696
2005;misiones;impuesto a los combustibles liquidos ley 23966 y 24699;vialidad provincial;8,9251
2005;misiones;impuesto a los combustibles liquidos ley 23966 y 24699;f.e.d.e.i.;3,7612
2005;misiones;impuesto a los combustibles liquidos ley 23966 y 24699;ley 24464 fo.na.vi;27,522
2005;misiones;regimen de energia electrica ley 24065;fondo para compensaciones de tarifa electrica;7,6391
2005;misiones;regimen de energia electrica ley 24065;f.e.d.e.i.;7,1745
2005;misiones;fondo compensador de desequilibrios;fondo compensador de desequilibrios;26,4
2005;misiones;regimen simplificado para pequeños contribuyentes ley 24977 art 59 inciso a;regimen simplificado para pequeños contribuyentes ley 24977 art 59 inciso a;7,4068
2005;neuquen;coparticipacion federal de impuestos ley 23548;coparticipacion federal de impuestos ley 23548;426,785
2005;neuquen;transferencia de servicios ley 24049;transferencia de servicios ley 24049;17,4
2005;neuquen;impuesto a las ganancias;obras de infraestructura basica social;21,9507
2005;neuquen;impuesto a las ganancias;excedente obras de caracter social a buenos aires;45,8931
2005;neuquen;impuesto a las ganancias;ley 24699;7,5564
2005;neuquen;impuesto sobre los bienes personales;ley 24699;16,695
2005;neuquen;impuesto sobre los bienes personales;ley 23966 art 30;1,0603
2005;neuquen;impuesto sobre los activos fondo educacion ley 23906;impuesto sobre los activos fondo educacion ley 23906;0,0189
2005;neuquen;i.v.a.ley 23966 art 5 punto 2;i.v.a.ley 23966 art 5 punto 2;2,2464
2005;neuquen;impuesto a los combustibles liquidos ley 23966 y 24699;obras de infraestructura;2,0857
2005;neuquen;impuesto a los combustibles liquidos ley 23966 y 24699;vialidad provincial;7,5033
2005;neuquen;impuesto a los combustibles liquidos ley 23966 y 24699;f.e.d.e.i.;2,9649
2005;neuquen;impuesto a los combustibles liquidos ley 23966 y 24699;ley 24464 fo.na.vi;25,1797
2005;neuquen;regimen de energia electrica ley 24065;fondo para compensaciones de tarifa electrica;5,1691
2005;neuquen;regimen de energia electrica ley 24065;f.e.d.e.i.;4,7123
2005;neuquen;fondo compensador de desequilibrios;fondo compensador de desequilibrios;30
2005;neuquen;regimen simplificado para pequeños contribuyentes ley 24977 art 59 inciso a;regimen simplificado para pequeños contribuyentes ley 24977 art 59 inciso a;3,8916
2005;rio negro;coparticipacion federal de impuestos ley 23548;coparticipacion federal de impuestos ley 23548;620,4626
2005;rio negro;transferencia de servicios ley 24049;transferencia de servicios ley 24049;14,6
2005;rio negro;impuesto a las ganancias;obras de infraestructura basica social;31,3717
2005;rio negro;impuesto a las ganancias;excedente obras de caracter social a buenos aires;66,7198
2005;rio negro;impuesto a las ganancias;ley 24699;10,9848
2005;rio negro;impuesto sobre los bienes personales;ley 24699;24,2713
2005;rio negro;impuesto sobre los activos fondo educacion ley 23906;impuesto sobre los activos fondo educacion ley 23906;0,0219
2005;rio negro;impuesto a los combustibles liquidos ley 23966 y 24699;obras de infraestructura;3,0322
2005;rio negro;impuesto a los combustibles liquidos ley 23966 y 24699;vialidad provincial;5,9052
2005;rio negro;impuesto a los combustibles liquidos ley 23966 y 24699;f.e.d.e.i.;2,7545
2005;rio negro;impuesto a los combustibles liquidos ley 23966 y 24699;ley 24464 fo.na.vi;26,3509
2005;rio negro;regimen de energia electrica ley 24065;fondo para compensaciones de tarifa electrica;4,6727
2005;rio negro;regimen de energia electrica ley 24065;f.e.d.e.i.;4,3783
2005;rio negro;fondo compensador de desequilibrios;fondo compensador de desequilibrios;30
2005;rio negro;regimen simplificado para pequeños contribuyentes ley 24977 art 59 inciso a;regimen simplificado para pequeños contribuyentes ley 24977 art 59 inciso a;5,6578
2005;salta;coparticipacion federal de impuestos ley 23548;coparticipacion federal de impuestos ley 23548;942,5349
2005;salta;transferencia de servicios ley 24049;transferencia de servicios ley 24049;39,8
2005;salta;impuesto a las ganancias;obras de infraestructura basica social;85,9064
2005;salta;impuesto a las ganancias;excedente obras de caracter social a buenos aires;101,3535
2005;salta;impuesto a las ganancias;ley 24699;16,6872
2005;salta;impuesto sobre los bienes personales;ley 24699;36,8701
2005;salta;impuesto sobre los activos fondo educacion ley 23906;impuesto sobre los activos fondo educacion ley 23906;0,0291
2005;salta;impuesto a los combustibles liquidos ley 23966 y 24699;obras de infraestructura;4,6062
2005;salta;impuesto a los combustibles liquidos ley 23966 y 24699;vialidad provincial;7,4469
2005;salta;impuesto a los combustibles liquidos ley 23966 y 24699;f.e.d.e.i.;2,8183
2005;salta;impuesto a los combustibles liquidos ley 23966 y 24699;ley 24464 fo.na.vi;23,423
2005;salta;regimen de energia electrica ley 24065;fondo para compensaciones de tarifa electrica;4,5116
2005;salta;regimen de energia electrica ley 24065;f.e.d.e.i.;4,4189
2005;salta;fondo compensador de desequilibrios;fondo compensador de desequilibrios;30
2005;salta;regimen simplificado para pequeños contribuyentes ley 24977 art 59 inciso a;regimen simplificado para pequeños contribuyentes ley 24977 art 59 inciso a;8,5946
2005;san juan;coparticipacion federal de impuestos ley 23548;coparticipacion federal de impuestos ley 23548;831,2305
2005;san juan;transferencia de servicios ley 24049;transferencia de servicios ley 24049;30,1
2005;san juan;impuesto a las ganancias;obras de infraestructura basica social;28,0119
2005;san juan;impuesto a las ganancias;excedente obras de caracter social a buenos aires;89,3829
2005;san juan;impuesto a las ganancias;ley 24699;14,7168
2005;san juan;impuesto sobre los bienes personales;ley 24699;32,5161
2005;san juan;impuesto sobre los activos fondo educacion ley 23906;impuesto sobre los activos fondo educacion ley 23906;0,0165
2005;san juan;impuesto a los combustibles liquidos ley 23966 y 24699;obras de infraestructura;4,0622
2005;san juan;impuesto a los combustibles liquidos ley 23966 y 24699;vialidad provincial;5,4038
2005;san juan;impuesto a los combustibles liquidos ley 23966 y 24699;f.e.d.e.i.;2,8744
2005;san juan;impuesto a los combustibles liquidos ley 23966 y 24699;ley 24464 fo.na.vi;21,3735
2005;san juan;regimen de energia electrica ley 24065;fondo para compensaciones de tarifa electrica;7,6759
2005;san juan;regimen de energia electrica ley 24065;f.e.d.e.i.;4,893
2005;san juan;fondo compensador de desequilibrios;fondo compensador de desequilibrios;26,4
2005;san juan;regimen simplificado para pequeños contribuyentes ley 24977 art 59 inciso a;regimen simplificado para pequeños contribuyentes ley 24977 art 59 inciso a;7,5797
2005;san luis;coparticipacion federal de impuestos ley 23548;coparticipacion federal de impuestos ley 23548;561,2582
2005;san luis;transferencia de servicios ley 24049;transferencia de servicios ley 24049;18,9
2005;san luis;impuesto a las ganancias;obras de infraestructura basica social;16,4667
2005;san luis;impuesto a las ganancias;excedente obras de caracter social a buenos aires;60,3528
2005;san luis;impuesto a las ganancias;ley 24699;9,9372
2005;san luis;impuesto sobre los bienes personales;ley 24699;21,9553
2005;san luis;impuesto sobre los activos fondo educacion ley 23906;impuesto sobre los activos fondo educacion ley 23906;0,0136
2005;san luis;impuesto a los combustibles liquidos ley 23966 y 24699;obras de infraestructura;2,7428
2005;san luis;impuesto a los combustibles liquidos ley 23966 y 24699;vialidad provincial;5,0364
2005;san luis;impuesto a los combustibles liquidos ley 23966 y 24699;f.e.d.e.i.;2,5565
2005;san luis;impuesto a los combustibles liquidos ley 23966 y 24699;ley 24464 fo.na.vi;21,3735
2005;san luis;regimen de energia electrica ley 24065;fondo para compensaciones de tarifa electrica;4,927
2005;san luis;regimen de energia electrica ley 24065;f.e.d.e.i.;4,0647
2005;san luis;fondo compensador de desequilibrios;fondo compensador de desequilibrios;26,4
2005;san luis;regimen simplificado para pequeños contribuyentes ley 24977 art 59 inciso a;regimen simplificado para pequeños contribuyentes ley 24977 art 59 inciso a;5,1178
2005;santa cruz;coparticipacion federal de impuestos ley 23548;coparticipacion federal de impuestos ley 23548;388,8942
2005;santa cruz;transferencia de servicios ley 24049;transferencia de servicios ley 24049;8,5
2005;santa cruz;impuesto a las ganancias;obras de infraestructura basica social;6,1652
2005;santa cruz;impuesto a las ganancias;excedente obras de caracter social a buenos aires;41,8186
2005;santa cruz;impuesto a las ganancias;ley 24699;6,8856
2005;santa cruz;impuesto sobre los bienes personales;ley 24699;15,2128
2005;santa cruz;impuesto sobre los bienes personales;ley 23966 art 30;1,3749
2005;santa cruz;impuesto sobre los activos fondo educacion ley 23906;impuesto sobre los activos fondo educacion ley 23906;0,0136
2005;santa cruz;i.v.a.ley 23966 art 5 punto 2;i.v.a.ley 23966 art 5 punto 2;2,9127
2005;santa cruz;impuesto a los combustibles liquidos ley 23966 y 24699;obras de infraestructura;1,9006
2005;santa cruz;impuesto a los combustibles liquidos ley 23966 y 24699;vialidad provincial;16,0729
2005;santa cruz;impuesto a los combustibles liquidos ley 23966 y 24699;f.e.d.e.i.;3,599
2005;santa cruz;impuesto a los combustibles liquidos ley 23966 y 24699;ley 24464 fo.na.vi;18,7384
2005;santa cruz;regimen de energia electrica ley 24065;fondo para compensaciones de tarifa electrica;5,2556
2005;santa cruz;regimen de energia electrica ley 24065;transferencia a empresas de energia electrica;31,592
2005;santa cruz;regimen de energia electrica ley 24065;f.e.d.e.i.;5,7201
2005;santa cruz;fondo compensador de desequilibrios;fondo compensador de desequilibrios;36
2005;santa cruz;regimen simplificado para pequeños contribuyentes ley 24977 art 59 inciso a;regimen simplificado para pequeños contribuyentes ley 24977 art 59 inciso a;3,5462
2005;santa fe;coparticipacion federal de impuestos ley 23548;coparticipacion federal de impuestos ley 23548;2197,6692
2005;santa fe;transferencia de servicios ley 24049;transferencia de servicios ley 24049;135,489
2005;santa fe;impuesto a las ganancias;obras de infraestructura basica social;132,1109
2005;santa fe;impuesto a las ganancias;excedente obras de caracter social a buenos aires;236,3178
2005;santa fe;impuesto a las ganancias;ley 24699;38,91
2005;santa fe;impuesto sobre los bienes personales;ley 24699;85,9685
2005;santa fe;impuesto sobre los bienes personales;ley 23966 art 30;18,5425
2005;santa fe;impuesto sobre los activos fondo educacion ley 23906;impuesto sobre los activos fondo educacion ley 23906;0,0552
2005;santa fe;i.v.a.ley 23966 art 5 punto 2;i.v.a.ley 23966 art 5 punto 2;39,2826
2005;santa fe;impuesto a los combustibles liquidos ley 23966 y 24699;obras de infraestructura;37,1298
2005;santa fe;impuesto a los combustibles liquidos ley 23966 y 24699;vialidad provincial;19,7908
2005;santa fe;impuesto a los combustibles liquidos ley 23966 y 24699;f.e.d.e.i.;2,2665
2005;santa fe;impuesto a los combustibles liquidos ley 23966 y 24699;ley 24464 fo.na.vi;33,085
2005;santa fe;regimen de energia electrica ley 24065;fondo para compensaciones de tarifa electrica;3,7118
2005;santa fe;regimen de energia electrica ley 24065;f.e.d.e.i.;3,6037
2005;santa fe;fondo compensador de desequilibrios;fondo compensador de desequilibrios;6
2005;santa fe;regimen simplificado para pequeños contribuyentes ley 24977 art 59 inciso a;regimen simplificado para pequeños contribuyentes ley 24977 art 59 inciso a;20,0396
2005;sgo. del estero;coparticipacion federal de impuestos ley 23548;coparticipacion federal de impuestos ley 23548;1015,9484
2005;sgo. del estero;transferencia de servicios ley 24049;transferencia de servicios ley 24049;31,6
2005;sgo. del estero;impuesto a las ganancias;obras de infraestructura basica social;68,7263
2005;sgo. del estero;impuesto a las ganancias;excedente obras de caracter social a buenos aires;109,2474
2005;sgo. del estero;impuesto a las ganancias;ley 24699;17,9879
2005;sgo. del estero;impuesto sobre los bienes personales;ley 24699;39,7419
2005;sgo. del estero;impuesto sobre los activos fondo educacion ley 23906;impuesto sobre los activos fondo educacion ley 23906;0,0274
2005;sgo. del estero;impuesto a los combustibles liquidos ley 23966 y 24699;obras de infraestructura;4,965
2005;sgo. del estero;impuesto a los combustibles liquidos ley 23966 y 24699;vialidad provincial;6,1797
2005;sgo. del estero;impuesto a los combustibles liquidos ley 23966 y 24699;f.e.d.e.i.;3,022
2005;sgo. del estero;impuesto a los combustibles liquidos ley 23966 y 24699;ley 24464 fo.na.vi;25,1797
2005;sgo. del estero;regimen de energia electrica ley 24065;fondo para compensaciones de tarifa electrica;3,9609
2005;sgo. del estero;regimen de energia electrica ley 24065;f.e.d.e.i.;4,8027
2005;sgo. del estero;fondo compensador de desequilibrios;fondo compensador de desequilibrios;26,4
2005;sgo. del estero;regimen simplificado para pequeños contribuyentes ley 24977 art 59 inciso a;regimen simplificado para pequeños contribuyentes ley 24977 art 59 inciso a;9,264
2005;tucuman;coparticipacion federal de impuestos ley 23548;coparticipacion federal de impuestos ley 23548;1169,8799
2005;tucuman;transferencia de servicios ley 24049;transferencia de servicios ley 24049;55,8
2005;tucuman;impuesto a las ganancias;obras de infraestructura basica social;84,9074
2005;tucuman;impuesto a las ganancias;excedente obras de caracter social a buenos aires;125,7987
2005;tucuman;impuesto a las ganancias;ley 24699;20,7132
2005;tucuman;impuesto sobre los bienes personales;ley 24699;45,7634
2005;tucuman;impuesto sobre los activos fondo educacion ley 23906;impuesto sobre los activos fondo educacion ley 23906;0,0249
2005;tucuman;impuesto a los combustibles liquidos ley 23966 y 24699;obras de infraestructura;5,7172
2005;tucuman;impuesto a los combustibles liquidos ley 23966 y 24699;vialidad provincial;9,2914
2005;tucuman;impuesto a los combustibles liquidos ley 23966 y 24699;f.e.d.e.i.;2,3276
2005;tucuman;impuesto a los combustibles liquidos ley 23966 y 24699;ley 24464 fo.na.vi;24,5942
2005;tucuman;regimen de energia electrica ley 24065;fondo para compensaciones de tarifa electrica;3,167
2005;tucuman;regimen de energia electrica ley 24065;f.e.d.e.i.;3,6966
2005;tucuman;fondo compensador de desequilibrios;fondo compensador de desequilibrios;26,4
2005;tucuman;regimen simplificado para pequeños contribuyentes ley 24977 art 59 inciso a;regimen simplificado para pequeños contribuyentes ley 24977 art 59 inciso a;10,6677
2005;tierra del fuego;coparticipacion federal de impuestos ley 23548;coparticipacion federal de impuestos ley 23548;307,2887
2005;tierra del fuego;transferencia de servicios ley 24049;transferencia de servicios ley 24049;12
2005;tierra del fuego;impuesto a las ganancias;obras de infraestructura basica social;4,0083
2005;tierra del fuego;impuesto a las ganancias;excedente obras de caracter social a buenos aires;32,6132
2005;tierra del fuego;impuesto a las ganancias;ley 24699;5,37
2005;tierra del fuego;impuesto sobre los bienes personales;ley 24699;11,8637
2005;tierra del fuego;impuesto sobre los bienes personales;ley 23966 art 30;0,122
2005;tierra del fuego;impuesto sobre los activos fondo educacion ley 23906;impuesto sobre los activos fondo educacion ley 23906;0,0065
2005;tierra del fuego;i.v.a.ley 23966 art 5 punto 2;i.v.a.ley 23966 art 5 punto 2;0,2584
2005;tierra del fuego;impuesto a los combustibles liquidos ley 23966 y 24699;obras de infraestructura;1,4822
2005;tierra del fuego;impuesto a los combustibles liquidos ley 23966 y 24699;vialidad provincial;3,9729
2005;tierra del fuego;impuesto a los combustibles liquidos ley 23966 y 24699;f.e.d.e.i.;2,6464
2005;tierra del fuego;impuesto a los combustibles liquidos ley 23966 y 24699;ley 24464 fo.na.vi;15,5177
2005;tierra del fuego;regimen de energia electrica ley 24065;fondo para compensaciones de tarifa electrica;3,9223
2005;tierra del fuego;regimen de energia electrica ley 24065;f.e.d.e.i.;4,2064
2005;tierra del fuego;fondo compensador de desequilibrios;fondo compensador de desequilibrios;36
2005;tierra del fuego;regimen simplificado para pequeños contribuyentes ley 24977 art 59 inciso a;regimen simplificado para pequeños contribuyentes ley 24977 art 59 inciso a;2,7655
2005;c.a.b.a;coparticipacion federal de impuestos ley 23548;coparticipacion federal de impuestos ley 23548;638,5745
2005;c.a.b.a;impuesto sobre los activos fondo educacion ley 23906;impuesto sobre los activos fondo educacion ley 23906;0,0237
2005;c.a.b.a;impuesto a los combustibles liquidos ley 23966 y 24699;ley 24464 fo.na.vi;7,6125
2005;tesoro nacional;coparticipacion federal de impuestos ley 23548;coparticipacion federal de impuestos ley 23548;18354,4564
2005;tesoro nacional;impuesto sobre los bienes personales;ley 24699;705,7197
2005;tesoro nacional;impuesto sobre los activos fondo educacion ley 23906;impuesto sobre los activos fondo educacion ley 23906;0,3581
2005;tesoro nacional;impuesto a los combustibles liquidos ley 23966 y 24699;vialidad provincial;404,8316
2005;seguridad social;coparticipacion federal de impuestos ley 23548;coparticipacion federal de impuestos ley 23548;8146,247
2005;seguridad social;impuesto a las ganancias;obras de infraestructura basica social;5483,3195
2005;seguridad social;impuesto a las ganancias;ley 24699;120
2005;seguridad social;i.v.a.ley 23966 art 5 punto 2;i.v.a.ley 23966 art 5 punto 2;3590,4999
2005;seguridad social;regimen simplificado para pequeños contribuyentes ley 24977 art 59 inciso a;regimen simplificado para pequeños contribuyentes ley 24977 art 59 inciso a;528,7569
2005;fondo a.t.n.;coparticipacion federal de impuestos ley 23548;coparticipacion federal de impuestos ley 23548;456,1247
2005;fondo a.t.n.;impuesto a las ganancias;obras de infraestructura basica social;548,3319
2005;fondo a.t.n.;impuesto a las ganancias;ley 24699;20
2005;fondo a.t.n.;impuesto sobre los bienes personales;ley 24699;16,9481
2006;buenos aires;coparticipacion federal de impuestos neta ley 26075;coparticipacion federal de impuestos neta ley 26075;6474,5877
2006;buenos aires;financiamiento educativo ley 26075;financiamiento educativo ley 26075;307,8943
2006;buenos aires;transferencia de servicios ley 24049;transferencia de servicios ley 24049;443,76
2006;buenos aires;impuesto a las ganancias;obras de infraestructura basica social;650
2006;buenos aires;impuesto a las ganancias;ley 24699;95,6087
2006;buenos aires;impuesto sobre los bienes personales;ley 24699;242,0042
2006;buenos aires;impuesto sobre los bienes personales;ley 23966 art 30;57,6141
2006;buenos aires;impuesto sobre los activos fondo educacion ley 23906;impuesto sobre los activos fondo educacion ley 23906;0,4902
2006;buenos aires;i.v.a.ley 23966 art 5 punto 2;i.v.a.ley 23966 art 5 punto 2;136,8508
2006;buenos aires;impuesto a los combustibles liquidos ley 23966 y 24699;obras de infraestructura;0,1264
2006;buenos aires;impuesto a los combustibles liquidos ley 23966 y 24699;vialidad provincial;66,5442
2006;buenos aires;impuesto a los combustibles liquidos ley 23966 y 24699;f.e.d.e.i.;2,5173
2006;buenos aires;impuesto a los combustibles liquidos ley 23966 y 24699;ley 24464 fo.na.vi;98,4925
2006;buenos aires;regimen de energia electrica ley 24065;fondo para compensaciones de tarifa electrica;15,8454
2006;buenos aires;regimen de energia electrica ley 24065;f.e.d.e.i.;6,263
2006;buenos aires;regimen simplificado para pequeños contribuyentes ley 24977 art 59 inciso a;regimen simplificado para pequeños contribuyentes ley 24977 art 59 inciso a;56,6577
2006;catamarca;coparticipacion federal de impuestos neta ley 26075;coparticipacion federal de impuestos neta ley 26075;833,9433
2006;catamarca;financiamiento educativo ley 26075;financiamiento educativo ley 26075;16,749
2006;catamarca;transferencia de servicios ley 24049;transferencia de servicios ley 24049;21,4
2006;catamarca;impuesto a las ganancias;obras de infraestructura basica social;23,7753
2006;catamarca;impuesto a las ganancias;excedente obras de caracter social a buenos aires;92,2848
2006;catamarca;impuesto a las ganancias;ley 24699;11,9916
2006;catamarca;impuesto sobre los bienes personales;ley 24699;30,3534
2006;catamarca;impuesto sobre los activos fondo educacion ley 23906;impuesto sobre los activos fondo educacion ley 23906;0,0367
2006;catamarca;impuesto a los combustibles liquidos ley 23966 y 24699;obras de infraestructura;3,7787
2006;catamarca;impuesto a los combustibles liquidos ley 23966 y 24699;vialidad provincial;5,7499
2006;catamarca;impuesto a los combustibles liquidos ley 23966 y 24699;f.e.d.e.i.;2,4837
2006;catamarca;impuesto a los combustibles liquidos ley 23966 y 24699;ley 24464 fo.na.vi;14,2644
2006;catamarca;regimen de energia electrica ley 24065;fondo para compensaciones de tarifa electrica;9,8212
2006;catamarca;regimen de energia electrica ley 24065;f.e.d.e.i.;7,8061
2006;catamarca;fondo compensador de desequilibrios;fondo compensador de desequilibrios;26,4
2006;catamarca;regimen simplificado para pequeños contribuyentes ley 24977 art 59 inciso a;regimen simplificado para pequeños contribuyentes ley 24977 art 59 inciso a;7,1064
2006;cordoba;coparticipacion federal de impuestos neta ley 26075;coparticipacion federal de impuestos neta ley 26075;2670,6603
2006;cordoba;financiamiento educativo ley 26075;financiamiento educativo ley 26075;71,7814
2006;cordoba;transferencia de servicios ley 24049;transferencia de servicios ley 24049;125,3
2006;cordoba;impuesto a las ganancias;obras de infraestructura basica social;132,0499
2006;cordoba;impuesto a las ganancias;excedente obras de caracter social a buenos aires;297,5005
2006;cordoba;impuesto a las ganancias;ley 24699;38,658
2006;cordoba;impuesto sobre los bienes personales;ley 24699;97,8525
2006;cordoba;impuesto sobre los bienes personales;ley 23966 art 30;19,6755
2006;cordoba;impuesto sobre los activos fondo educacion ley 23906;impuesto sobre los activos fondo educacion ley 23906;0,1357
2006;cordoba;i.v.a.ley 23966 art 5 punto 2;i.v.a.ley 23966 art 5 punto 2;46,7351
2006;cordoba;impuesto a los combustibles liquidos ley 23966 y 24699;obras de infraestructura;12,1814
2006;cordoba;impuesto a los combustibles liquidos ley 23966 y 24699;vialidad provincial;21,6604
2006;cordoba;impuesto a los combustibles liquidos ley 23966 y 24699;f.e.d.e.i.;1,6457
2006;cordoba;impuesto a los combustibles liquidos ley 23966 y 24699;ley 24464 fo.na.vi;38,3781
2006;cordoba;regimen de energia electrica ley 24065;fondo para compensaciones de tarifa electrica;7,083
2006;cordoba;regimen de energia electrica ley 24065;f.e.d.e.i.;5,1766
2006;cordoba;fondo compensador de desequilibrios;fondo compensador de desequilibrios;6
2006;cordoba;regimen simplificado para pequeños contribuyentes ley 24977 art 59 inciso a;regimen simplificado para pequeños contribuyentes ley 24977 art 59 inciso a;22,9092
2006;corrientes;coparticipacion federal de impuestos neta ley 26075;coparticipacion federal de impuestos neta ley 26075;1116,6491
2006;corrientes;financiamiento educativo ley 26075;financiamiento educativo ley 26075;31,4881
2006;corrientes;transferencia de servicios ley 24049;transferencia de servicios ley 24049;38,6
2006;corrientes;impuesto a las ganancias;obras de infraestructura basica social;85,4048
2006;corrientes;impuesto a las ganancias;excedente obras de caracter social a buenos aires;124,5526
2006;corrientes;impuesto a las ganancias;ley 24699;16,1844
2006;corrientes;impuesto sobre los bienes personales;ley 24699;40,9664
2006;corrientes;impuesto sobre los bienes personales;ley 23966 art 30;6,2913
2006;corrientes;impuesto sobre los activos fondo educacion ley 23906;impuesto sobre los activos fondo educacion ley 23906;0,0609
2006;corrientes;i.v.a.ley 23966 art 5 punto 2;i.v.a.ley 23966 art 5 punto 2;14,9437
2006;corrientes;impuesto a los combustibles liquidos ley 23966 y 24699;obras de infraestructura;5,0998
2006;corrientes;impuesto a los combustibles liquidos ley 23966 y 24699;vialidad provincial;7,8686
2006;corrientes;impuesto a los combustibles liquidos ley 23966 y 24699;f.e.d.e.i.;2,0838
2006;corrientes;impuesto a los combustibles liquidos ley 23966 y 24699;ley 24464 fo.na.vi;33,6233
2006;corrientes;regimen de energia electrica ley 24065;fondo para compensaciones de tarifa electrica;9,0799
2006;corrientes;regimen de energia electrica ley 24065;f.e.d.e.i.;6,554
2006;corrientes;fondo compensador de desequilibrios;fondo compensador de desequilibrios;18
2006;corrientes;regimen simplificado para pequeños contribuyentes ley 24977 art 59 inciso a;regimen simplificado para pequeños contribuyentes ley 24977 art 59 inciso a;9,5911
2006;chaco;coparticipacion federal de impuestos neta ley 26075;coparticipacion federal de impuestos neta ley 26075;1506,3094
2006;chaco;financiamiento educativo ley 26075;financiamiento educativo ley 26075;34,4551
2006;chaco;transferencia de servicios ley 24049;transferencia de servicios ley 24049;33,6
2006;chaco;impuesto a las ganancias;obras de infraestructura basica social;107,2975
2006;chaco;impuesto a las ganancias;excedente obras de caracter social a buenos aires;167,1436
2006;chaco;impuesto a las ganancias;ley 24699;21,7188
2006;chaco;impuesto sobre los bienes personales;ley 24699;54,9757
2006;chaco;impuesto sobre los bienes personales;ley 23966 art 30;4,946
2006;chaco;impuesto sobre los activos fondo educacion ley 23906;impuesto sobre los activos fondo educacion ley 23906;0,0795
2006;chaco;i.v.a.ley 23966 art 5 punto 2;i.v.a.ley 23966 art 5 punto 2;11,7483
2006;chaco;impuesto a los combustibles liquidos ley 23966 y 24699;obras de infraestructura;6,8438
2006;chaco;impuesto a los combustibles liquidos ley 23966 y 24699;vialidad provincial;8,821
2006;chaco;impuesto a los combustibles liquidos ley 23966 y 24699;f.e.d.e.i.;2,2132
2006;chaco;impuesto a los combustibles liquidos ley 23966 y 24699;ley 24464 fo.na.vi;31,2459
2006;chaco;regimen de energia electrica ley 24065;fondo para compensaciones de tarifa electrica;10,3271
2006;chaco;regimen de energia electrica ley 24065;f.e.d.e.i.;6,9609
2006;chaco;fondo compensador de desequilibrios;fondo compensador de desequilibrios;6
2006;chaco;regimen simplificado para pequeños contribuyentes ley 24977 art 59 inciso a;regimen simplificado para pequeños contribuyentes ley 24977 art 59 inciso a;12,871
2006;chubut;coparticipacion federal de impuestos neta ley 26075;coparticipacion federal de impuestos neta ley 26075;474,4804
2006;chubut;financiamiento educativo ley 26075;financiamiento educativo ley 26075;13,9734
2006;chubut;transferencia de servicios ley 24049;transferencia de servicios ley 24049;24,2
2006;chubut;impuesto a las ganancias;obras de infraestructura basica social;22,2465
2006;chubut;impuesto a las ganancias;excedente obras de caracter social a buenos aires;52,9882
2006;chubut;impuesto a las ganancias;ley 24699;6,8856
2006;chubut;impuesto sobre los bienes personales;ley 24699;17,4284
2006;chubut;impuesto sobre los bienes personales;ley 23966 art 30;1,9348
2006;chubut;impuesto sobre los activos fondo educacion ley 23906;impuesto sobre los activos fondo educacion ley 23906;0,0367
2006;chubut;i.v.a.ley 23966 art 5 punto 2;i.v.a.ley 23966 art 5 punto 2;4,5957
2006;chubut;impuesto a los combustibles liquidos ley 23966 y 24699;obras de infraestructura;2,1697
2006;chubut;impuesto a los combustibles liquidos ley 23966 y 24699;vialidad provincial;8,6283
2006;chubut;impuesto a los combustibles liquidos ley 23966 y 24699;f.e.d.e.i.;2,3206
2006;chubut;impuesto a los combustibles liquidos ley 23966 y 24699;ley 24464 fo.na.vi;21,7363
2006;chubut;regimen de energia electrica ley 24065;fondo para compensaciones de tarifa electrica;13,7522
2006;chubut;regimen de energia electrica ley 24065;f.e.d.e.i.;7,2042
2006;chubut;fondo compensador de desequilibrios;fondo compensador de desequilibrios;36
2006;chubut;regimen simplificado para pequeños contribuyentes ley 24977 art 59 inciso a;regimen simplificado para pequeños contribuyentes ley 24977 art 59 inciso a;4,0804
2006;entre rios;coparticipacion federal de impuestos neta ley 26075;coparticipacion federal de impuestos neta ley 26075;1476,1746
2006;entre rios;financiamiento educativo ley 26075;financiamiento educativo ley 26075;31,8709
2006;entre rios;transferencia de servicios ley 24049;transferencia de servicios ley 24049;67,5
2006;entre rios;impuesto a las ganancias;obras de infraestructura basica social;67,3954
2006;entre rios;impuesto a las ganancias;excedente obras de caracter social a buenos aires;163,5948
2006;entre rios;impuesto a las ganancias;ley 24699;21,258
2006;entre rios;impuesto sobre los bienes personales;ley 24699;53,8082
2006;entre rios;impuesto sobre los bienes personales;ley 23966 art 30;8,5387
2006;entre rios;impuesto sobre los activos fondo educacion ley 23906;impuesto sobre los activos fondo educacion ley 23906;0,063
2006;entre rios;i.v.a.ley 23966 art 5 punto 2;i.v.a.ley 23966 art 5 punto 2;20,282
2006;entre rios;impuesto a los combustibles liquidos ley 23966 y 24699;obras de infraestructura;6,6984
2006;entre rios;impuesto a los combustibles liquidos ley 23966 y 24699;vialidad provincial;10,7366
2006;entre rios;impuesto a los combustibles liquidos ley 23966 y 24699;f.e.d.e.i.;1,9047
2006;entre rios;impuesto a los combustibles liquidos ley 23966 y 24699;ley 24464 fo.na.vi;26,4911
2006;entre rios;regimen de energia electrica ley 24065;fondo para compensaciones de tarifa electrica;9,629
2006;entre rios;regimen de energia electrica ley 24065;f.e.d.e.i.;5,978
2006;entre rios;fondo compensador de desequilibrios;fondo compensador de desequilibrios;21,6
2006;entre rios;regimen simplificado para pequeños contribuyentes ley 24977 art 59 inciso a;regimen simplificado para pequeños contribuyentes ley 24977 art 59 inciso a;12,5975
2006;formosa;coparticipacion federal de impuestos neta ley 26075;coparticipacion federal de impuestos neta ley 26075;1103,2857
2006;formosa;financiamiento educativo ley 26075;financiamiento educativo ley 26075;21,0559
2006;formosa;transferencia de servicios ley 24049;transferencia de servicios ley 24049;20,7
2006;formosa;impuesto a las ganancias;obras de infraestructura basica social;52,8673
2006;formosa;impuesto a las ganancias;excedente obras de caracter social a buenos aires;121,9712
2006;formosa;impuesto a las ganancias;ley 24699;15,8495
2006;formosa;impuesto sobre los bienes personales;ley 24699;40,1174
2006;formosa;impuesto sobre los bienes personales;ley 23966 art 30;2,304
2006;formosa;impuesto sobre los activos fondo educacion ley 23906;impuesto sobre los activos fondo educacion ley 23906;0,0429
2006;formosa;i.v.a.ley 23966 art 5 punto 2;i.v.a.ley 23966 art 5 punto 2;5,4726
2006;formosa;impuesto a los combustibles liquidos ley 23966 y 24699;obras de infraestructura;4,9942
2006;formosa;impuesto a los combustibles liquidos ley 23966 y 24699;vialidad provincial;5,9578
2006;formosa;impuesto a los combustibles liquidos ley 23966 y 24699;f.e.d.e.i.;2,5575
2006;formosa;impuesto a los combustibles liquidos ley 23966 y 24699;ley 24464 fo.na.vi;27,1703
2006;formosa;regimen de energia electrica ley 24065;fondo para compensaciones de tarifa electrica;10,8793
2006;formosa;regimen de energia electrica ley 24065;f.e.d.e.i.;8,0437
2006;formosa;fondo compensador de desequilibrios;fondo compensador de desequilibrios;26,4
2006;formosa;regimen simplificado para pequeños contribuyentes ley 24977 art 59 inciso a;regimen simplificado para pequeños contribuyentes ley 24977 art 59 inciso a;9,3924
2006;jujuy;coparticipacion federal de impuestos neta ley 26075;coparticipacion federal de impuestos neta ley 26075;856,0237
2006;jujuy;financiamiento educativo ley 26075;financiamiento educativo ley 26075;21,4387
2006;jujuy;transferencia de servicios ley 24049;transferencia de servicios ley 24049;33,3
2006;jujuy;impuesto a las ganancias;obras de infraestructura basica social;58,3169
2006;jujuy;impuesto a las ganancias;excedente obras de caracter social a buenos aires;95,1896
2006;jujuy;impuesto a las ganancias;ley 24699;12,3695
2006;jujuy;impuesto sobre los bienes personales;ley 24699;31,3085
2006;jujuy;impuesto sobre los activos fondo educacion ley 23906;impuesto sobre los activos fondo educacion ley 23906;0,039
2006;jujuy;impuesto a los combustibles liquidos ley 23966 y 24699;obras de infraestructura;3,8975
2006;jujuy;impuesto a los combustibles liquidos ley 23966 y 24699;vialidad provincial;5,8351
2006;jujuy;impuesto a los combustibles liquidos ley 23966 y 24699;f.e.d.e.i.;2,0638
2006;jujuy;impuesto a los combustibles liquidos ley 23966 y 24699;ley 24464 fo.na.vi;20,3777
2006;jujuy;regimen de energia electrica ley 24065;fondo para compensaciones de tarifa electrica;9,9814
2006;jujuy;regimen de energia electrica ley 24065;f.e.d.e.i.;6,4909
2006;jujuy;fondo compensador de desequilibrios;fondo compensador de desequilibrios;26,4
2006;jujuy;regimen simplificado para pequeños contribuyentes ley 24977 art 59 inciso a;regimen simplificado para pequeños contribuyentes ley 24977 art 59 inciso a;7,3299
2006;la pampa;coparticipacion federal de impuestos neta ley 26075;coparticipacion federal de impuestos neta ley 26075;569,2024
2006;la pampa;financiamiento educativo ley 26075;financiamiento educativo ley 26075;10,8151
2006;la pampa;transferencia de servicios ley 24049;transferencia de servicios ley 24049;19,2
2006;la pampa;impuesto a las ganancias;obras de infraestructura basica social;10,5415
2006;la pampa;impuesto a las ganancias;excedente obras de caracter social a buenos aires;62,9217
2006;la pampa;impuesto a las ganancias;ley 24699;8,1756
2006;la pampa;impuesto sobre los bienes personales;ley 24699;20,6955
2006;la pampa;impuesto sobre los bienes personales;ley 23966 art 30;1,6667
2006;la pampa;impuesto sobre los activos fondo educacion ley 23906;impuesto sobre los activos fondo educacion ley 23906;0,0324
2006;la pampa;i.v.a.ley 23966 art 5 punto 2;i.v.a.ley 23966 art 5 punto 2;3,959
2006;la pampa;impuesto a los combustibles liquidos ley 23966 y 24699;obras de infraestructura;2,5763
2006;la pampa;impuesto a los combustibles liquidos ley 23966 y 24699;vialidad provincial;7,3665
2006;la pampa;impuesto a los combustibles liquidos ley 23966 y 24699;f.e.d.e.i.;1,8317
2006;la pampa;impuesto a los combustibles liquidos ley 23966 y 24699;ley 24464 fo.na.vi;13,5852
2006;la pampa;regimen de energia electrica ley 24065;fondo para compensaciones de tarifa electrica;14,2872
2006;la pampa;regimen de energia electrica ley 24065;f.e.d.e.i.;5,7618
2006;la pampa;fondo compensador de desequilibrios;fondo compensador de desequilibrios;30
2006;la pampa;regimen simplificado para pequeños contribuyentes ley 24977 art 59 inciso a;regimen simplificado para pequeños contribuyentes ley 24977 art 59 inciso a;4,8452
2006;la rioja;coparticipacion federal de impuestos neta ley 26075;coparticipacion federal de impuestos neta ley 26075;625,9159
2006;la rioja;financiamiento educativo ley 26075;financiamiento educativo ley 26075;13,5906
2006;la rioja;transferencia de servicios ley 24049;transferencia de servicios ley 24049;20,3
2006;la rioja;impuesto a las ganancias;obras de infraestructura basica social;19,4672
2006;la rioja;impuesto a las ganancias;excedente obras de caracter social a buenos aires;69,3753
2006;la rioja;impuesto a las ganancias;ley 24699;9,0144
2006;la rioja;impuesto sobre los bienes personales;ley 24699;22,8181
2006;la rioja;impuesto sobre los activos fondo educacion ley 23906;impuesto sobre los activos fondo educacion ley 23906;0,0315
2006;la rioja;impuesto a los combustibles liquidos ley 23966 y 24699;obras de infraestructura;2,8406
2006;la rioja;impuesto a los combustibles liquidos ley 23966 y 24699;vialidad provincial;6,9444
2006;la rioja;impuesto a los combustibles liquidos ley 23966 y 24699;f.e.d.e.i.;2,4137
2006;la rioja;impuesto a los combustibles liquidos ley 23966 y 24699;ley 24464 fo.na.vi;13,5852
2006;la rioja;regimen de energia electrica ley 24065;fondo para compensaciones de tarifa electrica;9,3019
2006;la rioja;regimen de energia electrica ley 24065;f.e.d.e.i.;7,5917
2006;la rioja;fondo compensador de desequilibrios;fondo compensador de desequilibrios;26,4
2006;la rioja;regimen simplificado para pequeños contribuyentes ley 24977 art 59 inciso a;regimen simplificado para pequeños contribuyentes ley 24977 art 59 inciso a;5,3422
2006;mendoza;coparticipacion federal de impuestos neta ley 26075;coparticipacion federal de impuestos neta ley 26075;1245,4417
2006;mendoza;financiamiento educativo ley 26075;financiamiento educativo ley 26075;42,4946
2006;mendoza;transferencia de servicios ley 24049;transferencia de servicios ley 24049;61,7
2006;mendoza;impuesto a las ganancias;obras de infraestructura basica social;80,144
2006;mendoza;impuesto a las ganancias;excedente obras de caracter social a buenos aires;139,7179
2006;mendoza;impuesto a las ganancias;ley 24699;18,1548
2006;mendoza;impuesto sobre los bienes personales;ley 24699;45,9546
2006;mendoza;impuesto sobre los activos fondo educacion ley 23906;impuesto sobre los activos fondo educacion ley 23906;0,0669
2006;mendoza;impuesto a los combustibles liquidos ley 23966 y 24699;obras de infraestructura;5,7208
2006;mendoza;impuesto a los combustibles liquidos ley 23966 y 24699;vialidad provincial;11,3659
2006;mendoza;impuesto a los combustibles liquidos ley 23966 y 24699;f.e.d.e.i.;1,8735
2006;mendoza;impuesto a los combustibles liquidos ley 23966 y 24699;ley 24464 fo.na.vi;27,1703
2006;mendoza;regimen de energia electrica ley 24065;fondo para compensaciones de tarifa electrica;15,6889
2006;mendoza;regimen de energia electrica ley 24065;f.e.d.e.i.;5,8927
2006;mendoza;fondo compensador de desequilibrios;fondo compensador de desequilibrios;26,4
2006;mendoza;regimen simplificado para pequeños contribuyentes ley 24977 art 59 inciso a;regimen simplificado para pequeños contribuyentes ley 24977 art 59 inciso a;10,7589
2006;misiones;coparticipacion federal de impuestos neta ley 26075;coparticipacion federal de impuestos neta ley 26075;982,7182
2006;misiones;financiamiento educativo ley 26075;financiamiento educativo ley 26075;37,5177
2006;misiones;transferencia de servicios ley 24049;transferencia de servicios ley 24049;34,1
2006;misiones;impuesto a las ganancias;obras de infraestructura basica social;86,1327
2006;misiones;impuesto a las ganancias;excedente obras de caracter social a buenos aires;110,6755
2006;misiones;impuesto a las ganancias;ley 24699;14,382
2006;misiones;impuesto sobre los bienes personales;ley 24699;36,4028
2006;misiones;impuesto sobre los bienes personales;ley 23966 art 30;2,7011
2006;misiones;impuesto sobre los activos fondo educacion ley 23906;impuesto sobre los activos fondo educacion ley 23906;0,0498
2006;misiones;i.v.a.ley 23966 art 5 punto 2;i.v.a.ley 23966 art 5 punto 2;6,416
2006;misiones;impuesto a los combustibles liquidos ley 23966 y 24699;obras de infraestructura;4,5316
2006;misiones;impuesto a los combustibles liquidos ley 23966 y 24699;vialidad provincial;12,3613
2006;misiones;impuesto a los combustibles liquidos ley 23966 y 24699;f.e.d.e.i.;2,6313
2006;misiones;impuesto a los combustibles liquidos ley 23966 y 24699;ley 24464 fo.na.vi;31,9251
2006;misiones;regimen de energia electrica ley 24065;fondo para compensaciones de tarifa electrica;12,6706
2006;misiones;regimen de energia electrica ley 24065;f.e.d.e.i.;9,7073
2006;misiones;fondo compensador de desequilibrios;fondo compensador de desequilibrios;26,4
2006;misiones;regimen simplificado para pequeños contribuyentes ley 24977 art 59 inciso a;regimen simplificado para pequeños contribuyentes ley 24977 art 59 inciso a;8,5225
2006;neuquen;coparticipacion federal de impuestos neta ley 26075;coparticipacion federal de impuestos neta ley 26075;519,966
2006;neuquen;financiamiento educativo ley 26075;financiamiento educativo ley 26075;16,079
2006;neuquen;transferencia de servicios ley 24049;transferencia de servicios ley 24049;17,4
2006;neuquen;impuesto a las ganancias;obras de infraestructura basica social;26,442
2006;neuquen;impuesto a las ganancias;excedente obras de caracter social a buenos aires;58,1511
2006;neuquen;impuesto a las ganancias;ley 24699;7,5564
2006;neuquen;impuesto sobre los bienes personales;ley 24699;19,1265
2006;neuquen;impuesto sobre los bienes personales;ley 23966 art 30;1,2148
2006;neuquen;impuesto sobre los activos fondo educacion ley 23906;impuesto sobre los activos fondo educacion ley 23906;0,0441
2006;neuquen;i.v.a.ley 23966 art 5 punto 2;i.v.a.ley 23966 art 5 punto 2;2,8855
2006;neuquen;impuesto a los combustibles liquidos ley 23966 y 24699;obras de infraestructura;2,381
2006;neuquen;impuesto a los combustibles liquidos ley 23966 y 24699;vialidad provincial;8,815
2006;neuquen;impuesto a los combustibles liquidos ley 23966 y 24699;f.e.d.e.i.;2,1521
2006;neuquen;impuesto a los combustibles liquidos ley 23966 y 24699;ley 24464 fo.na.vi;29,2081
2006;neuquen;regimen de energia electrica ley 24065;fondo para compensaciones de tarifa electrica;8,4156
2006;neuquen;regimen de energia electrica ley 24065;f.e.d.e.i.;6,7687
2006;neuquen;fondo compensador de desequilibrios;fondo compensador de desequilibrios;30
2006;neuquen;regimen simplificado para pequeños contribuyentes ley 24977 art 59 inciso a;regimen simplificado para pequeños contribuyentes ley 24977 art 59 inciso a;4,4778
2006;rio negro;coparticipacion federal de impuestos neta ley 26075;coparticipacion federal de impuestos neta ley 26075;760,7381
2006;rio negro;financiamiento educativo ley 26075;financiamiento educativo ley 26075;18,5675
2006;rio negro;transferencia de servicios ley 24049;transferencia de servicios ley 24049;14,6
2006;rio negro;impuesto a las ganancias;obras de infraestructura basica social;34,2242
2006;rio negro;impuesto a las ganancias;excedente obras de caracter social a buenos aires;84,5405
2006;rio negro;impuesto a las ganancias;ley 24699;10,9848
2006;rio negro;impuesto sobre los bienes personales;ley 24699;27,8062
2006;rio negro;impuesto sobre los activos fondo educacion ley 23906;impuesto sobre los activos fondo educacion ley 23906;0,0511
2006;rio negro;impuesto a los combustibles liquidos ley 23966 y 24699;obras de infraestructura;3,4616
2006;rio negro;impuesto a los combustibles liquidos ley 23966 y 24699;vialidad provincial;7,2286
2006;rio negro;impuesto a los combustibles liquidos ley 23966 y 24699;f.e.d.e.i.;1,9996
2006;rio negro;impuesto a los combustibles liquidos ley 23966 y 24699;ley 24464 fo.na.vi;30,5666
2006;rio negro;regimen de energia electrica ley 24065;fondo para compensaciones de tarifa electrica;9,2479
2006;rio negro;regimen de energia electrica ley 24065;f.e.d.e.i.;6,2892
2006;rio negro;fondo compensador de desequilibrios;fondo compensador de desequilibrios;30
2006;rio negro;regimen simplificado para pequeños contribuyentes ley 24977 art 59 inciso a;regimen simplificado para pequeños contribuyentes ley 24977 art 59 inciso a;6,5101
2006;salta;coparticipacion federal de impuestos neta ley 26075;coparticipacion federal de impuestos neta ley 26075;1146,9828
2006;salta;financiamiento educativo ley 26075;financiamiento educativo ley 26075;36,8478
2006;salta;transferencia de servicios ley 24049;transferencia de servicios ley 24049;39,8
2006;salta;impuesto a las ganancias;obras de infraestructura basica social;109,4639
2006;salta;impuesto a las ganancias;excedente obras de caracter social a buenos aires;128,4248
2006;salta;impuesto a las ganancias;ley 24699;16,6872
2006;salta;impuesto sobre los bienes personales;ley 24699;42,24
2006;salta;impuesto sobre los activos fondo educacion ley 23906;impuesto sobre los activos fondo educacion ley 23906;0,0678
2006;salta;impuesto a los combustibles liquidos ley 23966 y 24699;obras de infraestructura;5,2584
2006;salta;impuesto a los combustibles liquidos ley 23966 y 24699;vialidad provincial;8,7142
2006;salta;impuesto a los combustibles liquidos ley 23966 y 24699;f.e.d.e.i.;2,0458
2006;salta;impuesto a los combustibles liquidos ley 23966 y 24699;ley 24464 fo.na.vi;27,1703
2006;salta;regimen de energia electrica ley 24065;fondo para compensaciones de tarifa electrica;7,8127
2006;salta;regimen de energia electrica ley 24065;f.e.d.e.i.;6,4342
2006;salta;fondo compensador de desequilibrios;fondo compensador de desequilibrios;30
2006;salta;regimen simplificado para pequeños contribuyentes ley 24977 art 59 inciso a;regimen simplificado para pequeños contribuyentes ley 24977 art 59 inciso a;9,8894
2006;san juan;coparticipacion federal de impuestos neta ley 26075;coparticipacion federal de impuestos neta ley 26075;1024,4113
2006;san juan;financiamiento educativo ley 26075;financiamiento educativo ley 26075;19,6202
2006;san juan;transferencia de servicios ley 24049;transferencia de servicios ley 24049;30,1
2006;san juan;impuesto a las ganancias;obras de infraestructura basica social;35,0332
2006;san juan;impuesto a las ganancias;excedente obras de caracter social a buenos aires;113,2569
2006;san juan;impuesto a las ganancias;ley 24699;14,7168
2006;san juan;impuesto sobre los bienes personales;ley 24699;37,2519
2006;san juan;impuesto sobre los activos fondo educacion ley 23906;impuesto sobre los activos fondo educacion ley 23906;0,0383
2006;san juan;impuesto a los combustibles liquidos ley 23966 y 24699;obras de infraestructura;4,6374
2006;san juan;impuesto a los combustibles liquidos ley 23966 y 24699;vialidad provincial;6,6042
2006;san juan;impuesto a los combustibles liquidos ley 23966 y 24699;f.e.d.e.i.;1,8952
2006;san juan;impuesto a los combustibles liquidos ley 23966 y 24699;ley 24464 fo.na.vi;24,7929
2006;san juan;regimen de energia electrica ley 24065;fondo para compensaciones de tarifa electrica;12,3184
2006;san juan;regimen de energia electrica ley 24065;f.e.d.e.i.;5,9608
2006;san juan;fondo compensador de desequilibrios;fondo compensador de desequilibrios;26,4
2006;san juan;regimen simplificado para pequeños contribuyentes ley 24977 art 59 inciso a;regimen simplificado para pequeños contribuyentes ley 24977 art 59 inciso a;8,7215
2006;san luis;coparticipacion federal de impuestos neta ley 26075;coparticipacion federal de impuestos neta ley 26075;692,1194
2006;san luis;financiamiento educativo ley 26075;financiamiento educativo ley 26075;12,8249
2006;san luis;transferencia de servicios ley 24049;transferencia de servicios ley 24049;18,9
2006;san luis;impuesto a las ganancias;obras de infraestructura basica social;19,2633
2006;san luis;impuesto a las ganancias;excedente obras de caracter social a buenos aires;76,4729
2006;san luis;impuesto a las ganancias;ley 24699;9,9372
2006;san luis;impuesto sobre los bienes personales;ley 24699;25,153
2006;san luis;impuesto sobre los activos fondo educacion ley 23906;impuesto sobre los activos fondo educacion ley 23906;0,0317
2006;san luis;impuesto a los combustibles liquidos ley 23966 y 24699;obras de infraestructura;3,1312
2006;san luis;impuesto a los combustibles liquidos ley 23966 y 24699;vialidad provincial;5,8754
2006;san luis;impuesto a los combustibles liquidos ley 23966 y 24699;f.e.d.e.i.;1,8563
2006;san luis;impuesto a los combustibles liquidos ley 23966 y 24699;ley 24464 fo.na.vi;24,7929
2006;san luis;regimen de energia electrica ley 24065;fondo para compensaciones de tarifa electrica;8,4939
2006;san luis;regimen de energia electrica ley 24065;f.e.d.e.i.;5,8368
2006;san luis;fondo compensador de desequilibrios;fondo compensador de desequilibrios;26,4
2006;san luis;regimen simplificado para pequeños contribuyentes ley 24977 art 59 inciso a;regimen simplificado para pequeños contribuyentes ley 24977 art 59 inciso a;5,8887
2006;santa cruz;coparticipacion federal de impuestos neta ley 26075;coparticipacion federal de impuestos neta ley 26075;482,7114
2006;santa cruz;financiamiento educativo ley 26075;financiamiento educativo ley 26075;5,7425
2006;santa cruz;transferencia de servicios ley 24049;transferencia de servicios ley 24049;8,5
2006;santa cruz;impuesto a las ganancias;obras de infraestructura basica social;6,9079
2006;santa cruz;impuesto a las ganancias;excedente obras de caracter social a buenos aires;52,9882
2006;santa cruz;impuesto a las ganancias;ley 24699;6,8856
2006;santa cruz;impuesto sobre los bienes personales;ley 24699;17,4284
2006;santa cruz;impuesto sobre los bienes personales;ley 23966 art 30;1,5751
2006;santa cruz;impuesto sobre los activos fondo educacion ley 23906;impuesto sobre los activos fondo educacion ley 23906;0,0317
2006;santa cruz;i.v.a.ley 23966 art 5 punto 2;i.v.a.ley 23966 art 5 punto 2;3,7413
2006;santa cruz;impuesto a los combustibles liquidos ley 23966 y 24699;obras de infraestructura;2,1697
2006;santa cruz;impuesto a los combustibles liquidos ley 23966 y 24699;vialidad provincial;13,003
2006;santa cruz;impuesto a los combustibles liquidos ley 23966 y 24699;f.e.d.e.i.;2,6124
2006;santa cruz;impuesto a los combustibles liquidos ley 23966 y 24699;ley 24464 fo.na.vi;21,7363
2006;santa cruz;regimen de energia electrica ley 24065;fondo para compensaciones de tarifa electrica;8,4975
2006;santa cruz;regimen de energia electrica ley 24065;transferencia a empresas de energia electrica;35,8
2006;santa cruz;regimen de energia electrica ley 24065;f.e.d.e.i.;8,2122
2006;santa cruz;fondo compensador de desequilibrios;fondo compensador de desequilibrios;36
2006;santa cruz;regimen simplificado para pequeños contribuyentes ley 24977 art 59 inciso a;regimen simplificado para pequeños contribuyentes ley 24977 art 59 inciso a;4,0804
2006;santa fe;coparticipacion federal de impuestos neta ley 26075;coparticipacion federal de impuestos neta ley 26075;2691,5697
2006;santa fe;financiamiento educativo ley 26075;financiamiento educativo ley 26075;68,7187
2006;santa fe;transferencia de servicios ley 24049;transferencia de servicios ley 24049;135,489
2006;santa fe;impuesto a las ganancias;obras de infraestructura basica social;150,6871
2006;santa fe;impuesto a las ganancias;excedente obras de caracter social a buenos aires;299,4379
2006;santa fe;impuesto a las ganancias;ley 24699;38,91
2006;santa fe;impuesto sobre los bienes personales;ley 24699;98,4892
2006;santa fe;impuesto sobre los bienes personales;ley 23966 art 30;21,2431
2006;santa fe;impuesto sobre los activos fondo educacion ley 23906;impuesto sobre los activos fondo educacion ley 23906;0,1287
2006;santa fe;i.v.a.ley 23966 art 5 punto 2;i.v.a.ley 23966 art 5 punto 2;50,4586
2006;santa fe;impuesto a los combustibles liquidos ley 23966 y 24699;obras de infraestructura;42,2607
2006;santa fe;impuesto a los combustibles liquidos ley 23966 y 24699;vialidad provincial;25,047
2006;santa fe;impuesto a los combustibles liquidos ley 23966 y 24699;f.e.d.e.i.;1,6457
2006;santa fe;impuesto a los combustibles liquidos ley 23966 y 24699;ley 24464 fo.na.vi;38,3781
2006;santa fe;regimen de energia electrica ley 24065;fondo para compensaciones de tarifa electrica;6,2035
2006;santa fe;regimen de energia electrica ley 24065;f.e.d.e.i.;5,1766
2006;santa fe;fondo compensador de desequilibrios;fondo compensador de desequilibrios;6
2006;santa fe;regimen simplificado para pequeños contribuyentes ley 24977 art 59 inciso a;regimen simplificado para pequeños contribuyentes ley 24977 art 59 inciso a;23,0584
2006;sgo. del estero;coparticipacion federal de impuestos neta ley 26075;coparticipacion federal de impuestos neta ley 26075;1244,0719
2006;sgo. del estero;financiamiento educativo ley 26075;financiamiento educativo ley 26075;31,9666
2006;sgo. del estero;transferencia de servicios ley 24049;transferencia de servicios ley 24049;31,6
2006;sgo. del estero;impuesto a las ganancias;obras de infraestructura basica social;83,1603
2006;sgo. del estero;impuesto a las ganancias;excedente obras de caracter social a buenos aires;138,4272
2006;sgo. del estero;impuesto a las ganancias;ley 24699;17,9879
2006;sgo. del estero;impuesto sobre los bienes personales;ley 24699;45,53
2006;sgo. del estero;impuesto sobre los activos fondo educacion ley 23906;impuesto sobre los activos fondo educacion ley 23906;0,0639
2006;sgo. del estero;impuesto a los combustibles liquidos ley 23966 y 24699;obras de infraestructura;5,668
2006;sgo. del estero;impuesto a los combustibles liquidos ley 23966 y 24699;vialidad provincial;7,5202
2006;sgo. del estero;impuesto a los combustibles liquidos ley 23966 y 24699;f.e.d.e.i.;2,1942
2006;sgo. del estero;impuesto a los combustibles liquidos ley 23966 y 24699;ley 24464 fo.na.vi;29,2081
2006;sgo. del estero;regimen de energia electrica ley 24065;fondo para compensaciones de tarifa electrica;7,4612
2006;sgo. del estero;regimen de energia electrica ley 24065;f.e.d.e.i.;6,902
2006;sgo. del estero;fondo compensador de desequilibrios;fondo compensador de desequilibrios;26,4
2006;sgo. del estero;regimen simplificado para pequeños contribuyentes ley 24977 art 59 inciso a;regimen simplificado para pequeños contribuyentes ley 24977 art 59 inciso a;10,6596
2006;tucuman;coparticipacion federal de impuestos neta ley 26075;coparticipacion federal de impuestos neta ley 26075;1431,4771
2006;tucuman;financiamiento educativo ley 26075;financiamiento educativo ley 26075;37,9006
2006;tucuman;transferencia de servicios ley 24049;transferencia de servicios ley 24049;55,8
2006;tucuman;impuesto a las ganancias;obras de infraestructura basica social;104,5945
2006;tucuman;impuesto a las ganancias;excedente obras de caracter social a buenos aires;159,3993
2006;tucuman;impuesto a las ganancias;ley 24699;20,7132
2006;tucuman;impuesto sobre los bienes personales;ley 24699;52,4285
2006;tucuman;impuesto sobre los activos fondo educacion ley 23906;impuesto sobre los activos fondo educacion ley 23906;0,058
2006;tucuman;impuesto a los combustibles liquidos ley 23966 y 24699;obras de infraestructura;6,5268
2006;tucuman;impuesto a los combustibles liquidos ley 23966 y 24699;vialidad provincial;9,9622
2006;tucuman;impuesto a los combustibles liquidos ley 23966 y 24699;f.e.d.e.i.;1,69
2006;tucuman;impuesto a los combustibles liquidos ley 23966 y 24699;ley 24464 fo.na.vi;28,5288
2006;tucuman;regimen de energia electrica ley 24065;fondo para compensaciones de tarifa electrica;5,5576
2006;tucuman;regimen de energia electrica ley 24065;f.e.d.e.i.;5,3161
2006;tucuman;fondo compensador de desequilibrios;fondo compensador de desequilibrios;26,4
2006;tucuman;regimen simplificado para pequeños contribuyentes ley 24977 art 59 inciso a;regimen simplificado para pequeños contribuyentes ley 24977 art 59 inciso a;12,2747
2006;tierra del fuego;coparticipacion federal de impuestos neta ley 26075;coparticipacion federal de impuestos neta ley 26075;381,4849
2006;tierra del fuego;financiamiento educativo ley 26075;financiamiento educativo ley 26075;3,4455
2006;tierra del fuego;transferencia de servicios ley 24049;transferencia de servicios ley 24049;12
2006;tierra del fuego;impuesto a las ganancias;obras de infraestructura basica social;4,72
2006;tierra del fuego;impuesto a las ganancias;excedente obras de caracter social a buenos aires;41,3241
2006;tierra del fuego;impuesto a las ganancias;ley 24699;5,37
2006;tierra del fuego;impuesto sobre los bienes personales;ley 24699;13,5916
2006;tierra del fuego;impuesto sobre los bienes personales;ley 23966 art 30;0,1397
2006;tierra del fuego;impuesto sobre los activos fondo educacion ley 23906;impuesto sobre los activos fondo educacion ley 23906;0,0152
2006;tierra del fuego;i.v.a.ley 23966 art 5 punto 2;i.v.a.ley 23966 art 5 punto 2;0,3319
2006;tierra del fuego;impuesto a los combustibles liquidos ley 23966 y 24699;obras de infraestructura;1,692
2006;tierra del fuego;impuesto a los combustibles liquidos ley 23966 y 24699;vialidad provincial;4,6824
2006;tierra del fuego;impuesto a los combustibles liquidos ley 23966 y 24699;f.e.d.e.i.;1,9211
2006;tierra del fuego;impuesto a los combustibles liquidos ley 23966 y 24699;ley 24464 fo.na.vi;18,0003
2006;tierra del fuego;regimen de energia electrica ley 24065;fondo para compensaciones de tarifa electrica;6,0782
2006;tierra del fuego;regimen de energia electrica ley 24065;f.e.d.e.i.;5,9937
2006;tierra del fuego;fondo compensador de desequilibrios;fondo compensador de desequilibrios;36
2006;tierra del fuego;regimen simplificado para pequeños contribuyentes ley 24977 art 59 inciso a;regimen simplificado para pequeños contribuyentes ley 24977 art 59 inciso a;3,1822
2006;c.a.b.a;coparticipacion federal de impuestos neta ley 26075;coparticipacion federal de impuestos neta ley 26075;743,6139
2006;c.a.b.a;financiamiento educativo ley 26075;financiamiento educativo ley 26075;50,247
2006;c.a.b.a;impuesto sobre los activos fondo educacion ley 23906;impuesto sobre los activos fondo educacion ley 23906;0,0552
2006;c.a.b.a;impuesto a los combustibles liquidos ley 23966 y 24699;ley 24464 fo.na.vi;8,8304
2006;tesoro nacional;coparticipacion federal de impuestos neta ley 26075;coparticipacion federal de impuestos neta ley 26075;22817,8284
2006;tesoro nacional;impuesto sobre los bienes personales;ley 24699;808,5035
2006;tesoro nacional;impuesto sobre los activos fondo educacion ley 23906;impuesto sobre los activos fondo educacion ley 23906;0,8346
2006;tesoro nacional;impuesto a los combustibles liquidos ley 23966 y 24699;vialidad provincial;462,1536
2006;seguridad social;coparticipacion federal de impuestos neta ley 26075;coparticipacion federal de impuestos neta ley 26075;10103,6374
2006;seguridad social;impuesto a las ganancias;obras de infraestructura basica social;6600,6766
2006;seguridad social;impuesto a las ganancias;ley 24699;120
2006;seguridad social;i.v.a.ley 23966 art 5 punto 2;i.v.a.ley 23966 art 5 punto 2;4612,0023
2006;seguridad social;regimen simplificado para pequeños contribuyentes ley 24977 art 59 inciso a;regimen simplificado para pequeños contribuyentes ley 24977 art 59 inciso a;608,4099
2006;fondo a.t.n.;coparticipacion federal de impuestos neta ley 26075;coparticipacion federal de impuestos neta ley 26075;567,0435
2006;fondo a.t.n.;impuesto a las ganancias;obras de infraestructura basica social;660,0677
2006;fondo a.t.n.;impuesto a las ganancias;ley 24699;20
2006;fondo a.t.n.;impuesto sobre los bienes personales;ley 24699;19,4165
2007;buenos aires;coparticipacion federal de impuestos neta ley 26075;coparticipacion federal de impuestos neta ley 26075;8503,3083
2007;buenos aires;financiamiento educativo ley 26075;financiamiento educativo ley 26075;592,4528
2007;buenos aires;transferencia de servicios ley 24049;transferencia de servicios ley 24049;420,1
2007;buenos aires;impuesto a las ganancias;obras de infraestructura basica social;650
2007;buenos aires;impuesto a las ganancias;ley 24699;95,6087
2007;buenos aires;impuesto sobre los bienes personales;ley 24699;290,2596
2007;buenos aires;impuesto sobre los bienes personales;ley 23966 art 30;69,1023
2007;buenos aires;impuesto sobre los activos fondo educacion ley 23906;impuesto sobre los activos fondo educacion ley 23906;0,5596
2007;buenos aires;i.v.a.ley 23966 art 5 punto 2;i.v.a.ley 23966 art 5 punto 2;186,5208
2007;buenos aires;impuesto a los combustibles liquidos ley 23966 y 24699;obras de infraestructura;7,2902
2007;buenos aires;impuesto a los combustibles liquidos ley 23966 y 24699;vialidad provincial;85,6921
2007;buenos aires;impuesto a los combustibles liquidos ley 23966 y 24699;f.e.d.e.i.;2,5779
2007;buenos aires;impuesto a los combustibles liquidos ley 23966 y 24699;ley 24464 fo.na.vi;123,2401
2007;buenos aires;regimen de energia electrica ley 24065;fondo para compensaciones de tarifa electrica;16,253
2007;buenos aires;regimen de energia electrica ley 24065;f.e.d.e.i.;6,9142
2007;buenos aires;regimen simplificado para pequeños contribuyentes ley 24977 art 59 inciso a;regimen simplificado para pequeños contribuyentes ley 24977 art 59 inciso a;69,2848
2007;catamarca;coparticipacion federal de impuestos neta ley 26075;coparticipacion federal de impuestos neta ley 26075;1108,7254
2007;catamarca;financiamiento educativo ley 26075;financiamiento educativo ley 26075;32,1098
2007;catamarca;transferencia de servicios ley 24049;transferencia de servicios ley 24049;21,4
2007;catamarca;impuesto a las ganancias;obras de infraestructura basica social;30,2878
2007;catamarca;impuesto a las ganancias;excedente obras de caracter social a buenos aires;124,4919
2007;catamarca;impuesto a las ganancias;ley 24699;11,9916
2007;catamarca;impuesto sobre los bienes personales;ley 24699;36,4058
2007;catamarca;impuesto sobre los activos fondo educacion ley 23906;impuesto sobre los activos fondo educacion ley 23906;0,0419
2007;catamarca;impuesto a los combustibles liquidos ley 23966 y 24699;obras de infraestructura;4,7983
2007;catamarca;impuesto a los combustibles liquidos ley 23966 y 24699;vialidad provincial;7,4792
2007;catamarca;impuesto a los combustibles liquidos ley 23966 y 24699;f.e.d.e.i.;2,6843
2007;catamarca;impuesto a los combustibles liquidos ley 23966 y 24699;ley 24464 fo.na.vi;17,8486
2007;catamarca;regimen de energia electrica ley 24065;fondo para compensaciones de tarifa electrica;12,069
2007;catamarca;regimen de energia electrica ley 24065;f.e.d.e.i.;8,639
2007;catamarca;fondo compensador de desequilibrios;fondo compensador de desequilibrios;26,4
2007;catamarca;regimen simplificado para pequeños contribuyentes ley 24977 art 59 inciso a;regimen simplificado para pequeños contribuyentes ley 24977 art 59 inciso a;8,6902
2007;cordoba;coparticipacion federal de impuestos neta ley 26075;coparticipacion federal de impuestos neta ley 26075;3537,1084
2007;cordoba;financiamiento educativo ley 26075;financiamiento educativo ley 26075;140,689
2007;cordoba;transferencia de servicios ley 24049;transferencia de servicios ley 24049;125,3
2007;cordoba;impuesto a las ganancias;obras de infraestructura basica social;167,609
2007;cordoba;impuesto a las ganancias;excedente obras de caracter social a buenos aires;401,3274
2007;cordoba;impuesto a las ganancias;ley 24699;38,658
2007;cordoba;impuesto sobre los bienes personales;ley 24699;117,3641
2007;cordoba;impuesto sobre los bienes personales;ley 23966 art 30;23,5987
2007;cordoba;impuesto sobre los activos fondo educacion ley 23906;impuesto sobre los activos fondo educacion ley 23906;0,1549
2007;cordoba;i.v.a.ley 23966 art 5 punto 2;i.v.a.ley 23966 art 5 punto 2;63,6976
2007;cordoba;impuesto a los combustibles liquidos ley 23966 y 24699;obras de infraestructura;15,4684
2007;cordoba;impuesto a los combustibles liquidos ley 23966 y 24699;vialidad provincial;28,3477
2007;cordoba;impuesto a los combustibles liquidos ley 23966 y 24699;f.e.d.e.i.;1,779
2007;cordoba;impuesto a los combustibles liquidos ley 23966 y 24699;ley 24464 fo.na.vi;48,0211
2007;cordoba;regimen de energia electrica ley 24065;fondo para compensaciones de tarifa electrica;7,7812
2007;cordoba;regimen de energia electrica ley 24065;f.e.d.e.i.;5,729
2007;cordoba;fondo compensador de desequilibrios;fondo compensador de desequilibrios;6
2007;cordoba;regimen simplificado para pequeños contribuyentes ley 24977 art 59 inciso a;regimen simplificado para pequeños contribuyentes ley 24977 art 59 inciso a;28,0149
2007;corrientes;coparticipacion federal de impuestos neta ley 26075;coparticipacion federal de impuestos neta ley 26075;1478,85
2007;corrientes;financiamiento educativo ley 26075;financiamiento educativo ley 26075;60,8786
2007;corrientes;transferencia de servicios ley 24049;transferencia de servicios ley 24049;38,6
2007;corrientes;impuesto a las ganancias;obras de infraestructura basica social;112,5077
2007;corrientes;impuesto a las ganancias;excedente obras de caracter social a buenos aires;168,0212
2007;corrientes;impuesto a las ganancias;ley 24699;16,1844
2007;corrientes;impuesto sobre los bienes personales;ley 24699;49,1351
2007;corrientes;impuesto sobre los bienes personales;ley 23966 art 30;7,5458
2007;corrientes;impuesto sobre los activos fondo educacion ley 23906;impuesto sobre los activos fondo educacion ley 23906;0,0695
2007;corrientes;i.v.a.ley 23966 art 5 punto 2;i.v.a.ley 23966 art 5 punto 2;20,3676
2007;corrientes;impuesto a los combustibles liquidos ley 23966 y 24699;obras de infraestructura;6,4759
2007;corrientes;impuesto a los combustibles liquidos ley 23966 y 24699;vialidad provincial;10,269
2007;corrientes;impuesto a los combustibles liquidos ley 23966 y 24699;f.e.d.e.i.;2,2525
2007;corrientes;impuesto a los combustibles liquidos ley 23966 y 24699;ley 24464 fo.na.vi;42,0716
2007;corrientes;regimen de energia electrica ley 24065;fondo para compensaciones de tarifa electrica;10,1853
2007;corrientes;regimen de energia electrica ley 24065;f.e.d.e.i.;7,2533
2007;corrientes;fondo compensador de desequilibrios;fondo compensador de desequilibrios;18
2007;corrientes;regimen simplificado para pequeños contribuyentes ley 24977 art 59 inciso a;regimen simplificado para pequeños contribuyentes ley 24977 art 59 inciso a;11,7286
2007;chaco;coparticipacion federal de impuestos neta ley 26075;coparticipacion federal de impuestos neta ley 26075;1998,7075
2007;chaco;financiamiento educativo ley 26075;financiamiento educativo ley 26075;67,5604
2007;chaco;transferencia de servicios ley 24049;transferencia de servicios ley 24049;33,6
2007;chaco;impuesto a las ganancias;obras de infraestructura basica social;137,6579
2007;chaco;impuesto a las ganancias;excedente obras de caracter social a buenos aires;225,4763
2007;chaco;impuesto a las ganancias;ley 24699;21,7188
2007;chaco;impuesto sobre los bienes personales;ley 24699;65,9378
2007;chaco;impuesto sobre los bienes personales;ley 23966 art 30;5,9323
2007;chaco;impuesto sobre los activos fondo educacion ley 23906;impuesto sobre los activos fondo educacion ley 23906;0,0908
2007;chaco;i.v.a.ley 23966 art 5 punto 2;i.v.a.ley 23966 art 5 punto 2;16,0124
2007;chaco;impuesto a los combustibles liquidos ley 23966 y 24699;obras de infraestructura;8,6905
2007;chaco;impuesto a los combustibles liquidos ley 23966 y 24699;vialidad provincial;10,5589
2007;chaco;impuesto a los combustibles liquidos ley 23966 y 24699;f.e.d.e.i.;2,3924
2007;chaco;impuesto a los combustibles liquidos ley 23966 y 24699;ley 24464 fo.na.vi;39,0969
2007;chaco;regimen de energia electrica ley 24065;fondo para compensaciones de tarifa electrica;11,4831
2007;chaco;regimen de energia electrica ley 24065;f.e.d.e.i.;7,7001
2007;chaco;fondo compensador de desequilibrios;fondo compensador de desequilibrios;6
2007;chaco;regimen simplificado para pequeños contribuyentes ley 24977 art 59 inciso a;regimen simplificado para pequeños contribuyentes ley 24977 art 59 inciso a;15,7395
2007;chubut;coparticipacion federal de impuestos neta ley 26075;coparticipacion federal de impuestos neta ley 26075;628,8789
2007;chubut;financiamiento educativo ley 26075;financiamiento educativo ley 26075;26,1704
2007;chubut;transferencia de servicios ley 24049;transferencia de servicios ley 24049;24,2
2007;chubut;impuesto a las ganancias;obras de infraestructura basica social;26,7658
2007;chubut;impuesto a las ganancias;excedente obras de caracter social a buenos aires;71,481
2007;chubut;impuesto a las ganancias;ley 24699;6,8856
2007;chubut;impuesto sobre los bienes personales;ley 24699;20,9036
2007;chubut;impuesto sobre los bienes personales;ley 23966 art 30;2,3206
2007;chubut;impuesto sobre los activos fondo educacion ley 23906;impuesto sobre los activos fondo educacion ley 23906;0,0419
2007;chubut;i.v.a.ley 23966 art 5 punto 2;i.v.a.ley 23966 art 5 punto 2;6,2637
2007;chubut;impuesto a los combustibles liquidos ley 23966 y 24699;obras de infraestructura;2,7551
2007;chubut;impuesto a los combustibles liquidos ley 23966 y 24699;vialidad provincial;10,1401
2007;chubut;impuesto a los combustibles liquidos ley 23966 y 24699;f.e.d.e.i.;2,5085
2007;chubut;impuesto a los combustibles liquidos ley 23966 y 24699;ley 24464 fo.na.vi;27,1978
2007;chubut;regimen de energia electrica ley 24065;fondo para compensaciones de tarifa electrica;17,9434
2007;chubut;regimen de energia electrica ley 24065;f.e.d.e.i.;8,0145
2007;chubut;fondo compensador de desequilibrios;fondo compensador de desequilibrios;36
2007;chubut;regimen simplificado para pequeños contribuyentes ley 24977 art 59 inciso a;regimen simplificado para pequeños contribuyentes ley 24977 art 59 inciso a;4,9898
2007;entre rios;coparticipacion federal de impuestos neta ley 26075;coparticipacion federal de impuestos neta ley 26075;1959,8406
2007;entre rios;financiamiento educativo ley 26075;financiamiento educativo ley 26075;62,5491
2007;entre rios;transferencia de servicios ley 24049;transferencia de servicios ley 24049;67,5
2007;entre rios;impuesto a las ganancias;obras de infraestructura basica social;86,2412
2007;entre rios;impuesto a las ganancias;excedente obras de caracter social a buenos aires;220,6889
2007;entre rios;impuesto a las ganancias;ley 24699;21,258
2007;entre rios;impuesto sobre los bienes personales;ley 24699;64,5375
2007;entre rios;impuesto sobre los bienes personales;ley 23966 art 30;10,2413
2007;entre rios;impuesto sobre los activos fondo educacion ley 23906;impuesto sobre los activos fondo educacion ley 23906;0,0719
2007;entre rios;i.v.a.ley 23966 art 5 punto 2;i.v.a.ley 23966 art 5 punto 2;27,6434
2007;entre rios;impuesto a los combustibles liquidos ley 23966 y 24699;obras de infraestructura;8,5059
2007;entre rios;impuesto a los combustibles liquidos ley 23966 y 24699;vialidad provincial;13,8984
2007;entre rios;impuesto a los combustibles liquidos ley 23966 y 24699;f.e.d.e.i.;2,0589
2007;entre rios;impuesto a los combustibles liquidos ley 23966 y 24699;ley 24464 fo.na.vi;33,1473
2007;entre rios;regimen de energia electrica ley 24065;fondo para compensaciones de tarifa electrica;10,7921
2007;entre rios;regimen de energia electrica ley 24065;f.e.d.e.i.;6,6298
2007;entre rios;fondo compensador de desequilibrios;fondo compensador de desequilibrios;21,6
2007;entre rios;regimen simplificado para pequeños contribuyentes ley 24977 art 59 inciso a;regimen simplificado para pequeños contribuyentes ley 24977 art 59 inciso a;15,405
2007;formosa;coparticipacion federal de impuestos neta ley 26075;coparticipacion federal de impuestos neta ley 26075;1467,5407
2007;formosa;financiamiento educativo ley 26075;financiamiento educativo ley 26075;40,2764
2007;formosa;transferencia de servicios ley 24049;transferencia de servicios ley 24049;20,7
2007;formosa;impuesto a las ganancias;obras de infraestructura basica social;69,3334
2007;formosa;impuesto a las ganancias;excedente obras de caracter social a buenos aires;164,5389
2007;formosa;impuesto a las ganancias;ley 24699;15,8495
2007;formosa;impuesto sobre los bienes personales;ley 24699;48,1167
2007;formosa;impuesto sobre los bienes personales;ley 23966 art 30;2,7634
2007;formosa;impuesto sobre los activos fondo educacion ley 23906;impuesto sobre los activos fondo educacion ley 23906;0,0489
2007;formosa;i.v.a.ley 23966 art 5 punto 2;i.v.a.ley 23966 art 5 punto 2;7,4589
2007;formosa;impuesto a los combustibles liquidos ley 23966 y 24699;obras de infraestructura;6,3418
2007;formosa;impuesto a los combustibles liquidos ley 23966 y 24699;vialidad provincial;7,2776
2007;formosa;impuesto a los combustibles liquidos ley 23966 y 24699;f.e.d.e.i.;2,7645
2007;formosa;impuesto a los combustibles liquidos ley 23966 y 24699;ley 24464 fo.na.vi;33,9973
2007;formosa;regimen de energia electrica ley 24065;fondo para compensaciones de tarifa electrica;11,0112
2007;formosa;regimen de energia electrica ley 24065;f.e.d.e.i.;8,9021
2007;formosa;fondo compensador de desequilibrios;fondo compensador de desequilibrios;26,4
2007;formosa;regimen simplificado para pequeños contribuyentes ley 24977 art 59 inciso a;regimen simplificado para pequeños contribuyentes ley 24977 art 59 inciso a;11,4856
2007;jujuy;coparticipacion federal de impuestos neta ley 26075;coparticipacion federal de impuestos neta ley 26075;1134,6031
2007;jujuy;financiamiento educativo ley 26075;financiamiento educativo ley 26075;42,1324
2007;jujuy;transferencia de servicios ley 24049;transferencia de servicios ley 24049;33,3
2007;jujuy;impuesto a las ganancias;obras de infraestructura basica social;74,577
2007;jujuy;impuesto a las ganancias;excedente obras de caracter social a buenos aires;128,4105
2007;jujuy;impuesto a las ganancias;ley 24699;12,3695
2007;jujuy;impuesto sobre los bienes personales;ley 24699;37,5514
2007;jujuy;impuesto sobre los activos fondo educacion ley 23906;impuesto sobre los activos fondo educacion ley 23906;0,0446
2007;jujuy;impuesto a los combustibles liquidos ley 23966 y 24699;obras de infraestructura;4,9491
2007;jujuy;impuesto a los combustibles liquidos ley 23966 y 24699;vialidad provincial;7,3082
2007;jujuy;impuesto a los combustibles liquidos ley 23966 y 24699;f.e.d.e.i.;2,2308
2007;jujuy;impuesto a los combustibles liquidos ley 23966 y 24699;ley 24464 fo.na.vi;25,4979
2007;jujuy;regimen de energia electrica ley 24065;fondo para compensaciones de tarifa electrica;12,8661
2007;jujuy;regimen de energia electrica ley 24065;f.e.d.e.i.;7,1836
2007;jujuy;fondo compensador de desequilibrios;fondo compensador de desequilibrios;26,4
2007;jujuy;regimen simplificado para pequeños contribuyentes ley 24977 art 59 inciso a;regimen simplificado para pequeños contribuyentes ley 24977 art 59 inciso a;8,9634
2007;la pampa;coparticipacion federal de impuestos neta ley 26075;coparticipacion federal de impuestos neta ley 26075;756,8688
2007;la pampa;financiamiento educativo ley 26075;financiamiento educativo ley 26075;20,9734
2007;la pampa;transferencia de servicios ley 24049;transferencia de servicios ley 24049;19,2
2007;la pampa;impuesto a las ganancias;obras de infraestructura basica social;13,0215
2007;la pampa;impuesto a las ganancias;excedente obras de caracter social a buenos aires;84,8812
2007;la pampa;impuesto a las ganancias;ley 24699;8,1756
2007;la pampa;impuesto sobre los bienes personales;ley 24699;24,8221
2007;la pampa;impuesto sobre los bienes personales;ley 23966 art 30;1,9991
2007;la pampa;impuesto sobre los activos fondo educacion ley 23906;impuesto sobre los activos fondo educacion ley 23906;0,0369
2007;la pampa;i.v.a.ley 23966 art 5 punto 2;i.v.a.ley 23966 art 5 punto 2;5,3959
2007;la pampa;impuesto a los combustibles liquidos ley 23966 y 24699;obras de infraestructura;3,2715
2007;la pampa;impuesto a los combustibles liquidos ley 23966 y 24699;vialidad provincial;8,7907
2007;la pampa;impuesto a los combustibles liquidos ley 23966 y 24699;f.e.d.e.i.;1,9801
2007;la pampa;impuesto a los combustibles liquidos ley 23966 y 24699;ley 24464 fo.na.vi;16,9986
2007;la pampa;regimen de energia electrica ley 24065;fondo para compensaciones de tarifa electrica;14,7593
2007;la pampa;regimen de energia electrica ley 24065;f.e.d.e.i.;6,3766
2007;la pampa;fondo compensador de desequilibrios;fondo compensador de desequilibrios;30
2007;la pampa;regimen simplificado para pequeños contribuyentes ley 24977 art 59 inciso a;regimen simplificado para pequeños contribuyentes ley 24977 art 59 inciso a;5,925
2007;la rioja;coparticipacion federal de impuestos neta ley 26075;coparticipacion federal de impuestos neta ley 26075;831,2649
2007;la rioja;financiamiento educativo ley 26075;financiamiento educativo ley 26075;26,356
2007;la rioja;transferencia de servicios ley 24049;transferencia de servicios ley 24049;20,3
2007;la rioja;impuesto a las ganancias;obras de infraestructura basica social;25,0616
2007;la rioja;impuesto a las ganancias;excedente obras de caracter social a buenos aires;93,587
2007;la rioja;impuesto a las ganancias;ley 24699;9,0144
2007;la rioja;impuesto sobre los bienes personales;ley 24699;27,368
2007;la rioja;impuesto sobre los activos fondo educacion ley 23906;impuesto sobre los activos fondo educacion ley 23906;0,036
2007;la rioja;impuesto a los combustibles liquidos ley 23966 y 24699;obras de infraestructura;3,6071
2007;la rioja;impuesto a los combustibles liquidos ley 23966 y 24699;vialidad provincial;7,9755
2007;la rioja;impuesto a los combustibles liquidos ley 23966 y 24699;f.e.d.e.i.;2,6091
2007;la rioja;impuesto a los combustibles liquidos ley 23966 y 24699;ley 24464 fo.na.vi;16,9986
2007;la rioja;regimen de energia electrica ley 24065;fondo para compensaciones de tarifa electrica;11,572
2007;la rioja;regimen de energia electrica ley 24065;f.e.d.e.i.;8,4018
2007;la rioja;fondo compensador de desequilibrios;fondo compensador de desequilibrios;26,4
2007;la rioja;regimen simplificado para pequeños contribuyentes ley 24977 art 59 inciso a;regimen simplificado para pequeños contribuyentes ley 24977 art 59 inciso a;6,5328
2007;mendoza;coparticipacion federal de impuestos neta ley 26075;coparticipacion federal de impuestos neta ley 26075;1644,4285
2007;mendoza;financiamiento educativo ley 26075;financiamiento educativo ley 26075;82,7801
2007;mendoza;transferencia de servicios ley 24049;transferencia de servicios ley 24049;61,7
2007;mendoza;impuesto a las ganancias;obras de infraestructura basica social;102,6209
2007;mendoza;impuesto a las ganancias;excedente obras de caracter social a buenos aires;188,4791
2007;mendoza;impuesto a las ganancias;ley 24699;18,1548
2007;mendoza;impuesto sobre los bienes personales;ley 24699;55,1179
2007;mendoza;impuesto sobre los activos fondo educacion ley 23906;impuesto sobre los activos fondo educacion ley 23906;0,0764
2007;mendoza;impuesto a los combustibles liquidos ley 23966 y 24699;obras de infraestructura;7,2645
2007;mendoza;impuesto a los combustibles liquidos ley 23966 y 24699;vialidad provincial;14,3252
2007;mendoza;impuesto a los combustibles liquidos ley 23966 y 24699;f.e.d.e.i.;2,0252
2007;mendoza;impuesto a los combustibles liquidos ley 23966 y 24699;ley 24464 fo.na.vi;33,9973
2007;mendoza;regimen de energia electrica ley 24065;fondo para compensaciones de tarifa electrica;8,3347
2007;mendoza;regimen de energia electrica ley 24065;f.e.d.e.i.;6,5215
2007;mendoza;fondo compensador de desequilibrios;fondo compensador de desequilibrios;26,4
2007;mendoza;regimen simplificado para pequeños contribuyentes ley 24977 art 59 inciso a;regimen simplificado para pequeños contribuyentes ley 24977 art 59 inciso a;13,1567
2007;misiones;coparticipacion federal de impuestos neta ley 26075;coparticipacion federal de impuestos neta ley 26075;1294,7047
2007;misiones;financiamiento educativo ley 26075;financiamiento educativo ley 26075;73,4998
2007;misiones;transferencia de servicios ley 24049;transferencia de servicios ley 24049;34,1
2007;misiones;impuesto a las ganancias;obras de infraestructura basica social;110,8024
2007;misiones;impuesto a las ganancias;excedente obras de caracter social a buenos aires;149,3009
2007;misiones;impuesto a las ganancias;ley 24699;14,382
2007;misiones;impuesto sobre los bienes personales;ley 24699;43,6615
2007;misiones;impuesto sobre los bienes personales;ley 23966 art 30;3,2397
2007;misiones;impuesto sobre los activos fondo educacion ley 23906;impuesto sobre los activos fondo educacion ley 23906;0,0569
2007;misiones;i.v.a.ley 23966 art 5 punto 2;i.v.a.ley 23966 art 5 punto 2;8,7447
2007;misiones;impuesto a los combustibles liquidos ley 23966 y 24699;obras de infraestructura;5,7544
2007;misiones;impuesto a los combustibles liquidos ley 23966 y 24699;vialidad provincial;14,9932
2007;misiones;impuesto a los combustibles liquidos ley 23966 y 24699;f.e.d.e.i.;2,9442
2007;misiones;impuesto a los combustibles liquidos ley 23966 y 24699;ley 24464 fo.na.vi;39,9468
2007;misiones;regimen de energia electrica ley 24065;fondo para compensaciones de tarifa electrica;14,0834
2007;misiones;regimen de energia electrica ley 24065;f.e.d.e.i.;10,6262
2007;misiones;fondo compensador de desequilibrios;fondo compensador de desequilibrios;26,4
2007;misiones;regimen simplificado para pequeños contribuyentes ley 24977 art 59 inciso a;regimen simplificado para pequeños contribuyentes ley 24977 art 59 inciso a;10,4219
2007;neuquen;coparticipacion federal de impuestos neta ley 26075;coparticipacion federal de impuestos neta ley 26075;686,9481
2007;neuquen;financiamiento educativo ley 26075;financiamiento educativo ley 26075;31,9241
2007;neuquen;transferencia de servicios ley 24049;transferencia de servicios ley 24049;17,4
2007;neuquen;impuesto a las ganancias;obras de infraestructura basica social;33,8646
2007;neuquen;impuesto a las ganancias;excedente obras de caracter social a buenos aires;78,4456
2007;neuquen;impuesto a las ganancias;ley 24699;7,5564
2007;neuquen;impuesto sobre los bienes personales;ley 24699;22,9403
2007;neuquen;impuesto sobre los bienes personales;ley 23966 art 30;1,457
2007;neuquen;impuesto sobre los activos fondo educacion ley 23906;impuesto sobre los activos fondo educacion ley 23906;0,0504
2007;neuquen;i.v.a.ley 23966 art 5 punto 2;i.v.a.ley 23966 art 5 punto 2;3,9327
2007;neuquen;impuesto a los combustibles liquidos ley 23966 y 24699;obras de infraestructura;3,0234
2007;neuquen;impuesto a los combustibles liquidos ley 23966 y 24699;vialidad provincial;10,2374
2007;neuquen;impuesto a los combustibles liquidos ley 23966 y 24699;f.e.d.e.i.;2,3263
2007;neuquen;impuesto a los combustibles liquidos ley 23966 y 24699;ley 24464 fo.na.vi;36,5471
2007;neuquen;regimen de energia electrica ley 24065;fondo para compensaciones de tarifa electrica;9,4292
2007;neuquen;regimen de energia electrica ley 24065;f.e.d.e.i.;7,491
2007;neuquen;fondo compensador de desequilibrios;fondo compensador de desequilibrios;30
2007;neuquen;regimen simplificado para pequeños contribuyentes ley 24977 art 59 inciso a;regimen simplificado para pequeños contribuyentes ley 24977 art 59 inciso a;5,4758
2007;rio negro;coparticipacion federal de impuestos neta ley 26075;coparticipacion federal de impuestos neta ley 26075;1009,2789
2007;rio negro;financiamiento educativo ley 26075;financiamiento educativo ley 26075;35,8219
2007;rio negro;transferencia de servicios ley 24049;transferencia de servicios ley 24049;14,6
2007;rio negro;impuesto a las ganancias;obras de infraestructura basica social;41,5016
2007;rio negro;impuesto a las ganancias;excedente obras de caracter social a buenos aires;114,0449
2007;rio negro;impuesto a las ganancias;ley 24699;10,9848
2007;rio negro;impuesto sobre los bienes personales;ley 24699;33,3508
2007;rio negro;impuesto sobre los activos fondo educacion ley 23906;impuesto sobre los activos fondo educacion ley 23906;0,0584
2007;rio negro;impuesto a los combustibles liquidos ley 23966 y 24699;obras de infraestructura;4,3956
2007;rio negro;impuesto a los combustibles liquidos ley 23966 y 24699;vialidad provincial;8,9596
2007;rio negro;impuesto a los combustibles liquidos ley 23966 y 24699;f.e.d.e.i.;2,1614
2007;rio negro;impuesto a los combustibles liquidos ley 23966 y 24699;ley 24464 fo.na.vi;38,2469
2007;rio negro;regimen de energia electrica ley 24065;fondo para compensaciones de tarifa electrica;11,9888
2007;rio negro;regimen de energia electrica ley 24065;f.e.d.e.i.;6,9603
2007;rio negro;fondo compensador de desequilibrios;fondo compensador de desequilibrios;30
2007;rio negro;regimen simplificado para pequeños contribuyentes ley 24977 art 59 inciso a;regimen simplificado para pequeños contribuyentes ley 24977 art 59 inciso a;7,9609
2007;salta;coparticipacion federal de impuestos neta ley 26075;coparticipacion federal de impuestos neta ley 26075;1515,5809
2007;salta;financiamiento educativo ley 26075;financiamiento educativo ley 26075;72,0149
2007;salta;transferencia de servicios ley 24049;transferencia de servicios ley 24049;39,8
2007;salta;impuesto a las ganancias;obras de infraestructura basica social;144,0991
2007;salta;impuesto a las ganancias;excedente obras de caracter social a buenos aires;173,2447
2007;salta;impuesto a las ganancias;ley 24699;16,6872
2007;salta;impuesto sobre los bienes personales;ley 24699;50,6626
2007;salta;impuesto sobre los activos fondo educacion ley 23906;impuesto sobre los activos fondo educacion ley 23906;0,0774
2007;salta;impuesto a los combustibles liquidos ley 23966 y 24699;obras de infraestructura;6,6773
2007;salta;impuesto a los combustibles liquidos ley 23966 y 24699;vialidad provincial;12,3662
2007;salta;impuesto a los combustibles liquidos ley 23966 y 24699;f.e.d.e.i.;2,2113
2007;salta;impuesto a los combustibles liquidos ley 23966 y 24699;ley 24464 fo.na.vi;33,9973
2007;salta;regimen de energia electrica ley 24065;fondo para compensaciones de tarifa electrica;9,2058
2007;salta;regimen de energia electrica ley 24065;f.e.d.e.i.;7,1208
2007;salta;fondo compensador de desequilibrios;fondo compensador de desequilibrios;30
2007;salta;regimen simplificado para pequeños contribuyentes ley 24977 art 59 inciso a;regimen simplificado para pequeños contribuyentes ley 24977 art 59 inciso a;12,0934
2007;san juan;coparticipacion federal de impuestos neta ley 26075;coparticipacion federal de impuestos neta ley 26075;1362,2524
2007;san juan;financiamiento educativo ley 26075;financiamiento educativo ley 26075;37,8635
2007;san juan;transferencia de servicios ley 24049;transferencia de servicios ley 24049;30,1
2007;san juan;impuesto a las ganancias;obras de infraestructura basica social;45,7103
2007;san juan;impuesto a las ganancias;excedente obras de caracter social a buenos aires;152,7833
2007;san juan;impuesto a las ganancias;ley 24699;14,7168
2007;san juan;impuesto sobre los bienes personales;ley 24699;44,6798
2007;san juan;impuesto sobre los activos fondo educacion ley 23906;impuesto sobre los activos fondo educacion ley 23906;0,0438
2007;san juan;impuesto a los combustibles liquidos ley 23966 y 24699;obras de infraestructura;5,8888
2007;san juan;impuesto a los combustibles liquidos ley 23966 y 24699;vialidad provincial;8,9206
2007;san juan;impuesto a los combustibles liquidos ley 23966 y 24699;f.e.d.e.i.;2,0486
2007;san juan;impuesto a los combustibles liquidos ley 23966 y 24699;ley 24464 fo.na.vi;31,0225
2007;san juan;regimen de energia electrica ley 24065;fondo para compensaciones de tarifa electrica;10,5173
2007;san juan;regimen de energia electrica ley 24065;f.e.d.e.i.;6,5968
2007;san juan;fondo compensador de desequilibrios;fondo compensador de desequilibrios;26,4
2007;san juan;regimen simplificado para pequeños contribuyentes ley 24977 art 59 inciso a;regimen simplificado para pequeños contribuyentes ley 24977 art 59 inciso a;10,6652
2007;san luis;coparticipacion federal de impuestos neta ley 26075;coparticipacion federal de impuestos neta ley 26075;921,8055
2007;san luis;financiamiento educativo ley 26075;financiamiento educativo ley 26075;23,5719
2007;san luis;transferencia de servicios ley 24049;transferencia de servicios ley 24049;18,9
2007;san luis;impuesto a las ganancias;obras de infraestructura basica social;24,2967
2007;san luis;impuesto a las ganancias;excedente obras de caracter social a buenos aires;103,1617
2007;san luis;impuesto a las ganancias;ley 24699;9,9372
2007;san luis;impuesto sobre los bienes personales;ley 24699;30,1684
2007;san luis;impuesto sobre los activos fondo educacion ley 23906;impuesto sobre los activos fondo educacion ley 23906;0,0362
2007;san luis;impuesto a los combustibles liquidos ley 23966 y 24699;obras de infraestructura;3,9761
2007;san luis;impuesto a los combustibles liquidos ley 23966 y 24699;vialidad provincial;8,7205
2007;san luis;impuesto a los combustibles liquidos ley 23966 y 24699;f.e.d.e.i.;2,0066
2007;san luis;impuesto a los combustibles liquidos ley 23966 y 24699;ley 24464 fo.na.vi;31,0225
2007;san luis;regimen de energia electrica ley 24065;fondo para compensaciones de tarifa electrica;10,3692
2007;san luis;regimen de energia electrica ley 24065;f.e.d.e.i.;6,462
2007;san luis;fondo compensador de desequilibrios;fondo compensador de desequilibrios;26,4
2007;san luis;regimen simplificado para pequeños contribuyentes ley 24977 art 59 inciso a;regimen simplificado para pequeños contribuyentes ley 24977 art 59 inciso a;7,2011
2007;santa cruz;coparticipacion federal de impuestos neta ley 26075;coparticipacion federal de impuestos neta ley 26075;643,3561
2007;santa cruz;financiamiento educativo ley 26075;financiamiento educativo ley 26075;11,6931
2007;santa cruz;transferencia de servicios ley 24049;transferencia de servicios ley 24049;8,5
2007;santa cruz;impuesto a las ganancias;obras de infraestructura basica social;8,5081
2007;santa cruz;impuesto a las ganancias;excedente obras de caracter social a buenos aires;71,481
2007;santa cruz;impuesto a las ganancias;ley 24699;6,8856
2007;santa cruz;impuesto sobre los bienes personales;ley 24699;20,9036
2007;santa cruz;impuesto sobre los bienes personales;ley 23966 art 30;1,8892
2007;santa cruz;impuesto sobre los activos fondo educacion ley 23906;impuesto sobre los activos fondo educacion ley 23906;0,0362
2007;santa cruz;i.v.a.ley 23966 art 5 punto 2;i.v.a.ley 23966 art 5 punto 2;5,0992
2007;santa cruz;impuesto a los combustibles liquidos ley 23966 y 24699;obras de infraestructura;2,7551
2007;santa cruz;impuesto a los combustibles liquidos ley 23966 y 24699;vialidad provincial;13,7989
2007;santa cruz;impuesto a los combustibles liquidos ley 23966 y 24699;f.e.d.e.i.;2,8239
2007;santa cruz;impuesto a los combustibles liquidos ley 23966 y 24699;ley 24464 fo.na.vi;27,1978
2007;santa cruz;regimen de energia electrica ley 24065;fondo para compensaciones de tarifa electrica;9,3542
2007;santa cruz;regimen de energia electrica ley 24065;transferencia a empresas de energia electrica;35
2007;santa cruz;regimen de energia electrica ley 24065;f.e.d.e.i.;9,0931
2007;santa cruz;fondo compensador de desequilibrios;fondo compensador de desequilibrios;36
2007;santa cruz;regimen simplificado para pequeños contribuyentes ley 24977 art 59 inciso a;regimen simplificado para pequeños contribuyentes ley 24977 art 59 inciso a;4,9898
2007;santa fe;coparticipacion federal de impuestos neta ley 26075;coparticipacion federal de impuestos neta ley 26075;3574,22
2007;santa fe;financiamiento educativo ley 26075;financiamiento educativo ley 26075;127,511
2007;santa fe;transferencia de servicios ley 24049;transferencia de servicios ley 24049;135,489
2007;santa fe;impuesto a las ganancias;obras de infraestructura basica social;187,4637
2007;santa fe;impuesto a las ganancias;excedente obras de caracter social a buenos aires;403,9409
2007;santa fe;impuesto a las ganancias;ley 24699;38,91
2007;santa fe;impuesto sobre los bienes personales;ley 24699;118,1279
2007;santa fe;impuesto sobre los bienes personales;ley 23966 art 30;25,4789
2007;santa fe;impuesto sobre los activos fondo educacion ley 23906;impuesto sobre los activos fondo educacion ley 23906;0,1469
2007;santa fe;i.v.a.ley 23966 art 5 punto 2;i.v.a.ley 23966 art 5 punto 2;68,7725
2007;santa fe;impuesto a los combustibles liquidos ley 23966 y 24699;obras de infraestructura;46,5343
2007;santa fe;impuesto a los combustibles liquidos ley 23966 y 24699;vialidad provincial;32,9972
2007;santa fe;impuesto a los combustibles liquidos ley 23966 y 24699;f.e.d.e.i.;1,779
2007;santa fe;impuesto a los combustibles liquidos ley 23966 y 24699;ley 24464 fo.na.vi;48,0211
2007;santa fe;regimen de energia electrica ley 24065;fondo para compensaciones de tarifa electrica;6,954
2007;santa fe;regimen de energia electrica ley 24065;f.e.d.e.i.;5,729
2007;santa fe;fondo compensador de desequilibrios;fondo compensador de desequilibrios;6
2007;santa fe;regimen simplificado para pequeños contribuyentes ley 24977 art 59 inciso a;regimen simplificado para pequeños contribuyentes ley 24977 art 59 inciso a;28,1973
2007;sgo. del estero;coparticipacion federal de impuestos neta ley 26075;coparticipacion federal de impuestos neta ley 26075;1649,2605
2007;sgo. del estero;financiamiento educativo ley 26075;financiamiento educativo ley 26075;61,9922
2007;sgo. del estero;transferencia de servicios ley 24049;transferencia de servicios ley 24049;31,6
2007;sgo. del estero;impuesto a las ganancias;obras de infraestructura basica social;106,7478
2007;sgo. del estero;impuesto a las ganancias;excedente obras de caracter social a buenos aires;186,7379
2007;sgo. del estero;impuesto a las ganancias;ley 24699;17,9879
2007;sgo. del estero;impuesto sobre los bienes personales;ley 24699;54,6087
2007;sgo. del estero;impuesto sobre los activos fondo educacion ley 23906;impuesto sobre los activos fondo educacion ley 23906;0,073
2007;sgo. del estero;impuesto a los combustibles liquidos ley 23966 y 24699;obras de infraestructura;7,1974
2007;sgo. del estero;impuesto a los combustibles liquidos ley 23966 y 24699;vialidad provincial;11,3793
2007;sgo. del estero;impuesto a los combustibles liquidos ley 23966 y 24699;f.e.d.e.i.;2,3719
2007;sgo. del estero;impuesto a los combustibles liquidos ley 23966 y 24699;ley 24464 fo.na.vi;36,5471
2007;sgo. del estero;regimen de energia electrica ley 24065;fondo para compensaciones de tarifa electrica;10,7899
2007;sgo. del estero;regimen de energia electrica ley 24065;f.e.d.e.i.;7,6361
2007;sgo. del estero;fondo compensador de desequilibrios;fondo compensador de desequilibrios;26,4
2007;sgo. del estero;regimen simplificado para pequeños contribuyentes ley 24977 art 59 inciso a;regimen simplificado para pequeños contribuyentes ley 24977 art 59 inciso a;13,0353
2007;tucuman;coparticipacion federal de impuestos neta ley 26075;coparticipacion federal de impuestos neta ley 26075;1893,8784
2007;tucuman;financiamiento educativo ley 26075;financiamiento educativo ley 26075;76,6551
2007;tucuman;transferencia de servicios ley 24049;transferencia de servicios ley 24049;55,8
2007;tucuman;impuesto a las ganancias;obras de infraestructura basica social;135,4677
2007;tucuman;impuesto a las ganancias;excedente obras de caracter social a buenos aires;215,0292
2007;tucuman;impuesto a las ganancias;ley 24699;20,7132
2007;tucuman;impuesto sobre los bienes personales;ley 24699;62,8827
2007;tucuman;impuesto sobre los activos fondo educacion ley 23906;impuesto sobre los activos fondo educacion ley 23906;0,0662
2007;tucuman;impuesto a los combustibles liquidos ley 23966 y 24699;obras de infraestructura;8,2879
2007;tucuman;impuesto a los combustibles liquidos ley 23966 y 24699;vialidad provincial;12,0743
2007;tucuman;impuesto a los combustibles liquidos ley 23966 y 24699;f.e.d.e.i.;1,8269
2007;tucuman;impuesto a los combustibles liquidos ley 23966 y 24699;ley 24464 fo.na.vi;35,6971
2007;tucuman;regimen de energia electrica ley 24065;fondo para compensaciones de tarifa electrica;8,2464
2007;tucuman;regimen de energia electrica ley 24065;f.e.d.e.i.;5,8833
2007;tucuman;fondo compensador de desequilibrios;fondo compensador de desequilibrios;26,4
2007;tucuman;regimen simplificado para pequeños contribuyentes ley 24977 art 59 inciso a;regimen simplificado para pequeños contribuyentes ley 24977 art 59 inciso a;15,0103
2007;tierra del fuego;coparticipacion federal de impuestos neta ley 26075;coparticipacion federal de impuestos neta ley 26075;507,5046
2007;tierra del fuego;financiamiento educativo ley 26075;financiamiento educativo ley 26075;7,053
2007;tierra del fuego;transferencia de servicios ley 24049;transferencia de servicios ley 24049;12
2007;tierra del fuego;impuesto a las ganancias;obras de infraestructura basica social;5,9741
2007;tierra del fuego;impuesto a las ganancias;excedente obras de caracter social a buenos aires;55,7461
2007;tierra del fuego;impuesto a las ganancias;ley 24699;5,37
2007;tierra del fuego;impuesto sobre los bienes personales;ley 24699;16,3017
2007;tierra del fuego;impuesto sobre los bienes personales;ley 23966 art 30;0,1676
2007;tierra del fuego;impuesto sobre los activos fondo educacion ley 23906;impuesto sobre los activos fondo educacion ley 23906;0,0173
2007;tierra del fuego;i.v.a.ley 23966 art 5 punto 2;i.v.a.ley 23966 art 5 punto 2;0,4523
2007;tierra del fuego;impuesto a los combustibles liquidos ley 23966 y 24699;obras de infraestructura;2,1486
2007;tierra del fuego;impuesto a los combustibles liquidos ley 23966 y 24699;vialidad provincial;5,6044
2007;tierra del fuego;impuesto a los combustibles liquidos ley 23966 y 24699;f.e.d.e.i.;2,0766
2007;tierra del fuego;impuesto a los combustibles liquidos ley 23966 y 24699;ley 24464 fo.na.vi;22,5232
2007;tierra del fuego;regimen de energia electrica ley 24065;fondo para compensaciones de tarifa electrica;6,7972
2007;tierra del fuego;regimen de energia electrica ley 24065;f.e.d.e.i.;6,6869
2007;tierra del fuego;fondo compensador de desequilibrios;fondo compensador de desequilibrios;36
2007;tierra del fuego;regimen simplificado para pequeños contribuyentes ley 24977 art 59 inciso a;regimen simplificado para pequeños contribuyentes ley 24977 art 59 inciso a;3,8914
2007;c.a.b.a;coparticipacion federal de impuestos neta ley 26075;coparticipacion federal de impuestos neta ley 26075;951,589
2007;c.a.b.a;financiamiento educativo ley 26075;financiamiento educativo ley 26075;101,5262
2007;c.a.b.a;impuesto sobre los activos fondo educacion ley 23906;impuesto sobre los activos fondo educacion ley 23906;0,063
2007;c.a.b.a;impuesto a los combustibles liquidos ley 23966 y 24699;ley 24464 fo.na.vi;11,0491
2007;tesoro nacional;coparticipacion federal de impuestos neta ley 26075;coparticipacion federal de impuestos neta ley 26075;30269,5389
2007;tesoro nacional;impuesto sobre los bienes personales;ley 24699;969,7182
2007;tesoro nacional;impuesto sobre los activos fondo educacion ley 23906;impuesto sobre los activos fondo educacion ley 23906;0,9527
2007;tesoro nacional;impuesto a los combustibles liquidos ley 23966 y 24699;vialidad provincial;586,8575
2007;seguridad social;coparticipacion federal de impuestos neta ley 26075;coparticipacion federal de impuestos neta ley 26075;13371,1086
2007;seguridad social;impuesto a las ganancias;obras de infraestructura basica social;8450,5988
2007;seguridad social;impuesto a las ganancias;ley 24699;120
2007;seguridad social;i.v.a.ley 23966 art 5 punto 2;i.v.a.ley 23966 art 5 punto 2;6285,9268
2007;seguridad social;regimen simplificado para pequeños contribuyentes ley 24977 art 59 inciso a;regimen simplificado para pequeños contribuyentes ley 24977 art 59 inciso a;744,0035
2007;fondo a.t.n.;coparticipacion federal de impuestos neta ley 26075;coparticipacion federal de impuestos neta ley 26075;752,2251
2007;fondo a.t.n.;impuesto a las ganancias;obras de infraestructura basica social;845,0599
2007;fondo a.t.n.;impuesto a las ganancias;ley 24699;20
2007;fondo a.t.n.;impuesto sobre los bienes personales;ley 24699;23,2881
2008;buenos aires;coparticipacion federal de impuestos neta ley 26075;coparticipacion federal de impuestos neta ley 26075;10273,2629
2008;buenos aires;financiamiento educativo ley 26075;financiamiento educativo ley 26075;1211,3535
2008;buenos aires;transferencia de servicios ley 24049;transferencia de servicios ley 24049;420,1
2008;buenos aires;impuesto a las ganancias;obras de infraestructura basica social;650
2008;buenos aires;impuesto a las ganancias;ley 24699;95,6087
2008;buenos aires;impuesto sobre los bienes personales;ley 24699;394,0776
2008;buenos aires;impuesto sobre los bienes personales;ley 23966 art 30;93,8184
2008;buenos aires;impuesto sobre los activos fondo educacion ley 23906;impuesto sobre los activos fondo educacion ley 23906;0,4289
2008;buenos aires;i.v.a.ley 23966 art 5 punto 2;i.v.a.ley 23966 art 5 punto 2;236,9953
2008;buenos aires;impuesto a los combustibles liquidos ley 23966 y 24699;obras de infraestructura;23,7451
2008;buenos aires;impuesto a los combustibles liquidos ley 23966 y 24699;vialidad provincial;113,9101
2008;buenos aires;impuesto a los combustibles liquidos ley 23966 y 24699;f.e.d.e.i.;3,1904
2008;buenos aires;impuesto a los combustibles liquidos ley 23966 y 24699;ley 24464 fo.na.vi;170,0305
2008;buenos aires;regimen de energia electrica ley 24065;fondo para compensaciones de tarifa electrica;16,3519
2008;buenos aires;regimen de energia electrica ley 24065;f.e.d.e.i.;6,9712
2008;buenos aires;regimen simplificado para pequeños contribuyentes ley 24977 art 59 inciso a;regimen simplificado para pequeños contribuyentes ley 24977 art 59 inciso a;88,1812
2008;catamarca;coparticipacion federal de impuestos neta ley 26075;coparticipacion federal de impuestos neta ley 26075;1372,9253
2008;catamarca;financiamiento educativo ley 26075;financiamiento educativo ley 26075;67,5319
2008;catamarca;transferencia de servicios ley 24049;transferencia de servicios ley 24049;21,4
2008;catamarca;impuesto a las ganancias;obras de infraestructura basica social;38,0476
2008;catamarca;impuesto a las ganancias;excedente obras de caracter social a buenos aires;162,1858
2008;catamarca;impuesto a las ganancias;ley 24699;11,9916
2008;catamarca;impuesto sobre los bienes personales;ley 24699;49,4272
2008;catamarca;impuesto sobre los activos fondo educacion ley 23906;impuesto sobre los activos fondo educacion ley 23906;0,0321
2008;catamarca;impuesto a los combustibles liquidos ley 23966 y 24699;obras de infraestructura;6,62
2008;catamarca;impuesto a los combustibles liquidos ley 23966 y 24699;vialidad provincial;10,312
2008;catamarca;impuesto a los combustibles liquidos ley 23966 y 24699;f.e.d.e.i.;3,6074
2008;catamarca;impuesto a los combustibles liquidos ley 23966 y 24699;ley 24464 fo.na.vi;24,6251
2008;catamarca;regimen de energia electrica ley 24065;fondo para compensaciones de tarifa electrica;11,0609
2008;catamarca;regimen de energia electrica ley 24065;f.e.d.e.i.;8,8937
2008;catamarca;fondo compensador de desequilibrios;fondo compensador de desequilibrios;26,4
2008;catamarca;regimen simplificado para pequeños contribuyentes ley 24977 art 59 inciso a;regimen simplificado para pequeños contribuyentes ley 24977 art 59 inciso a;11,0603
2008;cordoba;coparticipacion federal de impuestos neta ley 26075;coparticipacion federal de impuestos neta ley 26075;4356,7011
2008;cordoba;financiamiento educativo ley 26075;financiamiento educativo ley 26075;287,0106
2008;cordoba;transferencia de servicios ley 24049;transferencia de servicios ley 24049;125,3
2008;cordoba;impuesto a las ganancias;obras de infraestructura basica social;210,551
2008;cordoba;impuesto a las ganancias;excedente obras de caracter social a buenos aires;522,842
2008;cordoba;impuesto a las ganancias;ley 24699;38,658
2008;cordoba;impuesto sobre los bienes personales;ley 24699;159,3421
2008;cordoba;impuesto sobre los bienes personales;ley 23966 art 30;32,0394
2008;cordoba;impuesto sobre los activos fondo educacion ley 23906;impuesto sobre los activos fondo educacion ley 23906;0,1187
2008;cordoba;i.v.a.ley 23966 art 5 punto 2;i.v.a.ley 23966 art 5 punto 2;80,9349
2008;cordoba;impuesto a los combustibles liquidos ley 23966 y 24699;obras de infraestructura;21,3413
2008;cordoba;impuesto a los combustibles liquidos ley 23966 y 24699;vialidad provincial;38,5651
2008;cordoba;impuesto a los combustibles liquidos ley 23966 y 24699;f.e.d.e.i.;2,3914
2008;cordoba;impuesto a los combustibles liquidos ley 23966 y 24699;ley 24464 fo.na.vi;66,2532
2008;cordoba;regimen de energia electrica ley 24065;fondo para compensaciones de tarifa electrica;6,9575
2008;cordoba;regimen de energia electrica ley 24065;f.e.d.e.i.;5,8982
2008;cordoba;fondo compensador de desequilibrios;fondo compensador de desequilibrios;6
2008;cordoba;regimen simplificado para pequeños contribuyentes ley 24977 art 59 inciso a;regimen simplificado para pequeños contribuyentes ley 24977 art 59 inciso a;35,6556
2008;corrientes;coparticipacion federal de impuestos neta ley 26075;coparticipacion federal de impuestos neta ley 26075;1815,189
2008;corrientes;financiamiento educativo ley 26075;financiamiento educativo ley 26075;128,9245
2008;corrientes;transferencia de servicios ley 24049;transferencia de servicios ley 24049;38,6
2008;corrientes;impuesto a las ganancias;obras de infraestructura basica social;141,3326
2008;corrientes;impuesto a las ganancias;excedente obras de caracter social a buenos aires;218,895
2008;corrientes;impuesto a las ganancias;ley 24699;16,1844
2008;corrientes;impuesto sobre los bienes personales;ley 24699;66,7094
2008;corrientes;impuesto sobre los bienes personales;ley 23966 art 30;10,2447
2008;corrientes;impuesto sobre los activos fondo educacion ley 23906;impuesto sobre los activos fondo educacion ley 23906;0,0532
2008;corrientes;i.v.a.ley 23966 art 5 punto 2;i.v.a.ley 23966 art 5 punto 2;25,8792
2008;corrientes;impuesto a los combustibles liquidos ley 23966 y 24699;obras de infraestructura;8,9346
2008;corrientes;impuesto a los combustibles liquidos ley 23966 y 24699;vialidad provincial;14,3422
2008;corrientes;impuesto a los combustibles liquidos ley 23966 y 24699;f.e.d.e.i.;2,7661
2008;corrientes;impuesto a los combustibles liquidos ley 23966 y 24699;ley 24464 fo.na.vi;58,0449
2008;corrientes;regimen de energia electrica ley 24065;fondo para compensaciones de tarifa electrica;9,2812
2008;corrientes;regimen de energia electrica ley 24065;f.e.d.e.i.;6,8538
2008;corrientes;fondo compensador de desequilibrios;fondo compensador de desequilibrios;18
2008;corrientes;regimen simplificado para pequeños contribuyentes ley 24977 art 59 inciso a;regimen simplificado para pequeños contribuyentes ley 24977 art 59 inciso a;14,9274
2008;chaco;coparticipacion federal de impuestos neta ley 26075;coparticipacion federal de impuestos neta ley 26075;2468,1206
2008;chaco;financiamiento educativo ley 26075;financiamiento educativo ley 26075;140,8194
2008;chaco;transferencia de servicios ley 24049;transferencia de servicios ley 24049;33,6
2008;chaco;impuesto a las ganancias;obras de infraestructura basica social;172,9263
2008;chaco;impuesto a las ganancias;excedente obras de caracter social a buenos aires;293,7464
2008;chaco;impuesto a las ganancias;ley 24699;21,7188
2008;chaco;impuesto sobre los bienes personales;ley 24699;89,5219
2008;chaco;impuesto sobre los bienes personales;ley 23966 art 30;8,0541
2008;chaco;impuesto sobre los activos fondo educacion ley 23906;impuesto sobre los activos fondo educacion ley 23906;0,0696
2008;chaco;i.v.a.ley 23966 art 5 punto 2;i.v.a.ley 23966 art 5 punto 2;20,3455
2008;chaco;impuesto a los combustibles liquidos ley 23966 y 24699;obras de infraestructura;11,9901
2008;chaco;impuesto a los combustibles liquidos ley 23966 y 24699;vialidad provincial;14,0762
2008;chaco;impuesto a los combustibles liquidos ley 23966 y 24699;f.e.d.e.i.;3,2159
2008;chaco;impuesto a los combustibles liquidos ley 23966 y 24699;ley 24464 fo.na.vi;53,9407
2008;chaco;regimen de energia electrica ley 24065;fondo para compensaciones de tarifa electrica;10,4361
2008;chaco;regimen de energia electrica ley 24065;f.e.d.e.i.;7,9313
2008;chaco;fondo compensador de desequilibrios;fondo compensador de desequilibrios;6
2008;chaco;regimen simplificado para pequeños contribuyentes ley 24977 art 59 inciso a;regimen simplificado para pequeños contribuyentes ley 24977 art 59 inciso a;20,0322
2008;chubut;coparticipacion federal de impuestos neta ley 26075;coparticipacion federal de impuestos neta ley 26075;770,2992
2008;chubut;financiamiento educativo ley 26075;financiamiento educativo ley 26075;56,7882
2008;chubut;transferencia de servicios ley 24049;transferencia de servicios ley 24049;24,2
2008;chubut;impuesto a las ganancias;obras de infraestructura basica social;33,6232
2008;chubut;impuesto a las ganancias;excedente obras de caracter social a buenos aires;93,1241
2008;chubut;impuesto a las ganancias;ley 24699;6,8856
2008;chubut;impuesto sobre los bienes personales;ley 24699;28,3803
2008;chubut;impuesto sobre los bienes personales;ley 23966 art 30;3,1506
2008;chubut;impuesto sobre los activos fondo educacion ley 23906;impuesto sobre los activos fondo educacion ley 23906;0,0321
2008;chubut;i.v.a.ley 23966 art 5 punto 2;i.v.a.ley 23966 art 5 punto 2;7,9588
2008;chubut;impuesto a los combustibles liquidos ley 23966 y 24699;obras de infraestructura;3,8012
2008;chubut;impuesto a los combustibles liquidos ley 23966 y 24699;vialidad provincial;14,6759
2008;chubut;impuesto a los combustibles liquidos ley 23966 y 24699;f.e.d.e.i.;3,3719
2008;chubut;impuesto a los combustibles liquidos ley 23966 y 24699;ley 24464 fo.na.vi;37,524
2008;chubut;regimen de energia electrica ley 24065;fondo para compensaciones de tarifa electrica;15,6549
2008;chubut;regimen de energia electrica ley 24065;f.e.d.e.i.;8,316
2008;chubut;fondo compensador de desequilibrios;fondo compensador de desequilibrios;36
2008;chubut;regimen simplificado para pequeños contribuyentes ley 24977 art 59 inciso a;regimen simplificado para pequeños contribuyentes ley 24977 art 59 inciso a;6,3507
2008;entre rios;coparticipacion federal de impuestos neta ley 26075;coparticipacion federal de impuestos neta ley 26075;2424,2295
2008;entre rios;financiamiento educativo ley 26075;financiamiento educativo ley 26075;129,3082
2008;entre rios;transferencia de servicios ley 24049;transferencia de servicios ley 24049;67,5
2008;entre rios;impuesto a las ganancias;obras de infraestructura basica social;108,3365
2008;entre rios;impuesto a las ganancias;excedente obras de caracter social a buenos aires;287,5096
2008;entre rios;impuesto a las ganancias;ley 24699;21,258
2008;entre rios;impuesto sobre los bienes personales;ley 24699;87,6209
2008;entre rios;impuesto sobre los bienes personales;ley 23966 art 30;13,9044
2008;entre rios;impuesto sobre los activos fondo educacion ley 23906;impuesto sobre los activos fondo educacion ley 23906;0,0551
2008;entre rios;i.v.a.ley 23966 art 5 punto 2;i.v.a.ley 23966 art 5 punto 2;35,124
2008;entre rios;impuesto a los combustibles liquidos ley 23966 y 24699;obras de infraestructura;11,7353
2008;entre rios;impuesto a los combustibles liquidos ley 23966 y 24699;vialidad provincial;20,5793
2008;entre rios;impuesto a los combustibles liquidos ley 23966 y 24699;f.e.d.e.i.;2,7676
2008;entre rios;impuesto a los combustibles liquidos ley 23966 y 24699;ley 24464 fo.na.vi;45,7323
2008;entre rios;regimen de energia electrica ley 24065;fondo para compensaciones de tarifa electrica;9,4814
2008;entre rios;regimen de energia electrica ley 24065;f.e.d.e.i.;6,8256
2008;entre rios;fondo compensador de desequilibrios;fondo compensador de desequilibrios;21,6
2008;entre rios;regimen simplificado para pequeños contribuyentes ley 24977 art 59 inciso a;regimen simplificado para pequeños contribuyentes ley 24977 art 59 inciso a;19,6065
2008;formosa;coparticipacion federal de impuestos neta ley 26075;coparticipacion federal de impuestos neta ley 26075;1820,1736
2008;formosa;financiamiento educativo ley 26075;financiamiento educativo ley 26075;83,6475
2008;formosa;transferencia de servicios ley 24049;transferencia de servicios ley 24049;20,7
2008;formosa;impuesto a las ganancias;obras de infraestructura basica social;87,0969
2008;formosa;impuesto a las ganancias;excedente obras de caracter social a buenos aires;214,3583
2008;formosa;impuesto a las ganancias;ley 24699;15,8495
2008;formosa;impuesto sobre los bienes personales;ley 24699;65,3268
2008;formosa;impuesto sobre los bienes personales;ley 23966 art 30;3,7517
2008;formosa;impuesto sobre los activos fondo educacion ley 23906;impuesto sobre los activos fondo educacion ley 23906;0,0375
2008;formosa;i.v.a.ley 23966 art 5 punto 2;i.v.a.ley 23966 art 5 punto 2;9,4773
2008;formosa;impuesto a los combustibles liquidos ley 23966 y 24699;obras de infraestructura;8,7495
2008;formosa;impuesto a los combustibles liquidos ley 23966 y 24699;vialidad provincial;9,916
2008;formosa;impuesto a los combustibles liquidos ley 23966 y 24699;f.e.d.e.i.;3,7161
2008;formosa;impuesto a los combustibles liquidos ley 23966 y 24699;ley 24464 fo.na.vi;46,905
2008;formosa;regimen de energia electrica ley 24065;fondo para compensaciones de tarifa electrica;10,1188
2008;formosa;regimen de energia electrica ley 24065;f.e.d.e.i.;9,1045
2008;formosa;fondo compensador de desequilibrios;fondo compensador de desequilibrios;26,4
2008;formosa;regimen simplificado para pequeños contribuyentes ley 24977 art 59 inciso a;regimen simplificado para pequeños contribuyentes ley 24977 art 59 inciso a;14,6181
2008;jujuy;coparticipacion federal de impuestos neta ley 26075;coparticipacion federal de impuestos neta ley 26075;1400,2203
2008;jujuy;financiamiento educativo ley 26075;financiamiento educativo ley 26075;85,566
2008;jujuy;transferencia de servicios ley 24049;transferencia de servicios ley 24049;33,3
2008;jujuy;impuesto a las ganancias;obras de infraestructura basica social;93,6839
2008;jujuy;impuesto a las ganancias;excedente obras de caracter social a buenos aires;167,2908
2008;jujuy;impuesto a las ganancias;ley 24699;12,3695
2008;jujuy;impuesto sobre los bienes personales;ley 24699;50,9826
2008;jujuy;impuesto sobre los activos fondo educacion ley 23906;impuesto sobre los activos fondo educacion ley 23906;0,0342
2008;jujuy;impuesto a los combustibles liquidos ley 23966 y 24699;obras de infraestructura;6,8282
2008;jujuy;impuesto a los combustibles liquidos ley 23966 y 24699;vialidad provincial;10,3517
2008;jujuy;impuesto a los combustibles liquidos ley 23966 y 24699;f.e.d.e.i.;2,9988
2008;jujuy;impuesto a los combustibles liquidos ley 23966 y 24699;ley 24464 fo.na.vi;35,1787
2008;jujuy;regimen de energia electrica ley 24065;fondo para compensaciones de tarifa electrica;12,7148
2008;jujuy;regimen de energia electrica ley 24065;f.e.d.e.i.;7,3958
2008;jujuy;fondo compensador de desequilibrios;fondo compensador de desequilibrios;26,4
2008;jujuy;regimen simplificado para pequeños contribuyentes ley 24977 art 59 inciso a;regimen simplificado para pequeños contribuyentes ley 24977 art 59 inciso a;11,4081
2008;la pampa;coparticipacion federal de impuestos neta ley 26075;coparticipacion federal de impuestos neta ley 26075;938,7714
2008;la pampa;financiamiento educativo ley 26075;financiamiento educativo ley 26075;43,3586
2008;la pampa;transferencia de servicios ley 24049;transferencia de servicios ley 24049;19,2
2008;la pampa;impuesto a las ganancias;obras de infraestructura basica social;16,3577
2008;la pampa;impuesto a las ganancias;excedente obras de caracter social a buenos aires;110,5817
2008;la pampa;impuesto a las ganancias;ley 24699;8,1756
2008;la pampa;impuesto sobre los bienes personales;ley 24699;33,7003
2008;la pampa;impuesto sobre los bienes personales;ley 23966 art 30;2,7141
2008;la pampa;impuesto sobre los activos fondo educacion ley 23906;impuesto sobre los activos fondo educacion ley 23906;0,0283
2008;la pampa;i.v.a.ley 23966 art 5 punto 2;i.v.a.ley 23966 art 5 punto 2;6,8561
2008;la pampa;impuesto a los combustibles liquidos ley 23966 y 24699;obras de infraestructura;4,5136
2008;la pampa;impuesto a los combustibles liquidos ley 23966 y 24699;vialidad provincial;12,3779
2008;la pampa;impuesto a los combustibles liquidos ley 23966 y 24699;f.e.d.e.i.;2,6618
2008;la pampa;impuesto a los combustibles liquidos ley 23966 y 24699;ley 24464 fo.na.vi;23,4525
2008;la pampa;regimen de energia electrica ley 24065;fondo para compensaciones de tarifa electrica;12,8828
2008;la pampa;regimen de energia electrica ley 24065;f.e.d.e.i.;6,565
2008;la pampa;fondo compensador de desequilibrios;fondo compensador de desequilibrios;30
2008;la pampa;regimen simplificado para pequeños contribuyentes ley 24977 art 59 inciso a;regimen simplificado para pequeños contribuyentes ley 24977 art 59 inciso a;7,541
2008;la rioja;coparticipacion federal de impuestos neta ley 26075;coparticipacion federal de impuestos neta ley 26075;1029,5263
2008;la rioja;financiamiento educativo ley 26075;financiamiento educativo ley 26075;53,3349
2008;la rioja;transferencia de servicios ley 24049;transferencia de servicios ley 24049;20,3
2008;la rioja;impuesto a las ganancias;obras de infraestructura basica social;31,4825
2008;la rioja;impuesto a las ganancias;excedente obras de caracter social a buenos aires;121,9235
2008;la rioja;impuesto a las ganancias;ley 24699;9,0144
2008;la rioja;impuesto sobre los bienes personales;ley 24699;37,1568
2008;la rioja;impuesto sobre los activos fondo educacion ley 23906;impuesto sobre los activos fondo educacion ley 23906;0,0276
2008;la rioja;impuesto a los combustibles liquidos ley 23966 y 24699;obras de infraestructura;4,9765
2008;la rioja;impuesto a los combustibles liquidos ley 23966 y 24699;vialidad provincial;10,7274
2008;la rioja;impuesto a los combustibles liquidos ley 23966 y 24699;f.e.d.e.i.;3,5073
2008;la rioja;impuesto a los combustibles liquidos ley 23966 y 24699;ley 24464 fo.na.vi;23,4525
2008;la rioja;regimen de energia electrica ley 24065;fondo para compensaciones de tarifa electrica;10,9654
2008;la rioja;regimen de energia electrica ley 24065;f.e.d.e.i.;8,623
2008;la rioja;fondo compensador de desequilibrios;fondo compensador de desequilibrios;26,4
2008;la rioja;regimen simplificado para pequeños contribuyentes ley 24977 art 59 inciso a;regimen simplificado para pequeños contribuyentes ley 24977 art 59 inciso a;8,3145
2008;mendoza;coparticipacion federal de impuestos neta ley 26075;coparticipacion federal de impuestos neta ley 26075;2011,6186
2008;mendoza;financiamiento educativo ley 26075;financiamiento educativo ley 26075;169,2135
2008;mendoza;transferencia de servicios ley 24049;transferencia de servicios ley 24049;61,7
2008;mendoza;impuesto a las ganancias;obras de infraestructura basica social;128,9127
2008;mendoza;impuesto a las ganancias;excedente obras de caracter social a buenos aires;245,5471
2008;mendoza;impuesto a las ganancias;ley 24699;18,1548
2008;mendoza;impuesto sobre los bienes personales;ley 24699;74,832
2008;mendoza;impuesto sobre los activos fondo educacion ley 23906;impuesto sobre los activos fondo educacion ley 23906;0,0585
2008;mendoza;impuesto a los combustibles liquidos ley 23966 y 24699;obras de infraestructura;10,0226
2008;mendoza;impuesto a los combustibles liquidos ley 23966 y 24699;vialidad provincial;20,109
2008;mendoza;impuesto a los combustibles liquidos ley 23966 y 24699;f.e.d.e.i.;2,7224
2008;mendoza;impuesto a los combustibles liquidos ley 23966 y 24699;ley 24464 fo.na.vi;46,905
2008;mendoza;regimen de energia electrica ley 24065;fondo para compensaciones de tarifa electrica;8,1514
2008;mendoza;regimen de energia electrica ley 24065;f.e.d.e.i.;6,7141
2008;mendoza;fondo compensador de desequilibrios;fondo compensador de desequilibrios;26,4
2008;mendoza;regimen simplificado para pequeños contribuyentes ley 24977 art 59 inciso a;regimen simplificado para pequeños contribuyentes ley 24977 art 59 inciso a;16,7451
2008;misiones;coparticipacion federal de impuestos neta ley 26075;coparticipacion federal de impuestos neta ley 26075;1573,676
2008;misiones;financiamiento educativo ley 26075;financiamiento educativo ley 26075;153,8653
2008;misiones;transferencia de servicios ley 24049;transferencia de servicios ley 24049;34,1
2008;misiones;impuesto a las ganancias;obras de infraestructura basica social;139,1903
2008;misiones;impuesto a las ganancias;excedente obras de caracter social a buenos aires;194,5066
2008;misiones;impuesto a las ganancias;ley 24699;14,382
2008;misiones;impuesto sobre los bienes personales;ley 24699;59,278
2008;misiones;impuesto sobre los bienes personales;ley 23966 art 30;4,3985
2008;misiones;impuesto sobre los activos fondo educacion ley 23906;impuesto sobre los activos fondo educacion ley 23906;0,0436
2008;misiones;i.v.a.ley 23966 art 5 punto 2;i.v.a.ley 23966 art 5 punto 2;11,1111
2008;misiones;impuesto a los combustibles liquidos ley 23966 y 24699;obras de infraestructura;7,9392
2008;misiones;impuesto a los combustibles liquidos ley 23966 y 24699;vialidad provincial;20,4529
2008;misiones;impuesto a los combustibles liquidos ley 23966 y 24699;f.e.d.e.i.;3,9588
2008;misiones;impuesto a los combustibles liquidos ley 23966 y 24699;ley 24464 fo.na.vi;55,1133
2008;misiones;regimen de energia electrica ley 24065;fondo para compensaciones de tarifa electrica;16,4921
2008;misiones;regimen de energia electrica ley 24065;f.e.d.e.i.;10,9734
2008;misiones;fondo compensador de desequilibrios;fondo compensador de desequilibrios;26,4
2008;misiones;regimen simplificado para pequeños contribuyentes ley 24977 art 59 inciso a;regimen simplificado para pequeños contribuyentes ley 24977 art 59 inciso a;13,2643
2008;neuquen;coparticipacion federal de impuestos neta ley 26075;coparticipacion federal de impuestos neta ley 26075;842,8265
2008;neuquen;financiamiento educativo ley 26075;financiamiento educativo ley 26075;64,846
2008;neuquen;transferencia de servicios ley 24049;transferencia de servicios ley 24049;17,4
2008;neuquen;impuesto a las ganancias;obras de infraestructura basica social;42,5408
2008;neuquen;impuesto a las ganancias;excedente obras de caracter social a buenos aires;102,1976
2008;neuquen;impuesto a las ganancias;ley 24699;7,5564
2008;neuquen;impuesto sobre los bienes personales;ley 24699;31,1454
2008;neuquen;impuesto sobre los bienes personales;ley 23966 art 30;1,9773
2008;neuquen;impuesto sobre los activos fondo educacion ley 23906;impuesto sobre los activos fondo educacion ley 23906;0,0386
2008;neuquen;i.v.a.ley 23966 art 5 punto 2;i.v.a.ley 23966 art 5 punto 2;4,997
2008;neuquen;impuesto a los combustibles liquidos ley 23966 y 24699;obras de infraestructura;4,1713
2008;neuquen;impuesto a los combustibles liquidos ley 23966 y 24699;vialidad provincial;13,3633
2008;neuquen;impuesto a los combustibles liquidos ley 23966 y 24699;f.e.d.e.i.;3,1271
2008;neuquen;impuesto a los combustibles liquidos ley 23966 y 24699;ley 24464 fo.na.vi;50,4228
2008;neuquen;regimen de energia electrica ley 24065;fondo para compensaciones de tarifa electrica;9,2517
2008;neuquen;regimen de energia electrica ley 24065;f.e.d.e.i.;7,7123
2008;neuquen;fondo compensador de desequilibrios;fondo compensador de desequilibrios;30
2008;neuquen;regimen simplificado para pequeños contribuyentes ley 24977 art 59 inciso a;regimen simplificado para pequeños contribuyentes ley 24977 art 59 inciso a;6,9692
2008;rio negro;coparticipacion federal de impuestos neta ley 26075;coparticipacion federal de impuestos neta ley 26075;1245,5248
2008;rio negro;financiamiento educativo ley 26075;financiamiento educativo ley 26075;74,0549
2008;rio negro;transferencia de servicios ley 24049;transferencia de servicios ley 24049;14,6
2008;rio negro;impuesto a las ganancias;obras de infraestructura basica social;52,1344
2008;rio negro;impuesto a las ganancias;excedente obras de caracter social a buenos aires;148,5756
2008;rio negro;impuesto a las ganancias;ley 24699;10,9848
2008;rio negro;impuesto sobre los bienes personales;ley 24699;45,2794
2008;rio negro;impuesto sobre los activos fondo educacion ley 23906;impuesto sobre los activos fondo educacion ley 23906;0,0447
2008;rio negro;impuesto a los combustibles liquidos ley 23966 y 24699;obras de infraestructura;6,0645
2008;rio negro;impuesto a los combustibles liquidos ley 23966 y 24699;vialidad provincial;12,3467
2008;rio negro;impuesto a los combustibles liquidos ley 23966 y 24699;f.e.d.e.i.;2,9055
2008;rio negro;impuesto a los combustibles liquidos ley 23966 y 24699;ley 24464 fo.na.vi;52,7681
2008;rio negro;regimen de energia electrica ley 24065;fondo para compensaciones de tarifa electrica;8,145
2008;rio negro;regimen de energia electrica ley 24065;f.e.d.e.i.;7,1659
2008;rio negro;fondo compensador de desequilibrios;fondo compensador de desequilibrios;30
2008;rio negro;regimen simplificado para pequeños contribuyentes ley 24977 art 59 inciso a;regimen simplificado para pequeños contribuyentes ley 24977 art 59 inciso a;10,1322
2008;salta;coparticipacion federal de impuestos neta ley 26075;coparticipacion federal de impuestos neta ley 26075;1854,5241
2008;salta;financiamiento educativo ley 26075;financiamiento educativo ley 26075;150,0283
2008;salta;transferencia de servicios ley 24049;transferencia de servicios ley 24049;39,8
2008;salta;impuesto a las ganancias;obras de infraestructura basica social;181,0178
2008;salta;impuesto a las ganancias;excedente obras de caracter social a buenos aires;225,7001
2008;salta;impuesto a las ganancias;ley 24699;16,6872
2008;salta;impuesto sobre los bienes personales;ley 24699;68,7832
2008;salta;impuesto sobre los activos fondo educacion ley 23906;impuesto sobre los activos fondo educacion ley 23906;0,0593
2008;salta;impuesto a los combustibles liquidos ley 23966 y 24699;obras de infraestructura;9,2125
2008;salta;impuesto a los combustibles liquidos ley 23966 y 24699;vialidad provincial;15,7385
2008;salta;impuesto a los combustibles liquidos ley 23966 y 24699;f.e.d.e.i.;2,9726
2008;salta;impuesto a los combustibles liquidos ley 23966 y 24699;ley 24464 fo.na.vi;46,905
2008;salta;regimen de energia electrica ley 24065;fondo para compensaciones de tarifa electrica;8,4179
2008;salta;regimen de energia electrica ley 24065;f.e.d.e.i.;7,3311
2008;salta;fondo compensador de desequilibrios;fondo compensador de desequilibrios;30
2008;salta;regimen simplificado para pequeños contribuyentes ley 24977 art 59 inciso a;regimen simplificado para pequeños contribuyentes ley 24977 art 59 inciso a;15,3916
2008;san juan;coparticipacion federal de impuestos neta ley 26075;coparticipacion federal de impuestos neta ley 26075;1686,8723
2008;san juan;financiamiento educativo ley 26075;financiamiento educativo ley 26075;80,9615
2008;san juan;transferencia de servicios ley 24049;transferencia de servicios ley 24049;30,1
2008;san juan;impuesto a las ganancias;obras de infraestructura basica social;57,4214
2008;san juan;impuesto a las ganancias;excedente obras de caracter social a buenos aires;199,0433
2008;san juan;impuesto a las ganancias;ley 24699;14,7168
2008;san juan;impuesto sobre los bienes personales;ley 24699;60,6606
2008;san juan;impuesto sobre los activos fondo educacion ley 23906;impuesto sobre los activos fondo educacion ley 23906;0,0335
2008;san juan;impuesto a los combustibles liquidos ley 23966 y 24699;obras de infraestructura;8,1245
2008;san juan;impuesto a los combustibles liquidos ley 23966 y 24699;vialidad provincial;12,5616
2008;san juan;impuesto a los combustibles liquidos ley 23966 y 24699;f.e.d.e.i.;2,7538
2008;san juan;impuesto a los combustibles liquidos ley 23966 y 24699;ley 24464 fo.na.vi;42,8008
2008;san juan;regimen de energia electrica ley 24065;fondo para compensaciones de tarifa electrica;11,119
2008;san juan;regimen de energia electrica ley 24065;f.e.d.e.i.;6,7917
2008;san juan;fondo compensador de desequilibrios;fondo compensador de desequilibrios;26,4
2008;san juan;regimen simplificado para pequeños contribuyentes ley 24977 art 59 inciso a;regimen simplificado para pequeños contribuyentes ley 24977 art 59 inciso a;13,574
2008;san luis;coparticipacion federal de impuestos neta ley 26075;coparticipacion federal de impuestos neta ley 26075;1143,4004
2008;san luis;financiamiento educativo ley 26075;financiamiento educativo ley 26075;50,2652
2008;san luis;transferencia de servicios ley 24049;transferencia de servicios ley 24049;18,9
2008;san luis;impuesto a las ganancias;obras de infraestructura basica social;30,5215
2008;san luis;impuesto a las ganancias;excedente obras de caracter social a buenos aires;134,3972
2008;san luis;impuesto a las ganancias;ley 24699;9,9372
2008;san luis;impuesto sobre los bienes personales;ley 24699;40,9589
2008;san luis;impuesto sobre los activos fondo educacion ley 23906;impuesto sobre los activos fondo educacion ley 23906;0,0277
2008;san luis;impuesto a los combustibles liquidos ley 23966 y 24699;obras de infraestructura;5,4857
2008;san luis;impuesto a los combustibles liquidos ley 23966 y 24699;vialidad provincial;15,5829
2008;san luis;impuesto a los combustibles liquidos ley 23966 y 24699;f.e.d.e.i.;2,6974
2008;san luis;impuesto a los combustibles liquidos ley 23966 y 24699;ley 24464 fo.na.vi;42,8008
2008;san luis;regimen de energia electrica ley 24065;fondo para compensaciones de tarifa electrica;10,3115
2008;san luis;regimen de energia electrica ley 24065;f.e.d.e.i.;6,6529
2008;san luis;fondo compensador de desequilibrios;fondo compensador de desequilibrios;26,4
2008;san luis;regimen simplificado para pequeños contribuyentes ley 24977 art 59 inciso a;regimen simplificado para pequeños contribuyentes ley 24977 art 59 inciso a;9,1651
2008;santa cruz;coparticipacion federal de impuestos neta ley 26075;coparticipacion federal de impuestos neta ley 26075;802,9141
2008;santa cruz;financiamiento educativo ley 26075;financiamiento educativo ley 26075;24,1734
2008;santa cruz;transferencia de servicios ley 24049;transferencia de servicios ley 24049;8,5
2008;santa cruz;impuesto a las ganancias;obras de infraestructura basica social;10,6879
2008;santa cruz;impuesto a las ganancias;excedente obras de caracter social a buenos aires;93,1241
2008;santa cruz;impuesto a las ganancias;ley 24699;6,8856
2008;santa cruz;impuesto sobre los bienes personales;ley 24699;28,3803
2008;santa cruz;impuesto sobre los bienes personales;ley 23966 art 30;2,5649
2008;santa cruz;impuesto sobre los activos fondo educacion ley 23906;impuesto sobre los activos fondo educacion ley 23906;0,0278
2008;santa cruz;i.v.a.ley 23966 art 5 punto 2;i.v.a.ley 23966 art 5 punto 2;6,4792
2008;santa cruz;impuesto a los combustibles liquidos ley 23966 y 24699;obras de infraestructura;3,8012
2008;santa cruz;impuesto a los combustibles liquidos ley 23966 y 24699;vialidad provincial;14,4509
2008;santa cruz;impuesto a los combustibles liquidos ley 23966 y 24699;f.e.d.e.i.;3,7959
2008;santa cruz;impuesto a los combustibles liquidos ley 23966 y 24699;ley 24464 fo.na.vi;37,524
2008;santa cruz;regimen de energia electrica ley 24065;fondo para compensaciones de tarifa electrica;8,6895
2008;santa cruz;regimen de energia electrica ley 24065;transferencia a empresas de energia electrica;35
2008;santa cruz;regimen de energia electrica ley 24065;f.e.d.e.i.;9,3617
2008;santa cruz;fondo compensador de desequilibrios;fondo compensador de desequilibrios;36
2008;santa cruz;regimen simplificado para pequeños contribuyentes ley 24977 art 59 inciso a;regimen simplificado para pequeños contribuyentes ley 24977 art 59 inciso a;6,3507
2008;santa fe;coparticipacion federal de impuestos neta ley 26075;coparticipacion federal de impuestos neta ley 26075;4401,5012
2008;santa fe;financiamiento educativo ley 26075;financiamiento educativo ley 26075;272,4298
2008;santa fe;transferencia de servicios ley 24049;transferencia de servicios ley 24049;135,489
2008;santa fe;impuesto a las ganancias;obras de infraestructura basica social;235,4925
2008;santa fe;impuesto a las ganancias;excedente obras de caracter social a buenos aires;526,2469
2008;santa fe;impuesto a las ganancias;ley 24699;38,91
2008;santa fe;impuesto sobre los bienes personales;ley 24699;160,379
2008;santa fe;impuesto sobre los bienes personales;ley 23966 art 30;34,592
2008;santa fe;impuesto sobre los activos fondo educacion ley 23906;impuesto sobre los activos fondo educacion ley 23906;0,1126
2008;santa fe;i.v.a.ley 23966 art 5 punto 2;i.v.a.ley 23966 art 5 punto 2;87,3832
2008;santa fe;impuesto a los combustibles liquidos ley 23966 y 24699;obras de infraestructura;50,5149
2008;santa fe;impuesto a los combustibles liquidos ley 23966 y 24699;vialidad provincial;49,486
2008;santa fe;impuesto a los combustibles liquidos ley 23966 y 24699;f.e.d.e.i.;2,3914
2008;santa fe;impuesto a los combustibles liquidos ley 23966 y 24699;ley 24464 fo.na.vi;66,2532
2008;santa fe;regimen de energia electrica ley 24065;fondo para compensaciones de tarifa electrica;6,3586
2008;santa fe;regimen de energia electrica ley 24065;f.e.d.e.i.;5,8932
2008;santa fe;fondo compensador de desequilibrios;fondo compensador de desequilibrios;6
2008;santa fe;regimen simplificado para pequeños contribuyentes ley 24977 art 59 inciso a;regimen simplificado para pequeños contribuyentes ley 24977 art 59 inciso a;35,8877
2008;sgo. del estero;coparticipacion federal de impuestos neta ley 26075;coparticipacion federal de impuestos neta ley 26075;2029,0753
2008;sgo. del estero;financiamiento educativo ley 26075;financiamiento educativo ley 26075;131,6105
2008;sgo. del estero;transferencia de servicios ley 24049;transferencia de servicios ley 24049;31,6
2008;sgo. del estero;impuesto a las ganancias;obras de infraestructura basica social;134,0969
2008;sgo. del estero;impuesto a las ganancias;excedente obras de caracter social a buenos aires;243,2788
2008;sgo. del estero;impuesto a las ganancias;ley 24699;17,9879
2008;sgo. del estero;impuesto sobre los bienes personales;ley 24699;74,1407
2008;sgo. del estero;impuesto sobre los activos fondo educacion ley 23906;impuesto sobre los activos fondo educacion ley 23906;0,0559
2008;sgo. del estero;impuesto a los combustibles liquidos ley 23966 y 24699;obras de infraestructura;9,93
2008;sgo. del estero;impuesto a los combustibles liquidos ley 23966 y 24699;vialidad provincial;17,7593
2008;sgo. del estero;impuesto a los combustibles liquidos ley 23966 y 24699;f.e.d.e.i.;3,1885
2008;sgo. del estero;impuesto a los combustibles liquidos ley 23966 y 24699;ley 24464 fo.na.vi;50,4228
2008;sgo. del estero;regimen de energia electrica ley 24065;fondo para compensaciones de tarifa electrica;10,7375
2008;sgo. del estero;regimen de energia electrica ley 24065;f.e.d.e.i.;7,8642
2008;sgo. del estero;fondo compensador de desequilibrios;fondo compensador de desequilibrios;26,4
2008;sgo. del estero;regimen simplificado para pequeños contribuyentes ley 24977 art 59 inciso a;regimen simplificado para pequeños contribuyentes ley 24977 art 59 inciso a;16,5904
2008;tucuman;coparticipacion federal de impuestos neta ley 26075;coparticipacion federal de impuestos neta ley 26075;2327,6742
2008;tucuman;financiamiento educativo ley 26075;financiamiento educativo ley 26075;160,3883
2008;tucuman;transferencia de servicios ley 24049;transferencia de servicios ley 24049;55,8
2008;tucuman;impuesto a las ganancias;obras de infraestructura basica social;170,1749
2008;tucuman;impuesto a las ganancias;excedente obras de caracter social a buenos aires;280,1362
2008;tucuman;impuesto a las ganancias;ley 24699;20,7132
2008;tucuman;impuesto sobre los bienes personales;ley 24699;85,3742
2008;tucuman;impuesto sobre los activos fondo educacion ley 23906;impuesto sobre los activos fondo educacion ley 23906;0,0508
2008;tucuman;impuesto a los combustibles liquidos ley 23966 y 24699;obras de infraestructura;11,4345
2008;tucuman;impuesto a los combustibles liquidos ley 23966 y 24699;vialidad provincial;16,2182
2008;tucuman;impuesto a los combustibles liquidos ley 23966 y 24699;f.e.d.e.i.;2,4559
2008;tucuman;impuesto a los combustibles liquidos ley 23966 y 24699;ley 24464 fo.na.vi;49,2502
2008;tucuman;regimen de energia electrica ley 24065;fondo para compensaciones de tarifa electrica;8,541
2008;tucuman;regimen de energia electrica ley 24065;f.e.d.e.i.;6,0572
2008;tucuman;fondo compensador de desequilibrios;fondo compensador de desequilibrios;26,4
2008;tucuman;regimen simplificado para pequeños contribuyentes ley 24977 art 59 inciso a;regimen simplificado para pequeños contribuyentes ley 24977 art 59 inciso a;19,1041
2008;tierra del fuego;coparticipacion federal de impuestos neta ley 26075;coparticipacion federal de impuestos neta ley 26075;633,3735
2008;tierra del fuego;financiamiento educativo ley 26075;financiamiento educativo ley 26075;15,3482
2008;tierra del fuego;transferencia de servicios ley 24049;transferencia de servicios ley 24049;12
2008;tierra del fuego;impuesto a las ganancias;obras de infraestructura basica social;7,5046
2008;tierra del fuego;impuesto a las ganancias;excedente obras de caracter social a buenos aires;72,625
2008;tierra del fuego;impuesto a las ganancias;ley 24699;5,37
2008;tierra del fuego;impuesto sobre los bienes personales;ley 24699;22,1324
2008;tierra del fuego;impuesto sobre los bienes personales;ley 23966 art 30;0,2275
2008;tierra del fuego;impuesto sobre los activos fondo educacion ley 23906;impuesto sobre los activos fondo educacion ley 23906;0,0133
2008;tierra del fuego;i.v.a.ley 23966 art 5 punto 2;i.v.a.ley 23966 art 5 punto 2;0,5747
2008;tierra del fuego;impuesto a los combustibles liquidos ley 23966 y 24699;obras de infraestructura;2,9644
2008;tierra del fuego;impuesto a los combustibles liquidos ley 23966 y 24699;vialidad provincial;7,8982
2008;tierra del fuego;impuesto a los combustibles liquidos ley 23966 y 24699;f.e.d.e.i.;2,7914
2008;tierra del fuego;impuesto a los combustibles liquidos ley 23966 y 24699;ley 24464 fo.na.vi;31,0745
2008;tierra del fuego;regimen de energia electrica ley 24065;fondo para compensaciones de tarifa electrica;6,5293
2008;tierra del fuego;regimen de energia electrica ley 24065;f.e.d.e.i.;6,8844
2008;tierra del fuego;fondo compensador de desequilibrios;fondo compensador de desequilibrios;36
2008;tierra del fuego;regimen simplificado para pequeños contribuyentes ley 24977 art 59 inciso a;regimen simplificado para pequeños contribuyentes ley 24977 art 59 inciso a;4,9527
2008;c.a.b.a;coparticipacion federal de impuestos neta ley 26075;coparticipacion federal de impuestos neta ley 26075;1119,2312
2008;c.a.b.a;financiamiento educativo ley 26075;financiamiento educativo ley 26075;202,212
2008;c.a.b.a;impuesto sobre los activos fondo educacion ley 23906;impuesto sobre los activos fondo educacion ley 23906;0,0483
2008;c.a.b.a;impuesto a los combustibles liquidos ley 23966 y 24699;ley 24464 fo.na.vi;15,2441
2008;tesoro nacional;coparticipacion federal de impuestos neta ley 26075;coparticipacion federal de impuestos neta ley 26075;37982,0542
2008;tesoro nacional;impuesto sobre los bienes personales;ley 24699;1316,56
2008;tesoro nacional;impuesto sobre los activos fondo educacion ley 23906;impuesto sobre los activos fondo educacion ley 23906;0,7302
2008;tesoro nacional;impuesto a los combustibles liquidos ley 23966 y 24699;vialidad provincial;809,6688
2008;seguridad social;coparticipacion federal de impuestos neta ley 26075;coparticipacion federal de impuestos neta ley 26075;16753,8358
2008;seguridad social;impuesto a las ganancias;obras de infraestructura basica social;10615,6711
2008;seguridad social;impuesto a las ganancias;ley 24699;120
2008;seguridad social;i.v.a.ley 23966 art 5 punto 2;i.v.a.ley 23966 art 5 punto 2;7986,9678
2008;seguridad social;regimen simplificado para pequeños contribuyentes ley 24977 art 59 inciso a;regimen simplificado para pequeños contribuyentes ley 24977 art 59 inciso a;946,9194
2008;fondo a.t.n.;coparticipacion federal de impuestos neta ley 26075;coparticipacion federal de impuestos neta ley 26075;943,888
2008;fondo a.t.n.;impuesto a las ganancias;obras de infraestructura basica social;1061,5671
2008;fondo a.t.n.;impuesto a las ganancias;ley 24699;20
2008;fondo a.t.n.;impuesto sobre los bienes personales;ley 24699;31,6177
2009;buenos aires;coparticipacion federal de impuestos neta ley 26075;coparticipacion federal de impuestos neta ley 26075;10421,852
2009;buenos aires;financiamiento educativo ley 26075;financiamiento educativo ley 26075;2113,4295
2009;buenos aires;transferencia de servicios ley 24049;transferencia de servicios ley 24049;420,1
2009;buenos aires;impuesto a las ganancias;obras de infraestructura basica social;650,9038
2009;buenos aires;impuesto a las ganancias;ley 24699;95,6087
2009;buenos aires;impuesto sobre los bienes personales;ley 24699;471,6263
2009;buenos aires;impuesto sobre los bienes personales;ley 23966 art 30;112,2804
2009;buenos aires;impuesto sobre los activos fondo educacion ley 23906;impuesto sobre los activos fondo educacion ley 23906;0,3907
2009;buenos aires;i.v.a.ley 23966 art 5 punto 2;i.v.a.ley 23966 art 5 punto 2;259,7453
2009;buenos aires;impuesto a los combustibles liquidos ley 23966 y 24699;obras de infraestructura;38,8774
2009;buenos aires;impuesto a los combustibles liquidos ley 23966 y 24699;vialidad provincial;147,9795
2009;buenos aires;impuesto a los combustibles liquidos ley 23966 y 24699;f.e.d.e.i.;4,4122
2009;buenos aires;impuesto a los combustibles liquidos ley 23966 y 24699;ley 24464 fo.na.vi;221,8885
2009;buenos aires;regimen de energia electrica ley 24065;fondo para compensaciones de tarifa electrica;23,4684
2009;buenos aires;regimen de energia electrica ley 24065;f.e.d.e.i.;7,3054
2009;buenos aires;regimen simplificado para pequeños contribuyentes ley 24977 art 59 inciso a;regimen simplificado para pequeños contribuyentes ley 24977 art 59 inciso a;100,9697
2009;catamarca;coparticipacion federal de impuestos neta ley 26075;coparticipacion federal de impuestos neta ley 26075;1454,561
2009;catamarca;financiamiento educativo ley 26075;financiamiento educativo ley 26075;117,6758
2009;catamarca;transferencia de servicios ley 24049;transferencia de servicios ley 24049;21,4
2009;catamarca;impuesto a las ganancias;obras de infraestructura basica social;39,3637
2009;catamarca;impuesto a las ganancias;excedente obras de caracter social a buenos aires;168,5785
2009;catamarca;impuesto a las ganancias;ley 24699;11,9916
2009;catamarca;impuesto sobre los bienes personales;ley 24699;59,1537
2009;catamarca;impuesto sobre los activos fondo educacion ley 23906;impuesto sobre los activos fondo educacion ley 23906;0,0292
2009;catamarca;impuesto a los combustibles liquidos ley 23966 y 24699;obras de infraestructura;8,6391
2009;catamarca;impuesto a los combustibles liquidos ley 23966 y 24699;vialidad provincial;14,3827
2009;catamarca;impuesto a los combustibles liquidos ley 23966 y 24699;f.e.d.e.i.;5,4488
2009;catamarca;impuesto a los combustibles liquidos ley 23966 y 24699;ley 24464 fo.na.vi;32,1356
2009;catamarca;regimen de energia electrica ley 24065;fondo para compensaciones de tarifa electrica;15,0172
2009;catamarca;regimen de energia electrica ley 24065;f.e.d.e.i.;9,3671
2009;catamarca;fondo compensador de desequilibrios;fondo compensador de desequilibrios;26,4
2009;catamarca;regimen simplificado para pequeños contribuyentes ley 24977 art 59 inciso a;regimen simplificado para pequeños contribuyentes ley 24977 art 59 inciso a;12,6643
2009;cordoba;coparticipacion federal de impuestos neta ley 26075;coparticipacion federal de impuestos neta ley 26075;4555,2298
2009;cordoba;financiamiento educativo ley 26075;financiamiento educativo ley 26075;513,3097
2009;cordoba;transferencia de servicios ley 24049;transferencia de servicios ley 24049;125,3
2009;cordoba;impuesto a las ganancias;obras de infraestructura basica social;217,8338
2009;cordoba;impuesto a las ganancias;excedente obras de caracter social a buenos aires;543,4503
2009;cordoba;impuesto a las ganancias;ley 24699;38,658
2009;cordoba;impuesto sobre los bienes personales;ley 24699;190,6983
2009;cordoba;impuesto sobre los bienes personales;ley 23966 art 30;38,3443
2009;cordoba;impuesto sobre los activos fondo educacion ley 23906;impuesto sobre los activos fondo educacion ley 23906;0,1082
2009;cordoba;i.v.a.ley 23966 art 5 punto 2;i.v.a.ley 23966 art 5 punto 2;88,7041
2009;cordoba;impuesto a los combustibles liquidos ley 23966 y 24699;obras de infraestructura;27,8502
2009;cordoba;impuesto a los combustibles liquidos ley 23966 y 24699;vialidad provincial;49,7466
2009;cordoba;impuesto a los combustibles liquidos ley 23966 y 24699;f.e.d.e.i.;3,6132
2009;cordoba;impuesto a los combustibles liquidos ley 23966 y 24699;ley 24464 fo.na.vi;86,46
2009;cordoba;regimen de energia electrica ley 24065;fondo para compensaciones de tarifa electrica;9,9593
2009;cordoba;regimen de energia electrica ley 24065;f.e.d.e.i.;6,219
2009;cordoba;fondo compensador de desequilibrios;fondo compensador de desequilibrios;6
2009;cordoba;regimen simplificado para pequeños contribuyentes ley 24977 art 59 inciso a;regimen simplificado para pequeños contribuyentes ley 24977 art 59 inciso a;40,8266
2009;corrientes;coparticipacion federal de impuestos neta ley 26075;coparticipacion federal de impuestos neta ley 26075;1894,734
2009;corrientes;financiamiento educativo ley 26075;financiamiento educativo ley 26075;227,2359
2009;corrientes;transferencia de servicios ley 24049;transferencia de servicios ley 24049;38,6
2009;corrientes;impuesto a las ganancias;obras de infraestructura basica social;146,2211
2009;corrientes;impuesto a las ganancias;excedente obras de caracter social a buenos aires;227,5229
2009;corrientes;impuesto a las ganancias;ley 24699;16,1844
2009;corrientes;impuesto sobre los bienes personales;ley 24699;79,8368
2009;corrientes;impuesto sobre los bienes personales;ley 23966 art 30;12,2607
2009;corrientes;impuesto sobre los activos fondo educacion ley 23906;impuesto sobre los activos fondo educacion ley 23906;0,0485
2009;corrientes;i.v.a.ley 23966 art 5 punto 2;i.v.a.ley 23966 art 5 punto 2;28,3635
2009;corrientes;impuesto a los combustibles liquidos ley 23966 y 24699;obras de infraestructura;11,6596
2009;corrientes;impuesto a los combustibles liquidos ley 23966 y 24699;vialidad provincial;18,5973
2009;corrientes;impuesto a los combustibles liquidos ley 23966 y 24699;f.e.d.e.i.;5,0015
2009;corrientes;impuesto a los combustibles liquidos ley 23966 y 24699;ley 24464 fo.na.vi;75,7481
2009;corrientes;regimen de energia electrica ley 24065;fondo para compensaciones de tarifa electrica;12,7254
2009;corrientes;regimen de energia electrica ley 24065;f.e.d.e.i.;8,8068
2009;corrientes;fondo compensador de desequilibrios;fondo compensador de desequilibrios;18
2009;corrientes;regimen simplificado para pequeños contribuyentes ley 24977 art 59 inciso a;regimen simplificado para pequeños contribuyentes ley 24977 art 59 inciso a;17,0922
2009;chaco;coparticipacion federal de impuestos neta ley 26075;coparticipacion federal de impuestos neta ley 26075;2598,0639
2009;chaco;financiamiento educativo ley 26075;financiamiento educativo ley 26075;249,5538
2009;chaco;transferencia de servicios ley 24049;transferencia de servicios ley 24049;33,6
2009;chaco;impuesto a las ganancias;obras de infraestructura basica social;178,9077
2009;chaco;impuesto a las ganancias;excedente obras de caracter social a buenos aires;305,3247
2009;chaco;impuesto a las ganancias;ley 24699;21,7188
2009;chaco;impuesto sobre los bienes personales;ley 24699;107,1385
2009;chaco;impuesto sobre los bienes personales;ley 23966 art 30;9,639
2009;chaco;impuesto sobre los activos fondo educacion ley 23906;impuesto sobre los activos fondo educacion ley 23906;0,0634
2009;chaco;i.v.a.ley 23966 art 5 punto 2;i.v.a.ley 23966 art 5 punto 2;22,2985
2009;chaco;impuesto a los combustibles liquidos ley 23966 y 24699;obras de infraestructura;15,6469
2009;chaco;impuesto a los combustibles liquidos ley 23966 y 24699;vialidad provincial;18,3165
2009;chaco;impuesto a los combustibles liquidos ley 23966 y 24699;f.e.d.e.i.;4,8587
2009;chaco;impuesto a los combustibles liquidos ley 23966 y 24699;ley 24464 fo.na.vi;70,3922
2009;chaco;regimen de energia electrica ley 24065;fondo para compensaciones de tarifa electrica;13,362
2009;chaco;regimen de energia electrica ley 24065;f.e.d.e.i.;8,3525
2009;chaco;fondo compensador de desequilibrios;fondo compensador de desequilibrios;6
2009;chaco;regimen simplificado para pequeños contribuyentes ley 24977 art 59 inciso a;regimen simplificado para pequeños contribuyentes ley 24977 art 59 inciso a;22,9374
2009;chubut;coparticipacion federal de impuestos neta ley 26075;coparticipacion federal de impuestos neta ley 26075;802,6611
2009;chubut;financiamiento educativo ley 26075;financiamiento educativo ley 26075;100,092
2009;chubut;transferencia de servicios ley 24049;transferencia de servicios ley 24049;24,2
2009;chubut;impuesto a las ganancias;obras de infraestructura basica social;34,7862
2009;chubut;impuesto a las ganancias;excedente obras de caracter social a buenos aires;96,7947
2009;chubut;impuesto a las ganancias;ley 24699;6,8856
2009;chubut;impuesto sobre los bienes personales;ley 24699;33,9651
2009;chubut;impuesto sobre los bienes personales;ley 23966 art 30;3,7706
2009;chubut;impuesto sobre los activos fondo educacion ley 23906;impuesto sobre los activos fondo educacion ley 23906;0,0293
2009;chubut;i.v.a.ley 23966 art 5 punto 2;i.v.a.ley 23966 art 5 punto 2;8,7228
2009;chubut;impuesto a los combustibles liquidos ley 23966 y 24699;obras de infraestructura;4,9605
2009;chubut;impuesto a los combustibles liquidos ley 23966 y 24699;vialidad provincial;19,0034
2009;chubut;impuesto a los combustibles liquidos ley 23966 y 24699;f.e.d.e.i.;5,0944
2009;chubut;impuesto a los combustibles liquidos ley 23966 y 24699;ley 24464 fo.na.vi;48,9685
2009;chubut;regimen de energia electrica ley 24065;fondo para compensaciones de tarifa electrica;14,5757
2009;chubut;regimen de energia electrica ley 24065;f.e.d.e.i.;8,7681
2009;chubut;fondo compensador de desequilibrios;fondo compensador de desequilibrios;36
2009;chubut;regimen simplificado para pequeños contribuyentes ley 24977 art 59 inciso a;regimen simplificado para pequeños contribuyentes ley 24977 art 59 inciso a;7,2717
2009;entre rios;coparticipacion federal de impuestos neta ley 26075;coparticipacion federal de impuestos neta ley 26075;2559,2348
2009;entre rios;financiamiento educativo ley 26075;financiamiento educativo ley 26075;227,9122
2009;entre rios;transferencia de servicios ley 24049;transferencia de servicios ley 24049;67,5
2009;entre rios;impuesto a las ganancias;obras de infraestructura basica social;112,0838
2009;entre rios;impuesto a las ganancias;excedente obras de caracter social a buenos aires;298,842
2009;entre rios;impuesto a las ganancias;ley 24699;21,258
2009;entre rios;impuesto sobre los bienes personales;ley 24699;104,8634
2009;entre rios;impuesto sobre los bienes personales;ley 23966 art 30;16,6406
2009;entre rios;impuesto sobre los activos fondo educacion ley 23906;impuesto sobre los activos fondo educacion ley 23906;0,0502
2009;entre rios;i.v.a.ley 23966 art 5 punto 2;i.v.a.ley 23966 art 5 punto 2;38,4956
2009;entre rios;impuesto a los combustibles liquidos ley 23966 y 24699;obras de infraestructura;15,3144
2009;entre rios;impuesto a los combustibles liquidos ley 23966 y 24699;vialidad provincial;24,9802
2009;entre rios;impuesto a los combustibles liquidos ley 23966 y 24699;f.e.d.e.i.;4,1814
2009;entre rios;impuesto a los combustibles liquidos ley 23966 y 24699;ley 24464 fo.na.vi;59,6804
2009;entre rios;regimen de energia electrica ley 24065;fondo para compensaciones de tarifa electrica;13,3747
2009;entre rios;regimen de energia electrica ley 24065;f.e.d.e.i.;7,1968
2009;entre rios;fondo compensador de desequilibrios;fondo compensador de desequilibrios;21,6
2009;entre rios;regimen simplificado para pequeños contribuyentes ley 24977 art 59 inciso a;regimen simplificado para pequeños contribuyentes ley 24977 art 59 inciso a;22,45
2009;formosa;coparticipacion federal de impuestos neta ley 26075;coparticipacion federal de impuestos neta ley 26075;1927,177
2009;formosa;financiamiento educativo ley 26075;financiamiento educativo ley 26075;150,8143
2009;formosa;transferencia de servicios ley 24049;transferencia de servicios ley 24049;20,7
2009;formosa;impuesto a las ganancias;obras de infraestructura basica social;90,1095
2009;formosa;impuesto a las ganancias;excedente obras de caracter social a buenos aires;222,8074
2009;formosa;impuesto a las ganancias;ley 24699;15,8495
2009;formosa;impuesto sobre los bienes personales;ley 24699;78,1822
2009;formosa;impuesto sobre los bienes personales;ley 23966 art 30;4,49
2009;formosa;impuesto sobre los activos fondo educacion ley 23906;impuesto sobre los activos fondo educacion ley 23906;0,0342
2009;formosa;i.v.a.ley 23966 art 5 punto 2;i.v.a.ley 23966 art 5 punto 2;10,3871
2009;formosa;impuesto a los combustibles liquidos ley 23966 y 24699;obras de infraestructura;11,4181
2009;formosa;impuesto a los combustibles liquidos ley 23966 y 24699;vialidad provincial;15,0981
2009;formosa;impuesto a los combustibles liquidos ley 23966 y 24699;f.e.d.e.i.;5,6145
2009;formosa;impuesto a los combustibles liquidos ley 23966 y 24699;ley 24464 fo.na.vi;61,2106
2009;formosa;regimen de energia electrica ley 24065;fondo para compensaciones de tarifa electrica;13,7759
2009;formosa;regimen de energia electrica ley 24065;f.e.d.e.i.;9,6633
2009;formosa;fondo compensador de desequilibrios;fondo compensador de desequilibrios;26,4
2009;formosa;regimen simplificado para pequeños contribuyentes ley 24977 art 59 inciso a;regimen simplificado para pequeños contribuyentes ley 24977 art 59 inciso a;16,7381
2009;jujuy;coparticipacion federal de impuestos neta ley 26075;coparticipacion federal de impuestos neta ley 26075;1467,517
2009;jujuy;financiamiento educativo ley 26075;financiamiento educativo ley 26075;154,1958
2009;jujuy;transferencia de servicios ley 24049;transferencia de servicios ley 24049;33,3
2009;jujuy;impuesto a las ganancias;obras de infraestructura basica social;96,9244
2009;jujuy;impuesto a las ganancias;excedente obras de caracter social a buenos aires;173,8847
2009;jujuy;impuesto a las ganancias;ley 24699;12,3695
2009;jujuy;impuesto sobre los bienes personales;ley 24699;61,0152
2009;jujuy;impuesto sobre los activos fondo educacion ley 23906;impuesto sobre los activos fondo educacion ley 23906;0,0311
2009;jujuy;impuesto a los combustibles liquidos ley 23966 y 24699;obras de infraestructura;8,9107
2009;jujuy;impuesto a los combustibles liquidos ley 23966 y 24699;vialidad provincial;13,8826
2009;jujuy;impuesto a los combustibles liquidos ley 23966 y 24699;f.e.d.e.i.;4,5307
2009;jujuy;impuesto a los combustibles liquidos ley 23966 y 24699;ley 24464 fo.na.vi;45,908
2009;jujuy;regimen de energia electrica ley 24065;fondo para compensaciones de tarifa electrica;16,2142
2009;jujuy;regimen de energia electrica ley 24065;f.e.d.e.i.;7,7979
2009;jujuy;fondo compensador de desequilibrios;fondo compensador de desequilibrios;26,4
2009;jujuy;regimen simplificado para pequeños contribuyentes ley 24977 art 59 inciso a;regimen simplificado para pequeños contribuyentes ley 24977 art 59 inciso a;13,0625
2009;la pampa;coparticipacion federal de impuestos neta ley 26075;coparticipacion federal de impuestos neta ley 26075;996,2343
2009;la pampa;financiamiento educativo ley 26075;financiamiento educativo ley 26075;75,7453
2009;la pampa;transferencia de servicios ley 24049;transferencia de servicios ley 24049;19,2
2009;la pampa;impuesto a las ganancias;obras de infraestructura basica social;16,9235
2009;la pampa;impuesto a las ganancias;excedente obras de caracter social a buenos aires;114,9404
2009;la pampa;impuesto a las ganancias;ley 24699;8,1756
2009;la pampa;impuesto sobre los bienes personales;ley 24699;40,3321
2009;la pampa;impuesto sobre los bienes personales;ley 23966 art 30;3,2482
2009;la pampa;impuesto sobre los activos fondo educacion ley 23906;impuesto sobre los activos fondo educacion ley 23906;0,0258
2009;la pampa;i.v.a.ley 23966 art 5 punto 2;i.v.a.ley 23966 art 5 punto 2;7,5142
2009;la pampa;impuesto a los combustibles liquidos ley 23966 y 24699;obras de infraestructura;5,8902
2009;la pampa;impuesto a los combustibles liquidos ley 23966 y 24699;vialidad provincial;16,7021
2009;la pampa;impuesto a los combustibles liquidos ley 23966 y 24699;f.e.d.e.i.;4,0217
2009;la pampa;impuesto a los combustibles liquidos ley 23966 y 24699;ley 24464 fo.na.vi;30,6053
2009;la pampa;regimen de energia electrica ley 24065;fondo para compensaciones de tarifa electrica;12,4912
2009;la pampa;regimen de energia electrica ley 24065;f.e.d.e.i.;6,922
2009;la pampa;fondo compensador de desequilibrios;fondo compensador de desequilibrios;30
2009;la pampa;regimen simplificado para pequeños contribuyentes ley 24977 art 59 inciso a;regimen simplificado para pequeños contribuyentes ley 24977 art 59 inciso a;8,6346
2009;la rioja;coparticipacion federal de impuestos neta ley 26075;coparticipacion federal de impuestos neta ley 26075;1085,892
2009;la rioja;financiamiento educativo ley 26075;financiamiento educativo ley 26075;96,0342
2009;la rioja;transferencia de servicios ley 24049;transferencia de servicios ley 24049;20,3
2009;la rioja;impuesto a las ganancias;obras de infraestructura basica social;32,5714
2009;la rioja;impuesto a las ganancias;excedente obras de caracter social a buenos aires;126,7292
2009;la rioja;impuesto a las ganancias;ley 24699;9,0144
2009;la rioja;impuesto sobre los bienes personales;ley 24699;44,4687
2009;la rioja;impuesto sobre los activos fondo educacion ley 23906;impuesto sobre los activos fondo educacion ley 23906;0,0251
2009;la rioja;impuesto a los combustibles liquidos ley 23966 y 24699;obras de infraestructura;6,4944
2009;la rioja;impuesto a los combustibles liquidos ley 23966 y 24699;vialidad provincial;13,8302
2009;la rioja;impuesto a los combustibles liquidos ley 23966 y 24699;f.e.d.e.i.;5,299
2009;la rioja;impuesto a los combustibles liquidos ley 23966 y 24699;ley 24464 fo.na.vi;30,6053
2009;la rioja;regimen de energia electrica ley 24065;fondo para compensaciones de tarifa electrica;12,7099
2009;la rioja;regimen de energia electrica ley 24065;f.e.d.e.i.;9,1203
2009;la rioja;fondo compensador de desequilibrios;fondo compensador de desequilibrios;26,4
2009;la rioja;regimen simplificado para pequeños contribuyentes ley 24977 art 59 inciso a;regimen simplificado para pequeños contribuyentes ley 24977 art 59 inciso a;9,5203
2009;mendoza;coparticipacion federal de impuestos neta ley 26075;coparticipacion federal de impuestos neta ley 26075;2084,1262
2009;mendoza;financiamiento educativo ley 26075;financiamiento educativo ley 26075;296,2183
2009;mendoza;transferencia de servicios ley 24049;transferencia de servicios ley 24049;61,7
2009;mendoza;impuesto a las ganancias;obras de infraestructura basica social;133,3716
2009;mendoza;impuesto a las ganancias;excedente obras de caracter social a buenos aires;255,2256
2009;mendoza;impuesto a las ganancias;ley 24699;18,1548
2009;mendoza;impuesto sobre los bienes personales;ley 24699;89,5579
2009;mendoza;impuesto sobre los activos fondo educacion ley 23906;impuesto sobre los activos fondo educacion ley 23906;0,0533
2009;mendoza;impuesto a los combustibles liquidos ley 23966 y 24699;obras de infraestructura;13,0794
2009;mendoza;impuesto a los combustibles liquidos ley 23966 y 24699;vialidad provincial;28,0453
2009;mendoza;impuesto a los combustibles liquidos ley 23966 y 24699;f.e.d.e.i.;4,1131
2009;mendoza;impuesto a los combustibles liquidos ley 23966 y 24699;ley 24464 fo.na.vi;61,2106
2009;mendoza;regimen de energia electrica ley 24065;fondo para compensaciones de tarifa electrica;9,8402
2009;mendoza;regimen de energia electrica ley 24065;f.e.d.e.i.;7,0792
2009;mendoza;fondo compensador de desequilibrios;fondo compensador de desequilibrios;26,4
2009;mendoza;regimen simplificado para pequeños contribuyentes ley 24977 art 59 inciso a;regimen simplificado para pequeños contribuyentes ley 24977 art 59 inciso a;19,1735
2009;misiones;coparticipacion federal de impuestos neta ley 26075;coparticipacion federal de impuestos neta ley 26075;1612,3605
2009;misiones;financiamiento educativo ley 26075;financiamiento educativo ley 26075;273,2242
2009;misiones;transferencia de servicios ley 24049;transferencia de servicios ley 24049;34,1
2009;misiones;impuesto a las ganancias;obras de infraestructura basica social;144,0048
2009;misiones;impuesto a las ganancias;excedente obras de caracter social a buenos aires;202,1732
2009;misiones;impuesto a las ganancias;ley 24699;14,382
2009;misiones;impuesto sobre los bienes personales;ley 24699;70,9431
2009;misiones;impuesto sobre los bienes personales;ley 23966 art 30;5,2641
2009;misiones;impuesto sobre los activos fondo educacion ley 23906;impuesto sobre los activos fondo educacion ley 23906;0,0397
2009;misiones;i.v.a.ley 23966 art 5 punto 2;i.v.a.ley 23966 art 5 punto 2;12,1777
2009;misiones;impuesto a los combustibles liquidos ley 23966 y 24699;obras de infraestructura;10,3606
2009;misiones;impuesto a los combustibles liquidos ley 23966 y 24699;vialidad provincial;26,2294
2009;misiones;impuesto a los combustibles liquidos ley 23966 y 24699;f.e.d.e.i.;5,9781
2009;misiones;impuesto a los combustibles liquidos ley 23966 y 24699;ley 24464 fo.na.vi;71,9225
2009;misiones;regimen de energia electrica ley 24065;fondo para compensaciones de tarifa electrica;15,8922
2009;misiones;regimen de energia electrica ley 24065;f.e.d.e.i.;12,2471
2009;misiones;fondo compensador de desequilibrios;fondo compensador de desequilibrios;26,4
2009;misiones;regimen simplificado para pequeños contribuyentes ley 24977 art 59 inciso a;regimen simplificado para pequeños contribuyentes ley 24977 art 59 inciso a;15,188
2009;neuquen;coparticipacion federal de impuestos neta ley 26075;coparticipacion federal de impuestos neta ley 26075;877,0925
2009;neuquen;financiamiento educativo ley 26075;financiamiento educativo ley 26075;113,618
2009;neuquen;transferencia de servicios ley 24049;transferencia de servicios ley 24049;17,4
2009;neuquen;impuesto a las ganancias;obras de infraestructura basica social;44,0123
2009;neuquen;impuesto a las ganancias;excedente obras de caracter social a buenos aires;106,2258
2009;neuquen;impuesto a las ganancias;ley 24699;7,5564
2009;neuquen;impuesto sobre los bienes personales;ley 24699;37,2744
2009;neuquen;impuesto sobre los bienes personales;ley 23966 art 30;2,3674
2009;neuquen;impuesto sobre los activos fondo educacion ley 23906;impuesto sobre los activos fondo educacion ley 23906;0,0352
2009;neuquen;i.v.a.ley 23966 art 5 punto 2;i.v.a.ley 23966 art 5 punto 2;5,4767
2009;neuquen;impuesto a los combustibles liquidos ley 23966 y 24699;obras de infraestructura;5,4436
2009;neuquen;impuesto a los combustibles liquidos ley 23966 y 24699;vialidad provincial;17,3813
2009;neuquen;impuesto a los combustibles liquidos ley 23966 y 24699;f.e.d.e.i.;4,7246
2009;neuquen;impuesto a los combustibles liquidos ley 23966 y 24699;ley 24464 fo.na.vi;65,8014
2009;neuquen;regimen de energia electrica ley 24065;fondo para compensaciones de tarifa electrica;11,1073
2009;neuquen;regimen de energia electrica ley 24065;f.e.d.e.i.;8,1316
2009;neuquen;fondo compensador de desequilibrios;fondo compensador de desequilibrios;30
2009;neuquen;regimen simplificado para pequeños contribuyentes ley 24977 art 59 inciso a;regimen simplificado para pequeños contribuyentes ley 24977 art 59 inciso a;7,9799
2009;rio negro;coparticipacion federal de impuestos neta ley 26075;coparticipacion federal de impuestos neta ley 26075;1311,8043
2009;rio negro;financiamiento educativo ley 26075;financiamiento educativo ley 26075;128,4965
2009;rio negro;transferencia de servicios ley 24049;transferencia de servicios ley 24049;14,6
2009;rio negro;impuesto a las ganancias;obras de infraestructura basica social;53,9377
2009;rio negro;impuesto a las ganancias;excedente obras de caracter social a buenos aires;154,4319
2009;rio negro;impuesto a las ganancias;ley 24699;10,9848
2009;rio negro;impuesto sobre los bienes personales;ley 24699;54,1897
2009;rio negro;impuesto sobre los activos fondo educacion ley 23906;impuesto sobre los activos fondo educacion ley 23906;0,0408
2009;rio negro;impuesto a los combustibles liquidos ley 23966 y 24699;obras de infraestructura;7,9141
2009;rio negro;impuesto a los combustibles liquidos ley 23966 y 24699;vialidad provincial;16,3143
2009;rio negro;impuesto a los combustibles liquidos ley 23966 y 24699;f.e.d.e.i.;4,3898
2009;rio negro;impuesto a los combustibles liquidos ley 23966 y 24699;ley 24464 fo.na.vi;68,8619
2009;rio negro;regimen de energia electrica ley 24065;fondo para compensaciones de tarifa electrica;10,5083
2009;rio negro;regimen de energia electrica ley 24065;f.e.d.e.i.;6,7872
2009;rio negro;fondo compensador de desequilibrios;fondo compensador de desequilibrios;30
2009;rio negro;regimen simplificado para pequeños contribuyentes ley 24977 art 59 inciso a;regimen simplificado para pequeños contribuyentes ley 24977 art 59 inciso a;11,6016
2009;salta;coparticipacion federal de impuestos neta ley 26075;coparticipacion federal de impuestos neta ley 26075;1924,1819
2009;salta;financiamiento educativo ley 26075;financiamiento educativo ley 26075;263,756
2009;salta;transferencia de servicios ley 24049;transferencia de servicios ley 24049;39,8
2009;salta;impuesto a las ganancias;obras de infraestructura basica social;187,279
2009;salta;impuesto a las ganancias;excedente obras de caracter social a buenos aires;234,5963
2009;salta;impuesto a las ganancias;ley 24699;16,6872
2009;salta;impuesto sobre los bienes personales;ley 24699;82,3188
2009;salta;impuesto sobre los activos fondo educacion ley 23906;impuesto sobre los activos fondo educacion ley 23906;0,0541
2009;salta;impuesto a los combustibles liquidos ley 23966 y 24699;obras de infraestructura;12,0222
2009;salta;impuesto a los combustibles liquidos ley 23966 y 24699;vialidad provincial;22,4398
2009;salta;impuesto a los combustibles liquidos ley 23966 y 24699;f.e.d.e.i.;4,4911
2009;salta;impuesto a los combustibles liquidos ley 23966 y 24699;ley 24464 fo.na.vi;61,2106
2009;salta;regimen de energia electrica ley 24065;fondo para compensaciones de tarifa electrica;12,3145
2009;salta;regimen de energia electrica ley 24065;f.e.d.e.i.;7,7297
2009;salta;fondo compensador de desequilibrios;fondo compensador de desequilibrios;30
2009;salta;regimen simplificado para pequeños contribuyentes ley 24977 art 59 inciso a;regimen simplificado para pequeños contribuyentes ley 24977 art 59 inciso a;17,6238
2009;san juan;coparticipacion federal de impuestos neta ley 26075;coparticipacion federal de impuestos neta ley 26075;1787,5409
2009;san juan;financiamiento educativo ley 26075;financiamiento educativo ley 26075;142,0225
2009;san juan;transferencia de servicios ley 24049;transferencia de servicios ley 24049;30,1
2009;san juan;impuesto a las ganancias;obras de infraestructura basica social;59,4076
2009;san juan;impuesto a las ganancias;excedente obras de caracter social a buenos aires;206,8888
2009;san juan;impuesto a las ganancias;ley 24699;14,7168
2009;san juan;impuesto sobre los bienes personales;ley 24699;72,5977
2009;san juan;impuesto sobre los activos fondo educacion ley 23906;impuesto sobre los activos fondo educacion ley 23906;0,0306
2009;san juan;impuesto a los combustibles liquidos ley 23966 y 24699;obras de infraestructura;10,6025
2009;san juan;impuesto a los combustibles liquidos ley 23966 y 24699;vialidad provincial;16,228
2009;san juan;impuesto a los combustibles liquidos ley 23966 y 24699;f.e.d.e.i.;4,1606
2009;san juan;impuesto a los combustibles liquidos ley 23966 y 24699;ley 24464 fo.na.vi;55,8547
2009;san juan;regimen de energia electrica ley 24065;fondo para compensaciones de tarifa electrica;13,7102
2009;san juan;regimen de energia electrica ley 24065;f.e.d.e.i.;7,161
2009;san juan;fondo compensador de desequilibrios;fondo compensador de desequilibrios;26,4
2009;san juan;regimen simplificado para pequeños contribuyentes ley 24977 art 59 inciso a;regimen simplificado para pequeños contribuyentes ley 24977 art 59 inciso a;15,5425
2009;san luis;coparticipacion federal de impuestos neta ley 26075;coparticipacion federal de impuestos neta ley 26075;1214,2726
2009;san luis;financiamiento educativo ley 26075;financiamiento educativo ley 26075;88,595
2009;san luis;transferencia de servicios ley 24049;transferencia de servicios ley 24049;18,9
2009;san luis;impuesto a las ganancias;obras de infraestructura basica social;31,5773
2009;san luis;impuesto a las ganancias;excedente obras de caracter social a buenos aires;139,6946
2009;san luis;impuesto a las ganancias;ley 24699;9,9372
2009;san luis;impuesto sobre los bienes personales;ley 24699;49,019
2009;san luis;impuesto sobre los activos fondo educacion ley 23906;impuesto sobre los activos fondo educacion ley 23906;0,0253
2009;san luis;impuesto a los combustibles liquidos ley 23966 y 24699;obras de infraestructura;7,1588
2009;san luis;impuesto a los combustibles liquidos ley 23966 y 24699;vialidad provincial;17,4042
2009;san luis;impuesto a los combustibles liquidos ley 23966 y 24699;f.e.d.e.i.;4,0755
2009;san luis;impuesto a los combustibles liquidos ley 23966 y 24699;ley 24464 fo.na.vi;55,8547
2009;san luis;regimen de energia electrica ley 24065;fondo para compensaciones de tarifa electrica;11,5863
2009;san luis;regimen de energia electrica ley 24065;f.e.d.e.i.;7,0146
2009;san luis;fondo compensador de desequilibrios;fondo compensador de desequilibrios;26,4
2009;san luis;regimen simplificado para pequeños contribuyentes ley 24977 art 59 inciso a;regimen simplificado para pequeños contribuyentes ley 24977 art 59 inciso a;10,4943
2009;santa cruz;coparticipacion federal de impuestos neta ley 26075;coparticipacion federal de impuestos neta ley 26075;858,7938
2009;santa cruz;financiamiento educativo ley 26075;financiamiento educativo ley 26075;43,9593
2009;santa cruz;transferencia de servicios ley 24049;transferencia de servicios ley 24049;8,5
2009;santa cruz;impuesto a las ganancias;obras de infraestructura basica social;11,0575
2009;santa cruz;impuesto a las ganancias;excedente obras de caracter social a buenos aires;96,7947
2009;santa cruz;impuesto a las ganancias;ley 24699;6,8856
2009;santa cruz;impuesto sobre los bienes personales;ley 24699;33,9651
2009;santa cruz;impuesto sobre los bienes personales;ley 23966 art 30;3,0696
2009;santa cruz;impuesto sobre los activos fondo educacion ley 23906;impuesto sobre los activos fondo educacion ley 23906;0,0253
2009;santa cruz;i.v.a.ley 23966 art 5 punto 2;i.v.a.ley 23966 art 5 punto 2;7,1011
2009;santa cruz;impuesto a los combustibles liquidos ley 23966 y 24699;obras de infraestructura;4,9605
2009;santa cruz;impuesto a los combustibles liquidos ley 23966 y 24699;vialidad provincial;21,7252
2009;santa cruz;impuesto a los combustibles liquidos ley 23966 y 24699;f.e.d.e.i.;5,735
2009;santa cruz;impuesto a los combustibles liquidos ley 23966 y 24699;ley 24464 fo.na.vi;48,9685
2009;santa cruz;regimen de energia electrica ley 24065;fondo para compensaciones de tarifa electrica;11,4982
2009;santa cruz;regimen de energia electrica ley 24065;transferencia a empresas de energia electrica;35
2009;santa cruz;regimen de energia electrica ley 24065;f.e.d.e.i.;9,8667
2009;santa cruz;fondo compensador de desequilibrios;fondo compensador de desequilibrios;36
2009;santa cruz;regimen simplificado para pequeños contribuyentes ley 24977 art 59 inciso a;regimen simplificado para pequeños contribuyentes ley 24977 art 59 inciso a;7,2717
2009;santa fe;coparticipacion federal de impuestos neta ley 26075;coparticipacion federal de impuestos neta ley 26075;4622,705
2009;santa fe;financiamiento educativo ley 26075;financiamiento educativo ley 26075;478,8186
2009;santa fe;transferencia de servicios ley 24049;transferencia de servicios ley 24049;135,489
2009;santa fe;impuesto a las ganancias;obras de infraestructura basica social;243,638
2009;santa fe;impuesto a las ganancias;excedente obras de caracter social a buenos aires;546,9894
2009;santa fe;impuesto a las ganancias;ley 24699;38,91
2009;santa fe;impuesto sobre los bienes personales;ley 24699;191,9393
2009;santa fe;impuesto sobre los bienes personales;ley 23966 art 30;41,3992
2009;santa fe;impuesto sobre los activos fondo educacion ley 23906;impuesto sobre los activos fondo educacion ley 23906;0,1026
2009;santa fe;i.v.a.ley 23966 art 5 punto 2;i.v.a.ley 23966 art 5 punto 2;95,7713
2009;santa fe;impuesto a los combustibles liquidos ley 23966 y 24699;obras de infraestructura;58,0315
2009;santa fe;impuesto a los combustibles liquidos ley 23966 y 24699;vialidad provincial;56,6739
2009;santa fe;impuesto a los combustibles liquidos ley 23966 y 24699;f.e.d.e.i.;3,6132
2009;santa fe;impuesto a los combustibles liquidos ley 23966 y 24699;ley 24464 fo.na.vi;86,46
2009;santa fe;regimen de energia electrica ley 24065;fondo para compensaciones de tarifa electrica;8,6378
2009;santa fe;regimen de energia electrica ley 24065;f.e.d.e.i.;6,219
2009;santa fe;fondo compensador de desequilibrios;fondo compensador de desequilibrios;6
2009;santa fe;regimen simplificado para pequeños contribuyentes ley 24977 art 59 inciso a;regimen simplificado para pequeños contribuyentes ley 24977 art 59 inciso a;41,0923
2009;sgo. del estero;coparticipacion federal de impuestos neta ley 26075;coparticipacion federal de impuestos neta ley 26075;2131,1193
2009;sgo. del estero;financiamiento educativo ley 26075;financiamiento educativo ley 26075;227,2359
2009;sgo. del estero;transferencia de servicios ley 24049;transferencia de servicios ley 24049;31,6
2009;sgo. del estero;impuesto a las ganancias;obras de infraestructura basica social;138,7352
2009;sgo. del estero;impuesto a las ganancias;excedente obras de caracter social a buenos aires;252,8678
2009;sgo. del estero;impuesto a las ganancias;ley 24699;17,9879
2009;sgo. del estero;impuesto sobre los bienes personales;ley 24699;88,7305
2009;sgo. del estero;impuesto sobre los activos fondo educacion ley 23906;impuesto sobre los activos fondo educacion ley 23906;0,0509
2009;sgo. del estero;impuesto a los combustibles liquidos ley 23966 y 24699;obras de infraestructura;12,9586
2009;sgo. del estero;impuesto a los combustibles liquidos ley 23966 y 24699;vialidad provincial;28,3485
2009;sgo. del estero;impuesto a los combustibles liquidos ley 23966 y 24699;f.e.d.e.i.;4,8176
2009;sgo. del estero;impuesto a los combustibles liquidos ley 23966 y 24699;ley 24464 fo.na.vi;65,8014
2009;sgo. del estero;regimen de energia electrica ley 24065;fondo para compensaciones de tarifa electrica;12,3203
2009;sgo. del estero;regimen de energia electrica ley 24065;f.e.d.e.i.;8,2918
2009;sgo. del estero;fondo compensador de desequilibrios;fondo compensador de desequilibrios;26,4
2009;sgo. del estero;regimen simplificado para pequeños contribuyentes ley 24977 art 59 inciso a;regimen simplificado para pequeños contribuyentes ley 24977 art 59 inciso a;18,9965
2009;tucuman;coparticipacion federal de impuestos neta ley 26075;coparticipacion federal de impuestos neta ley 26075;2423,5212
2009;tucuman;financiamiento educativo ley 26075;financiamiento educativo ley 26075;292,1605
2009;tucuman;transferencia de servicios ley 24049;transferencia de servicios ley 24049;55,8
2009;tucuman;impuesto a las ganancias;obras de infraestructura basica social;176,0611
2009;tucuman;impuesto a las ganancias;excedente obras de caracter social a buenos aires;291,178
2009;tucuman;impuesto a las ganancias;ley 24699;20,7132
2009;tucuman;impuesto sobre los bienes personales;ley 24699;102,1746
2009;tucuman;impuesto sobre los activos fondo educacion ley 23906;impuesto sobre los activos fondo educacion ley 23906;0,0462
2009;tucuman;impuesto a los combustibles liquidos ley 23966 y 24699;obras de infraestructura;14,922
2009;tucuman;impuesto a los combustibles liquidos ley 23966 y 24699;vialidad provincial;20,4137
2009;tucuman;impuesto a los combustibles liquidos ley 23966 y 24699;f.e.d.e.i.;3,7665
2009;tucuman;impuesto a los combustibles liquidos ley 23966 y 24699;ley 24464 fo.na.vi;64,2712
2009;tucuman;regimen de energia electrica ley 24065;fondo para compensaciones de tarifa electrica;12,4387
2009;tucuman;regimen de energia electrica ley 24065;f.e.d.e.i.;6,3865
2009;tucuman;fondo compensador de desequilibrios;fondo compensador de desequilibrios;26,4
2009;tucuman;regimen simplificado para pequeños contribuyentes ley 24977 art 59 inciso a;regimen simplificado para pequeños contribuyentes ley 24977 art 59 inciso a;21,8747
2009;tierra del fuego;coparticipacion federal de impuestos neta ley 26075;coparticipacion federal de impuestos neta ley 26075;680,0014
2009;tierra del fuego;financiamiento educativo ley 26075;financiamiento educativo ley 26075;27,7282
2009;tierra del fuego;transferencia de servicios ley 24049;transferencia de servicios ley 24049;12
2009;tierra del fuego;impuesto a las ganancias;obras de infraestructura basica social;7,7642
2009;tierra del fuego;impuesto a las ganancias;excedente obras de caracter social a buenos aires;75,4876
2009;tierra del fuego;impuesto a las ganancias;ley 24699;5,37
2009;tierra del fuego;impuesto sobre los bienes personales;ley 24699;26,4877
2009;tierra del fuego;impuesto sobre los bienes personales;ley 23966 art 30;0,2723
2009;tierra del fuego;impuesto sobre los activos fondo educacion ley 23906;impuesto sobre los activos fondo educacion ley 23906;0,0121
2009;tierra del fuego;i.v.a.ley 23966 art 5 punto 2;i.v.a.ley 23966 art 5 punto 2;0,6299
2009;tierra del fuego;impuesto a los combustibles liquidos ley 23966 y 24699;obras de infraestructura;3,8685
2009;tierra del fuego;impuesto a los combustibles liquidos ley 23966 y 24699;vialidad provincial;10,2442
2009;tierra del fuego;impuesto a los combustibles liquidos ley 23966 y 24699;f.e.d.e.i.;4,1615
2009;tierra del fuego;impuesto a los combustibles liquidos ley 23966 y 24699;ley 24464 fo.na.vi;40,552
2009;tierra del fuego;regimen de energia electrica ley 24065;fondo para compensaciones de tarifa electrica;7,9394
2009;tierra del fuego;regimen de energia electrica ley 24065;f.e.d.e.i.;7,2587
2009;tierra del fuego;fondo compensador de desequilibrios;fondo compensador de desequilibrios;36
2009;tierra del fuego;regimen simplificado para pequeños contribuyentes ley 24977 art 59 inciso a;regimen simplificado para pequeños contribuyentes ley 24977 art 59 inciso a;5,6709
2009;c.a.b.a;coparticipacion federal de impuestos neta ley 26075;coparticipacion federal de impuestos neta ley 26075;1078,3163
2009;c.a.b.a;financiamiento educativo ley 26075;financiamiento educativo ley 26075;361,1428
2009;c.a.b.a;impuesto sobre los activos fondo educacion ley 23906;impuesto sobre los activos fondo educacion ley 23906;0,044
2009;c.a.b.a;impuesto a los combustibles liquidos ley 23966 y 24699;ley 24464 fo.na.vi;19,8935
2009;tesoro nacional;coparticipacion federal de impuestos neta ley 26075;coparticipacion federal de impuestos neta ley 26075;41374,1683
2009;tesoro nacional;impuesto sobre los bienes personales;ley 24699;1575,6398
2009;tesoro nacional;impuesto sobre los activos fondo educacion ley 23906;impuesto sobre los activos fondo educacion ley 23906;0,6653
2009;tesoro nacional;impuesto a los combustibles liquidos ley 23966 y 24699;vialidad provincial;1056,6119
2009;seguridad social;coparticipacion federal de impuestos neta ley 26075;coparticipacion federal de impuestos neta ley 26075;18241,4311
2009;seguridad social;impuesto a las ganancias;obras de infraestructura basica social;10982,8569
2009;seguridad social;impuesto a las ganancias;ley 24699;120
2009;seguridad social;i.v.a.ley 23966 art 5 punto 2;i.v.a.ley 23966 art 5 punto 2;8753,662
2009;seguridad social;regimen simplificado para pequeños contribuyentes ley 24977 art 59 inciso a;regimen simplificado para pequeños contribuyentes ley 24977 art 59 inciso a;1084,2472
2009;fondo a.t.n.;coparticipacion federal de impuestos neta ley 26075;coparticipacion federal de impuestos neta ley 26075;1028,1851
2009;fondo a.t.n.;impuesto a las ganancias;obras de infraestructura basica social;1098,2857
2009;fondo a.t.n.;impuesto a las ganancias;ley 24699;20
2009;fondo a.t.n.;impuesto sobre los bienes personales;ley 24699;37,8396
2010;buenos aires;coparticipacion federal de impuestos neta ley 26075;coparticipacion federal de impuestos neta ley 26075;13594,2681
2010;buenos aires;financiamiento educativo ley 26075;financiamiento educativo ley 26075;3361,8938
2010;buenos aires;transferencia de servicios ley 24049;transferencia de servicios ley 24049;420,1
2010;buenos aires;impuesto a las ganancias;obras de infraestructura basica social;650
2010;buenos aires;impuesto a las ganancias;ley 24699;95,6087
2010;buenos aires;impuesto sobre los bienes personales;ley 24699;600,4792
2010;buenos aires;impuesto sobre los bienes personales;ley 23966 art 30;142,9565
2010;buenos aires;impuesto sobre los activos fondo educacion ley 23906;impuesto sobre los activos fondo educacion ley 23906;0,2311
2010;buenos aires;i.v.a.ley 23966 art 5 punto 2;i.v.a.ley 23966 art 5 punto 2;346,6359
2010;buenos aires;impuesto a los combustibles liquidos ley 23966 y 24699;obras de infraestructura;64,9868
2010;buenos aires;impuesto a los combustibles liquidos ley 23966 y 24699;vialidad provincial;201,5735
2010;buenos aires;impuesto a los combustibles liquidos ley 23966 y 24699;f.e.d.e.i.;5,6096
2010;buenos aires;impuesto a los combustibles liquidos ley 23966 y 24699;ley 24464 fo.na.vi;306,0002
2010;buenos aires;regimen de energia electrica ley 24065;fondo para compensaciones de tarifa electrica;13,4999
2010;buenos aires;regimen de energia electrica ley 24065;f.e.d.e.i.;6,8563
2010;buenos aires;regimen simplificado para pequeños contribuyentes ley 24977 art 59 inciso a;regimen simplificado para pequeños contribuyentes ley 24977 art 59 inciso a;136,2445
2010;catamarca;coparticipacion federal de impuestos neta ley 26075;coparticipacion federal de impuestos neta ley 26075;1944,3135
2010;catamarca;financiamiento educativo ley 26075;financiamiento educativo ley 26075;182,4119
2010;catamarca;transferencia de servicios ley 24049;transferencia de servicios ley 24049;21,4
2010;catamarca;impuesto a las ganancias;obras de infraestructura basica social;54,49
2010;catamarca;impuesto a las ganancias;excedente obras de caracter social a buenos aires;242,0556
2010;catamarca;impuesto a las ganancias;ley 24699;11,9916
2010;catamarca;impuesto sobre los bienes personales;ley 24699;75,3151
2010;catamarca;impuesto sobre los activos fondo educacion ley 23906;impuesto sobre los activos fondo educacion ley 23906;0,0173
2010;catamarca;impuesto a los combustibles liquidos ley 23966 y 24699;obras de infraestructura;11,9139
2010;catamarca;impuesto a los combustibles liquidos ley 23966 y 24699;vialidad provincial;19,9554
2010;catamarca;impuesto a los combustibles liquidos ley 23966 y 24699;f.e.d.e.i.;7,2534
2010;catamarca;impuesto a los combustibles liquidos ley 23966 y 24699;ley 24464 fo.na.vi;44,3173
2010;catamarca;regimen de energia electrica ley 24065;fondo para compensaciones de tarifa electrica;13,2437
2010;catamarca;regimen de energia electrica ley 24065;f.e.d.e.i.;8,8511
2010;catamarca;fondo compensador de desequilibrios;fondo compensador de desequilibrios;26,4
2010;catamarca;regimen simplificado para pequeños contribuyentes ley 24977 art 59 inciso a;regimen simplificado para pequeños contribuyentes ley 24977 art 59 inciso a;17,0887
2010;cordoba;coparticipacion federal de impuestos neta ley 26075;coparticipacion federal de impuestos neta ley 26075;6061,7466
2010;cordoba;financiamiento educativo ley 26075;financiamiento educativo ley 26075;794,3402
2010;cordoba;transferencia de servicios ley 24049;transferencia de servicios ley 24049;125,3
2010;cordoba;impuesto a las ganancias;obras de infraestructura basica social;301,541
2010;cordoba;impuesto a las ganancias;excedente obras de caracter social a buenos aires;780,3201
2010;cordoba;impuesto a las ganancias;ley 24699;38,658
2010;cordoba;impuesto sobre los bienes personales;ley 24699;242,7989
2010;cordoba;impuesto sobre los bienes personales;ley 23966 art 30;48,8203
2010;cordoba;impuesto sobre los activos fondo educacion ley 23906;impuesto sobre los activos fondo educacion ley 23906;0,064
2010;cordoba;i.v.a.ley 23966 art 5 punto 2;i.v.a.ley 23966 art 5 punto 2;118,3776
2010;cordoba;impuesto a los combustibles liquidos ley 23966 y 24699;obras de infraestructura;38,4074
2010;cordoba;impuesto a los combustibles liquidos ley 23966 y 24699;vialidad provincial;70,8039
2010;cordoba;impuesto a los combustibles liquidos ley 23966 y 24699;f.e.d.e.i.;4,8106
2010;cordoba;impuesto a los combustibles liquidos ley 23966 y 24699;ley 24464 fo.na.vi;119,2346
2010;cordoba;regimen de energia electrica ley 24065;fondo para compensaciones de tarifa electrica;8,5936
2010;cordoba;regimen de energia electrica ley 24065;f.e.d.e.i.;5,8812
2010;cordoba;fondo compensador de desequilibrios;fondo compensador de desequilibrios;6
2010;cordoba;regimen simplificado para pequeños contribuyentes ley 24977 art 59 inciso a;regimen simplificado para pequeños contribuyentes ley 24977 art 59 inciso a;55,0897
2010;corrientes;coparticipacion federal de impuestos neta ley 26075;coparticipacion federal de impuestos neta ley 26075;2511,8751
2010;corrientes;financiamiento educativo ley 26075;financiamiento educativo ley 26075;358,4606
2010;corrientes;transferencia de servicios ley 24049;transferencia de servicios ley 24049;38,6
2010;corrientes;impuesto a las ganancias;obras de infraestructura basica social;202,4097
2010;corrientes;impuesto a las ganancias;excedente obras de caracter social a buenos aires;326,6917
2010;corrientes;impuesto a las ganancias;ley 24699;16,1844
2010;corrientes;impuesto sobre los bienes personales;ley 24699;101,649
2010;corrientes;impuesto sobre los bienes personales;ley 23966 art 30;15,6105
2010;corrientes;impuesto sobre los activos fondo educacion ley 23906;impuesto sobre los activos fondo educacion ley 23906;0,0287
2010;corrientes;i.v.a.ley 23966 art 5 punto 2;i.v.a.ley 23966 art 5 punto 2;37,8517
2010;corrientes;impuesto a los combustibles liquidos ley 23966 y 24699;obras de infraestructura;16,0794
2010;corrientes;impuesto a los combustibles liquidos ley 23966 y 24699;vialidad provincial;25,6483
2010;corrientes;impuesto a los combustibles liquidos ley 23966 y 24699;f.e.d.e.i.;6,0906
2010;corrientes;impuesto a los combustibles liquidos ley 23966 y 24699;ley 24464 fo.na.vi;104,4621
2010;corrientes;regimen de energia electrica ley 24065;fondo para compensaciones de tarifa electrica;11,3206
2010;corrientes;regimen de energia electrica ley 24065;f.e.d.e.i.;7,4411
2010;corrientes;fondo compensador de desequilibrios;fondo compensador de desequilibrios;18
2010;corrientes;regimen simplificado para pequeños contribuyentes ley 24977 art 59 inciso a;regimen simplificado para pequeños contribuyentes ley 24977 art 59 inciso a;23,0636
2010;chaco;coparticipacion federal de impuestos neta ley 26075;coparticipacion federal de impuestos neta ley 26075;3453,1404
2010;chaco;financiamiento educativo ley 26075;financiamiento educativo ley 26075;398,7609
2010;chaco;transferencia de servicios ley 24049;transferencia de servicios ley 24049;33,6
2010;chaco;impuesto a las ganancias;obras de infraestructura basica social;247,6567
2010;chaco;impuesto a las ganancias;excedente obras de caracter social a buenos aires;438,4043
2010;chaco;impuesto a las ganancias;ley 24699;21,7188
2010;chaco;impuesto sobre los bienes personales;ley 24699;136,4098
2010;chaco;impuesto sobre los bienes personales;ley 23966 art 30;12,2725
2010;chaco;impuesto sobre los activos fondo educacion ley 23906;impuesto sobre los activos fondo educacion ley 23906;0,0375
2010;chaco;i.v.a.ley 23966 art 5 punto 2;i.v.a.ley 23966 art 5 punto 2;29,7579
2010;chaco;impuesto a los combustibles liquidos ley 23966 y 24699;obras de infraestructura;21,5783
2010;chaco;impuesto a los combustibles liquidos ley 23966 y 24699;vialidad provincial;26,0952
2010;chaco;impuesto a los combustibles liquidos ley 23966 y 24699;f.e.d.e.i.;6,4687
2010;chaco;impuesto a los combustibles liquidos ley 23966 y 24699;ley 24464 fo.na.vi;97,0759
2010;chaco;regimen de energia electrica ley 24065;fondo para compensaciones de tarifa electrica;11,9073
2010;chaco;regimen de energia electrica ley 24065;f.e.d.e.i.;7,9087
2010;chaco;fondo compensador de desequilibrios;fondo compensador de desequilibrios;6
2010;chaco;regimen simplificado para pequeños contribuyentes ley 24977 art 59 inciso a;regimen simplificado para pequeños contribuyentes ley 24977 art 59 inciso a;30,9508
2010;chubut;coparticipacion federal de impuestos neta ley 26075;coparticipacion federal de impuestos neta ley 26075;1066,2936
2010;chubut;financiamiento educativo ley 26075;financiamiento educativo ley 26075;154,838
2010;chubut;transferencia de servicios ley 24049;transferencia de servicios ley 24049;24,2
2010;chubut;impuesto a las ganancias;obras de infraestructura basica social;48,1536
2010;chubut;impuesto a las ganancias;excedente obras de caracter social a buenos aires;138,9839
2010;chubut;impuesto a las ganancias;ley 24699;6,8856
2010;chubut;impuesto sobre los bienes personales;ley 24699;43,2447
2010;chubut;impuesto sobre los bienes personales;ley 23966 art 30;4,8008
2010;chubut;impuesto sobre los activos fondo educacion ley 23906;impuesto sobre los activos fondo educacion ley 23906;0,0173
2010;chubut;i.v.a.ley 23966 art 5 punto 2;i.v.a.ley 23966 art 5 punto 2;11,6407
2010;chubut;impuesto a los combustibles liquidos ley 23966 y 24699;obras de infraestructura;6,8409
2010;chubut;impuesto a los combustibles liquidos ley 23966 y 24699;vialidad provincial;27,437
2010;chubut;impuesto a los combustibles liquidos ley 23966 y 24699;f.e.d.e.i.;6,7825
2010;chubut;impuesto a los combustibles liquidos ley 23966 y 24699;ley 24464 fo.na.vi;67,5311
2010;chubut;regimen de energia electrica ley 24065;fondo para compensaciones de tarifa electrica;16,3486
2010;chubut;regimen de energia electrica ley 24065;f.e.d.e.i.;8,2923
2010;chubut;fondo compensador de desequilibrios;fondo compensador de desequilibrios;36
2010;chubut;regimen simplificado para pequeños contribuyentes ley 24977 art 59 inciso a;regimen simplificado para pequeños contribuyentes ley 24977 art 59 inciso a;9,8122
2010;entre rios;coparticipacion federal de impuestos neta ley 26075;coparticipacion federal de impuestos neta ley 26075;3413,7646
2010;entre rios;financiamiento educativo ley 26075;financiamiento educativo ley 26075;356,3395
2010;entre rios;transferencia de servicios ley 24049;transferencia de servicios ley 24049;67,5
2010;entre rios;impuesto a las ganancias;obras de infraestructura basica social;155,1544
2010;entre rios;impuesto a las ganancias;excedente obras de caracter social a buenos aires;429,0961
2010;entre rios;impuesto a las ganancias;ley 24699;21,258
2010;entre rios;impuesto sobre los bienes personales;ley 24699;133,5131
2010;entre rios;impuesto sobre los bienes personales;ley 23966 art 30;21,1869
2010;entre rios;impuesto sobre los activos fondo educacion ley 23906;impuesto sobre los activos fondo educacion ley 23906;0,0297
2010;entre rios;i.v.a.ley 23966 art 5 punto 2;i.v.a.ley 23966 art 5 punto 2;51,3733
2010;entre rios;impuesto a los combustibles liquidos ley 23966 y 24699;obras de infraestructura;21,1197
2010;entre rios;impuesto a los combustibles liquidos ley 23966 y 24699;vialidad provincial;36,3883
2010;entre rios;impuesto a los combustibles liquidos ley 23966 y 24699;f.e.d.e.i.;5,567
2010;entre rios;impuesto a los combustibles liquidos ley 23966 y 24699;ley 24464 fo.na.vi;82,3035
2010;entre rios;regimen de energia electrica ley 24065;fondo para compensaciones de tarifa electrica;11,6464
2010;entre rios;regimen de energia electrica ley 24065;f.e.d.e.i.;6,7976
2010;entre rios;fondo compensador de desequilibrios;fondo compensador de desequilibrios;21,6
2010;entre rios;regimen simplificado para pequeños contribuyentes ley 24977 art 59 inciso a;regimen simplificado para pequeños contribuyentes ley 24977 art 59 inciso a;30,2931
2010;formosa;coparticipacion federal de impuestos neta ley 26075;coparticipacion federal de impuestos neta ley 26075;2580,7109
2010;formosa;financiamiento educativo ley 26075;financiamiento educativo ley 26075;230,1359
2010;formosa;transferencia de servicios ley 24049;transferencia de servicios ley 24049;20,7
2010;formosa;impuesto a las ganancias;obras de infraestructura basica social;124,736
2010;formosa;impuesto a las ganancias;excedente obras de caracter social a buenos aires;319,9208
2010;formosa;impuesto a las ganancias;ley 24699;15,8495
2010;formosa;impuesto sobre los bienes personales;ley 24699;99,5423
2010;formosa;impuesto sobre los bienes personales;ley 23966 art 30;5,7168
2010;formosa;impuesto sobre los activos fondo educacion ley 23906;impuesto sobre los activos fondo educacion ley 23906;0,0202
2010;formosa;i.v.a.ley 23966 art 5 punto 2;i.v.a.ley 23966 art 5 punto 2;13,8618
2010;formosa;impuesto a los combustibles liquidos ley 23966 y 24699;obras de infraestructura;15,7463
2010;formosa;impuesto a los combustibles liquidos ley 23966 y 24699;vialidad provincial;20,5301
2010;formosa;impuesto a los combustibles liquidos ley 23966 y 24699;f.e.d.e.i.;7,475
2010;formosa;impuesto a los combustibles liquidos ley 23966 y 24699;ley 24464 fo.na.vi;84,4139
2010;formosa;regimen de energia electrica ley 24065;fondo para compensaciones de tarifa electrica;12,2401
2010;formosa;regimen de energia electrica ley 24065;f.e.d.e.i.;9,139
2010;formosa;fondo compensador de desequilibrios;fondo compensador de desequilibrios;26,4
2010;formosa;regimen simplificado para pequeños contribuyentes ley 24977 art 59 inciso a;regimen simplificado para pequeños contribuyentes ley 24977 art 59 inciso a;22,5858
2010;jujuy;coparticipacion federal de impuestos neta ley 26075;coparticipacion federal de impuestos neta ley 26075;1955,0301
2010;jujuy;financiamiento educativo ley 26075;financiamiento educativo ley 26075;238,6202
2010;jujuy;transferencia de servicios ley 24049;transferencia de servicios ley 24049;33,3
2010;jujuy;impuesto a las ganancias;obras de infraestructura basica social;134,1696
2010;jujuy;impuesto a las ganancias;excedente obras de caracter social a buenos aires;249,6746
2010;jujuy;impuesto a las ganancias;ley 24699;12,3695
2010;jujuy;impuesto sobre los bienes personales;ley 24699;77,6851
2010;jujuy;impuesto sobre los activos fondo educacion ley 23906;impuesto sobre los activos fondo educacion ley 23906;0,0184
2010;jujuy;impuesto a los combustibles liquidos ley 23966 y 24699;obras de infraestructura;12,2885
2010;jujuy;impuesto a los combustibles liquidos ley 23966 y 24699;vialidad provincial;18,7197
2010;jujuy;impuesto a los combustibles liquidos ley 23966 y 24699;f.e.d.e.i.;6,032
2010;jujuy;impuesto a los combustibles liquidos ley 23966 y 24699;ley 24464 fo.na.vi;63,3104
2010;jujuy;regimen de energia electrica ley 24065;fondo para compensaciones de tarifa electrica;17,1761
2010;jujuy;regimen de energia electrica ley 24065;f.e.d.e.i.;7,3632
2010;jujuy;fondo compensador de desequilibrios;fondo compensador de desequilibrios;26,4
2010;jujuy;regimen simplificado para pequeños contribuyentes ley 24977 art 59 inciso a;regimen simplificado para pequeños contribuyentes ley 24977 art 59 inciso a;17,6261
2010;la pampa;coparticipacion federal de impuestos neta ley 26075;coparticipacion federal de impuestos neta ley 26075;1331,2602
2010;la pampa;financiamiento educativo ley 26075;financiamiento educativo ley 26075;118,7798
2010;la pampa;transferencia de servicios ley 24049;transferencia de servicios ley 24049;19,2
2010;la pampa;impuesto a las ganancias;obras de infraestructura basica social;23,4267
2010;la pampa;impuesto a las ganancias;excedente obras de caracter social a buenos aires;165,0386
2010;la pampa;impuesto a las ganancias;ley 24699;8,1756
2010;la pampa;impuesto sobre los bienes personales;ley 24699;51,3512
2010;la pampa;impuesto sobre los bienes personales;ley 23966 art 30;4,1356
2010;la pampa;impuesto sobre los activos fondo educacion ley 23906;impuesto sobre los activos fondo educacion ley 23906;0,0153
2010;la pampa;i.v.a.ley 23966 art 5 punto 2;i.v.a.ley 23966 art 5 punto 2;10,0279
2010;la pampa;impuesto a los combustibles liquidos ley 23966 y 24699;obras de infraestructura;8,123
2010;la pampa;impuesto a los combustibles liquidos ley 23966 y 24699;vialidad provincial;20,384
2010;la pampa;impuesto a los combustibles liquidos ley 23966 y 24699;f.e.d.e.i.;5,3544
2010;la pampa;impuesto a los combustibles liquidos ley 23966 y 24699;ley 24464 fo.na.vi;42,2069
2010;la pampa;regimen de energia electrica ley 24065;fondo para compensaciones de tarifa electrica;19,1573
2010;la pampa;regimen de energia electrica ley 24065;f.e.d.e.i.;6,5472
2010;la pampa;fondo compensador de desequilibrios;fondo compensador de desequilibrios;30
2010;la pampa;regimen simplificado para pequeños contribuyentes ley 24977 art 59 inciso a;regimen simplificado para pequeños contribuyentes ley 24977 art 59 inciso a;11,6512
2010;la rioja;coparticipacion federal de impuestos neta ley 26075;coparticipacion federal de impuestos neta ley 26075;1447,1057
2010;la rioja;financiamiento educativo ley 26075;financiamiento educativo ley 26075;151,6564
2010;la rioja;transferencia de servicios ley 24049;transferencia de servicios ley 24049;20,3
2010;la rioja;impuesto a las ganancias;obras de infraestructura basica social;45,0877
2010;la rioja;impuesto a las ganancias;excedente obras de caracter social a buenos aires;181,9658
2010;la rioja;impuesto a las ganancias;ley 24699;9,0144
2010;la rioja;impuesto sobre los bienes personales;ley 24699;56,618
2010;la rioja;impuesto sobre los activos fondo educacion ley 23906;impuesto sobre los activos fondo educacion ley 23906;0,0148
2010;la rioja;impuesto a los combustibles liquidos ley 23966 y 24699;obras de infraestructura;8,9562
2010;la rioja;impuesto a los combustibles liquidos ley 23966 y 24699;vialidad provincial;19,4014
2010;la rioja;impuesto a los combustibles liquidos ley 23966 y 24699;f.e.d.e.i.;7,0549
2010;la rioja;impuesto a los combustibles liquidos ley 23966 y 24699;ley 24464 fo.na.vi;42,2069
2010;la rioja;regimen de energia electrica ley 24065;fondo para compensaciones de tarifa electrica;12,3077
2010;la rioja;regimen de energia electrica ley 24065;f.e.d.e.i.;8,6244
2010;la rioja;fondo compensador de desequilibrios;fondo compensador de desequilibrios;26,4
2010;la rioja;regimen simplificado para pequeños contribuyentes ley 24977 art 59 inciso a;regimen simplificado para pequeños contribuyentes ley 24977 art 59 inciso a;12,8463
2010;mendoza;coparticipacion federal de impuestos neta ley 26075;coparticipacion federal de impuestos neta ley 26075;2759,5606
2010;mendoza;financiamiento educativo ley 26075;financiamiento educativo ley 26075;460,2719
2010;mendoza;transferencia de servicios ley 24049;transferencia de servicios ley 24049;61,7
2010;mendoza;impuesto a las ganancias;obras de infraestructura basica social;184,6225
2010;mendoza;impuesto a las ganancias;excedente obras de caracter social a buenos aires;366,4689
2010;mendoza;impuesto a las ganancias;ley 24699;18,1548
2010;mendoza;impuesto sobre los bienes personales;ley 24699;114,0259
2010;mendoza;impuesto sobre los activos fondo educacion ley 23906;impuesto sobre los activos fondo educacion ley 23906;0,0315
2010;mendoza;impuesto a los combustibles liquidos ley 23966 y 24699;obras de infraestructura;18,0374
2010;mendoza;impuesto a los combustibles liquidos ley 23966 y 24699;vialidad provincial;39,0675
2010;mendoza;impuesto a los combustibles liquidos ley 23966 y 24699;f.e.d.e.i.;5,476
2010;mendoza;impuesto a los combustibles liquidos ley 23966 y 24699;ley 24464 fo.na.vi;84,4139
2010;mendoza;regimen de energia electrica ley 24065;fondo para compensaciones de tarifa electrica;9,1706
2010;mendoza;regimen de energia electrica ley 24065;f.e.d.e.i.;6,6948
2010;mendoza;fondo compensador de desequilibrios;fondo compensador de desequilibrios;26,4
2010;mendoza;regimen simplificado para pequeños contribuyentes ley 24977 art 59 inciso a;regimen simplificado para pequeños contribuyentes ley 24977 art 59 inciso a;25,872
2010;misiones;coparticipacion federal de impuestos neta ley 26075;coparticipacion federal de impuestos neta ley 26075;2118,9458
2010;misiones;financiamiento educativo ley 26075;financiamiento educativo ley 26075;431,6375
2010;misiones;transferencia de servicios ley 24049;transferencia de servicios ley 24049;34,1
2010;misiones;impuesto a las ganancias;obras de infraestructura basica social;199,3417
2010;misiones;impuesto a las ganancias;excedente obras de caracter social a buenos aires;290,293
2010;misiones;impuesto a las ganancias;ley 24699;14,382
2010;misiones;impuesto sobre los bienes personales;ley 24699;90,3254
2010;misiones;impuesto sobre los bienes personales;ley 23966 art 30;6,7023
2010;misiones;impuesto sobre los activos fondo educacion ley 23906;impuesto sobre los activos fondo educacion ley 23906;0,0235
2010;misiones;i.v.a.ley 23966 art 5 punto 2;i.v.a.ley 23966 art 5 punto 2;16,2514
2010;misiones;impuesto a los combustibles liquidos ley 23966 y 24699;obras de infraestructura;14,288
2010;misiones;impuesto a los combustibles liquidos ley 23966 y 24699;vialidad provincial;36,0391
2010;misiones;impuesto a los combustibles liquidos ley 23966 y 24699;f.e.d.e.i.;7,2694
2010;misiones;impuesto a los combustibles liquidos ley 23966 y 24699;ley 24464 fo.na.vi;99,1863
2010;misiones;regimen de energia electrica ley 24065;fondo para compensaciones de tarifa electrica;15,096
2010;misiones;regimen de energia electrica ley 24065;f.e.d.e.i.;10,9306
2010;misiones;fondo compensador de desequilibrios;fondo compensador de desequilibrios;26,4
2010;misiones;regimen simplificado para pequeños contribuyentes ley 24977 art 59 inciso a;regimen simplificado para pequeños contribuyentes ley 24977 art 59 inciso a;20,4941
2010;neuquen;coparticipacion federal de impuestos neta ley 26075;coparticipacion federal de impuestos neta ley 26075;1165,1211
2010;neuquen;financiamiento educativo ley 26075;financiamiento educativo ley 26075;174,9882
2010;neuquen;transferencia de servicios ley 24049;transferencia de servicios ley 24049;17,4
2010;neuquen;impuesto a las ganancias;obras de infraestructura basica social;60,9249
2010;neuquen;impuesto a las ganancias;excedente obras de caracter social a buenos aires;152,5256
2010;neuquen;impuesto a las ganancias;ley 24699;7,5564
2010;neuquen;impuesto sobre los bienes personales;ley 24699;47,4581
2010;neuquen;impuesto sobre los bienes personales;ley 23966 art 30;3,0142
2010;neuquen;impuesto sobre los activos fondo educacion ley 23906;impuesto sobre los activos fondo educacion ley 23906;0,0208
2010;neuquen;i.v.a.ley 23966 art 5 punto 2;i.v.a.ley 23966 art 5 punto 2;7,3087
2010;neuquen;impuesto a los combustibles liquidos ley 23966 y 24699;obras de infraestructura;7,5071
2010;neuquen;impuesto a los combustibles liquidos ley 23966 y 24699;vialidad provincial;24,2062
2010;neuquen;impuesto a los combustibles liquidos ley 23966 y 24699;f.e.d.e.i.;6,2901
2010;neuquen;impuesto a los combustibles liquidos ley 23966 y 24699;ley 24464 fo.na.vi;90,7449
2010;neuquen;regimen de energia electrica ley 24065;fondo para compensaciones de tarifa electrica;11,1293
2010;neuquen;regimen de energia electrica ley 24065;f.e.d.e.i.;7,6913
2010;neuquen;fondo compensador de desequilibrios;fondo compensador de desequilibrios;30
2010;neuquen;regimen simplificado para pequeños contribuyentes ley 24977 art 59 inciso a;regimen simplificado para pequeños contribuyentes ley 24977 art 59 inciso a;10,7678
2010;rio negro;coparticipacion federal de impuestos neta ley 26075;coparticipacion federal de impuestos neta ley 26075;1748,8785
2010;rio negro;financiamiento educativo ley 26075;financiamiento educativo ley 26075;199,3804
2010;rio negro;transferencia de servicios ley 24049;transferencia de servicios ley 24049;14,6
2010;rio negro;impuesto a las ganancias;obras de infraestructura basica social;74,6644
2010;rio negro;impuesto a las ganancias;excedente obras de caracter social a buenos aires;221,743
2010;rio negro;impuesto a las ganancias;ley 24699;10,9848
2010;rio negro;impuesto sobre los bienes personales;ley 24699;68,9949
2010;rio negro;impuesto sobre los activos fondo educacion ley 23906;impuesto sobre los activos fondo educacion ley 23906;0,0241
2010;rio negro;impuesto a los combustibles liquidos ley 23966 y 24699;obras de infraestructura;10,9142
2010;rio negro;impuesto a los combustibles liquidos ley 23966 y 24699;vialidad provincial;22,8263
2010;rio negro;impuesto a los combustibles liquidos ley 23966 y 24699;f.e.d.e.i.;5,8445
2010;rio negro;impuesto a los combustibles liquidos ley 23966 y 24699;ley 24464 fo.na.vi;94,9656
2010;rio negro;regimen de energia electrica ley 24065;fondo para compensaciones de tarifa electrica;9,7803
2010;rio negro;regimen de energia electrica ley 24065;f.e.d.e.i.;7,1454
2010;rio negro;fondo compensador de desequilibrios;fondo compensador de desequilibrios;30
2010;rio negro;regimen simplificado para pequeños contribuyentes ley 24977 art 59 inciso a;regimen simplificado para pequeños contribuyentes ley 24977 art 59 inciso a;15,6547
2010;salta;coparticipacion federal de impuestos neta ley 26075;coparticipacion federal de impuestos neta ley 26075;2545,9605
2010;salta;financiamiento educativo ley 26075;financiamiento educativo ley 26075;413,6084
2010;salta;transferencia de servicios ley 24049;transferencia de servicios ley 24049;39,8
2010;salta;impuesto a las ganancias;obras de infraestructura basica social;259,245
2010;salta;impuesto a las ganancias;excedente obras de caracter social a buenos aires;336,848
2010;salta;impuesto a las ganancias;ley 24699;16,6872
2010;salta;impuesto sobre los bienes personales;ley 24699;104,8091
2010;salta;impuesto sobre los activos fondo educacion ley 23906;impuesto sobre los activos fondo educacion ley 23906;0,032
2010;salta;impuesto a los combustibles liquidos ley 23966 y 24699;obras de infraestructura;16,5795
2010;salta;impuesto a los combustibles liquidos ley 23966 y 24699;vialidad provincial;34,4217
2010;salta;impuesto a los combustibles liquidos ley 23966 y 24699;f.e.d.e.i.;5,9793
2010;salta;impuesto a los combustibles liquidos ley 23966 y 24699;ley 24464 fo.na.vi;84,4139
2010;salta;regimen de energia electrica ley 24065;fondo para compensaciones de tarifa electrica;12,1478
2010;salta;regimen de energia electrica ley 24065;f.e.d.e.i.;7,3101
2010;salta;fondo compensador de desequilibrios;fondo compensador de desequilibrios;30
2010;salta;regimen simplificado para pequeños contribuyentes ley 24977 art 59 inciso a;regimen simplificado para pequeños contribuyentes ley 24977 art 59 inciso a;23,7809
2010;san juan;coparticipacion federal de impuestos neta ley 26075;coparticipacion federal de impuestos neta ley 26075;2386,2993
2010;san juan;financiamiento educativo ley 26075;financiamiento educativo ley 26075;223,7727
2010;san juan;transferencia de servicios ley 24049;transferencia de servicios ley 24049;30,1
2010;san juan;impuesto a las ganancias;obras de infraestructura basica social;82,2362
2010;san juan;impuesto a las ganancias;excedente obras de caracter social a buenos aires;297,0638
2010;san juan;impuesto a las ganancias;ley 24699;14,7168
2010;san juan;impuesto sobre los bienes personales;ley 24699;92,4321
2010;san juan;impuesto sobre los activos fondo educacion ley 23906;impuesto sobre los activos fondo educacion ley 23906;0,0181
2010;san juan;impuesto a los combustibles liquidos ley 23966 y 24699;obras de infraestructura;14,6216
2010;san juan;impuesto a los combustibles liquidos ley 23966 y 24699;vialidad provincial;23,0613
2010;san juan;impuesto a los combustibles liquidos ley 23966 y 24699;f.e.d.e.i.;5,5393
2010;san juan;impuesto a los combustibles liquidos ley 23966 y 24699;ley 24464 fo.na.vi;77,0276
2010;san juan;regimen de energia electrica ley 24065;fondo para compensaciones de tarifa electrica;14,4714
2010;san juan;regimen de energia electrica ley 24065;f.e.d.e.i.;6,7711
2010;san juan;fondo compensador de desequilibrios;fondo compensador de desequilibrios;26,4
2010;san juan;regimen simplificado para pequeños contribuyentes ley 24977 art 59 inciso a;regimen simplificado para pequeños contribuyentes ley 24977 art 59 inciso a;20,9725
2010;san luis;coparticipacion federal de impuestos neta ley 26075;coparticipacion federal de impuestos neta ley 26075;1620,2448
2010;san luis;financiamiento educativo ley 26075;financiamiento educativo ley 26075;142,1116
2010;san luis;transferencia de servicios ley 24049;transferencia de servicios ley 24049;18,9
2010;san luis;impuesto a las ganancias;obras de infraestructura basica social;43,7115
2010;san luis;impuesto a las ganancias;excedente obras de caracter social a buenos aires;200,5822
2010;san luis;impuesto a las ganancias;ley 24699;9,9372
2010;san luis;impuesto sobre los bienes personales;ley 24699;62,4114
2010;san luis;impuesto sobre los activos fondo educacion ley 23906;impuesto sobre los activos fondo educacion ley 23906;0,015
2010;san luis;impuesto a los combustibles liquidos ley 23966 y 24699;obras de infraestructura;9,8724
2010;san luis;impuesto a los combustibles liquidos ley 23966 y 24699;vialidad provincial;25,6201
2010;san luis;impuesto a los combustibles liquidos ley 23966 y 24699;f.e.d.e.i.;5,4261
2010;san luis;impuesto a los combustibles liquidos ley 23966 y 24699;ley 24464 fo.na.vi;77,0276
2010;san luis;regimen de energia electrica ley 24065;fondo para compensaciones de tarifa electrica;11,1524
2010;san luis;regimen de energia electrica ley 24065;f.e.d.e.i.;6,6338
2010;san luis;fondo compensador de desequilibrios;fondo compensador de desequilibrios;26,4
2010;san luis;regimen simplificado para pequeños contribuyentes ley 24977 art 59 inciso a;regimen simplificado para pequeños contribuyentes ley 24977 art 59 inciso a;14,1606
2010;santa cruz;coparticipacion federal de impuestos neta ley 26075;coparticipacion federal de impuestos neta ley 26075;1151,1363
2010;santa cruz;financiamiento educativo ley 26075;financiamiento educativo ley 26075;69,9953
2010;santa cruz;transferencia de servicios ley 24049;transferencia de servicios ley 24049;8,5
2010;santa cruz;impuesto a las ganancias;obras de infraestructura basica social;15,3066
2010;santa cruz;impuesto a las ganancias;excedente obras de caracter social a buenos aires;138,9839
2010;santa cruz;impuesto a las ganancias;ley 24699;6,8856
2010;santa cruz;impuesto sobre los bienes personales;ley 24699;43,2447
2010;santa cruz;impuesto sobre los bienes personales;ley 23966 art 30;3,9082
2010;santa cruz;impuesto sobre los activos fondo educacion ley 23906;impuesto sobre los activos fondo educacion ley 23906;0,015
2010;santa cruz;i.v.a.ley 23966 art 5 punto 2;i.v.a.ley 23966 art 5 punto 2;9,4766
2010;santa cruz;impuesto a los combustibles liquidos ley 23966 y 24699;obras de infraestructura;6,8409
2010;santa cruz;impuesto a los combustibles liquidos ley 23966 y 24699;vialidad provincial;23,9761
2010;santa cruz;impuesto a los combustibles liquidos ley 23966 y 24699;f.e.d.e.i.;7,6354
2010;santa cruz;impuesto a los combustibles liquidos ley 23966 y 24699;ley 24464 fo.na.vi;67,5311
2010;santa cruz;regimen de energia electrica ley 24065;fondo para compensaciones de tarifa electrica;10,235
2010;santa cruz;regimen de energia electrica ley 24065;transferencia a empresas de energia electrica;35
2010;santa cruz;regimen de energia electrica ley 24065;f.e.d.e.i.;9,3352
2010;santa cruz;fondo compensador de desequilibrios;fondo compensador de desequilibrios;36
2010;santa cruz;regimen simplificado para pequeños contribuyentes ley 24977 art 59 inciso a;regimen simplificado para pequeños contribuyentes ley 24977 art 59 inciso a;9,8122
2010;santa fe;coparticipacion federal de impuestos neta ley 26075;coparticipacion federal de impuestos neta ley 26075;6166,8137
2010;santa fe;financiamiento educativo ley 26075;financiamiento educativo ley 26075;733,8897
2010;santa fe;transferencia de servicios ley 24049;transferencia de servicios ley 24049;135,489
2010;santa fe;impuesto a las ganancias;obras de infraestructura basica social;337,2611
2010;santa fe;impuesto a las ganancias;excedente obras de caracter social a buenos aires;785,4017
2010;santa fe;impuesto a las ganancias;ley 24699;38,91
2010;santa fe;impuesto sobre los bienes personales;ley 24699;244,3789
2010;santa fe;impuesto sobre los bienes personales;ley 23966 art 30;52,7099
2010;santa fe;impuesto sobre los activos fondo educacion ley 23906;impuesto sobre los activos fondo educacion ley 23906;0,0607
2010;santa fe;i.v.a.ley 23966 art 5 punto 2;i.v.a.ley 23966 art 5 punto 2;127,809
2010;santa fe;impuesto a los combustibles liquidos ley 23966 y 24699;obras de infraestructura;68,6574
2010;santa fe;impuesto a los combustibles liquidos ley 23966 y 24699;vialidad provincial;77,5404
2010;santa fe;impuesto a los combustibles liquidos ley 23966 y 24699;f.e.d.e.i.;4,8106
2010;santa fe;impuesto a los combustibles liquidos ley 23966 y 24699;ley 24464 fo.na.vi;119,2346
2010;santa fe;regimen de energia electrica ley 24065;fondo para compensaciones de tarifa electrica;7,6571
2010;santa fe;regimen de energia electrica ley 24065;f.e.d.e.i.;5,8782
2010;santa fe;fondo compensador de desequilibrios;fondo compensador de desequilibrios;6
2010;santa fe;regimen simplificado para pequeños contribuyentes ley 24977 art 59 inciso a;regimen simplificado para pequeños contribuyentes ley 24977 art 59 inciso a;55,4484
2010;sgo. del estero;coparticipacion federal de impuestos neta ley 26075;coparticipacion federal de impuestos neta ley 26075;2834,8091
2010;sgo. del estero;financiamiento educativo ley 26075;financiamiento educativo ley 26075;355,279
2010;sgo. del estero;transferencia de servicios ley 24049;transferencia de servicios ley 24049;31,6
2010;sgo. del estero;impuesto a las ganancias;obras de infraestructura basica social;192,0472
2010;sgo. del estero;impuesto a las ganancias;excedente obras de caracter social a buenos aires;363,0834
2010;sgo. del estero;impuesto a las ganancias;ley 24699;17,9879
2010;sgo. del estero;impuesto sobre los bienes personales;ley 24699;112,9726
2010;sgo. del estero;impuesto sobre los activos fondo educacion ley 23906;impuesto sobre los activos fondo educacion ley 23906;0,0301
2010;sgo. del estero;impuesto a los combustibles liquidos ley 23966 y 24699;obras de infraestructura;17,8708
2010;sgo. del estero;impuesto a los combustibles liquidos ley 23966 y 24699;vialidad provincial;37,4103
2010;sgo. del estero;impuesto a los combustibles liquidos ley 23966 y 24699;f.e.d.e.i.;6,4141
2010;sgo. del estero;impuesto a los combustibles liquidos ley 23966 y 24699;ley 24464 fo.na.vi;90,7449
2010;sgo. del estero;regimen de energia electrica ley 24065;fondo para compensaciones de tarifa electrica;13,0071
2010;sgo. del estero;regimen de energia electrica ley 24065;f.e.d.e.i.;7,8358
2010;sgo. del estero;fondo compensador de desequilibrios;fondo compensador de desequilibrios;26,4
2010;sgo. del estero;regimen simplificado para pequeños contribuyentes ley 24977 art 59 inciso a;regimen simplificado para pequeños contribuyentes ley 24977 art 59 inciso a;25,6331
2010;tucuman;coparticipacion federal de impuestos neta ley 26075;coparticipacion federal de impuestos neta ley 26075;3223,7682
2010;tucuman;financiamiento educativo ley 26075;financiamiento educativo ley 26075;449,6665
2010;tucuman;transferencia de servicios ley 24049;transferencia de servicios ley 24049;55,8
2010;tucuman;impuesto a las ganancias;obras de infraestructura basica social;243,7164
2010;tucuman;impuesto a las ganancias;excedente obras de caracter social a buenos aires;418,0917
2010;tucuman;impuesto a las ganancias;ley 24699;20,7132
2010;tucuman;impuesto sobre los bienes personales;ley 24699;130,0896
2010;tucuman;impuesto sobre los activos fondo educacion ley 23906;impuesto sobre los activos fondo educacion ley 23906;0,0274
2010;tucuman;impuesto a los combustibles liquidos ley 23966 y 24699;obras de infraestructura;20,5785
2010;tucuman;impuesto a los combustibles liquidos ley 23966 y 24699;vialidad provincial;29,383
2010;tucuman;impuesto a los combustibles liquidos ley 23966 y 24699;f.e.d.e.i.;4,9402
2010;tucuman;impuesto a los combustibles liquidos ley 23966 y 24699;ley 24464 fo.na.vi;88,6345
2010;tucuman;regimen de energia electrica ley 24065;fondo para compensaciones de tarifa electrica;11,826
2010;tucuman;regimen de energia electrica ley 24065;f.e.d.e.i.;6,0334
2010;tucuman;fondo compensador de desequilibrios;fondo compensador de desequilibrios;26,4
2010;tucuman;regimen simplificado para pequeños contribuyentes ley 24977 art 59 inciso a;regimen simplificado para pequeños contribuyentes ley 24977 art 59 inciso a;29,5168
2010;tierra del fuego;coparticipacion federal de impuestos neta ley 26075;coparticipacion federal de impuestos neta ley 26075;911,4747
2010;tierra del fuego;financiamiento educativo ley 26075;financiamiento educativo ley 26075;44,5424
2010;tierra del fuego;transferencia de servicios ley 24049;transferencia de servicios ley 24049;12
2010;tierra del fuego;impuesto a las ganancias;obras de infraestructura basica social;10,7478
2010;tierra del fuego;impuesto a las ganancias;excedente obras de caracter social a buenos aires;108,3898
2010;tierra del fuego;impuesto a las ganancias;ley 24699;5,37
2010;tierra del fuego;impuesto sobre los bienes personales;ley 24699;33,7244
2010;tierra del fuego;impuesto sobre los bienes personales;ley 23966 art 30;0,3467
2010;tierra del fuego;impuesto sobre los activos fondo educacion ley 23906;impuesto sobre los activos fondo educacion ley 23906;0,0071
2010;tierra del fuego;i.v.a.ley 23966 art 5 punto 2;i.v.a.ley 23966 art 5 punto 2;0,8406
2010;tierra del fuego;impuesto a los combustibles liquidos ley 23966 y 24699;obras de infraestructura;5,3349
2010;tierra del fuego;impuesto a los combustibles liquidos ley 23966 y 24699;vialidad provincial;13,7975
2010;tierra del fuego;impuesto a los combustibles liquidos ley 23966 y 24699;f.e.d.e.i.;5,6149
2010;tierra del fuego;impuesto a los combustibles liquidos ley 23966 y 24699;ley 24464 fo.na.vi;55,9242
2010;tierra del fuego;regimen de energia electrica ley 24065;fondo para compensaciones de tarifa electrica;7,5338
2010;tierra del fuego;regimen de energia electrica ley 24065;f.e.d.e.i.;6,8636
2010;tierra del fuego;fondo compensador de desequilibrios;fondo compensador de desequilibrios;36
2010;tierra del fuego;regimen simplificado para pequeños contribuyentes ley 24977 art 59 inciso a;regimen simplificado para pequeños contribuyentes ley 24977 art 59 inciso a;7,6521
2010;c.a.b.a;coparticipacion federal de impuestos neta ley 26075;coparticipacion federal de impuestos neta ley 26075;1376,0722
2010;c.a.b.a;financiamiento educativo ley 26075;financiamiento educativo ley 26075;559,9621
2010;c.a.b.a;impuesto sobre los activos fondo educacion ley 23906;impuesto sobre los activos fondo educacion ley 23906;0,026
2010;c.a.b.a;impuesto a los combustibles liquidos ley 23966 y 24699;ley 24464 fo.na.vi;27,4345
2010;tesoro nacional;coparticipacion federal de impuestos neta ley 26075;coparticipacion federal de impuestos neta ley 26075;55647,1576
2010;tesoro nacional;impuesto sobre los bienes personales;ley 24699;2006,1198
2010;tesoro nacional;impuesto sobre los activos fondo educacion ley 23906;impuesto sobre los activos fondo educacion ley 23906;0,3935
2010;tesoro nacional;impuesto a los combustibles liquidos ley 23966 y 24699;vialidad provincial;1457,1439
2010;seguridad social;coparticipacion federal de impuestos neta ley 26075;coparticipacion federal de impuestos neta ley 26075;24500,7821
2010;seguridad social;impuesto a las ganancias;obras de infraestructura basica social;15203,2527
2010;seguridad social;impuesto a las ganancias;ley 24699;120
2010;seguridad social;i.v.a.ley 23966 art 5 punto 2;i.v.a.ley 23966 art 5 punto 2;11681,9584
2010;seguridad social;regimen simplificado para pequeños contribuyentes ley 24977 art 59 inciso a;regimen simplificado para pequeños contribuyentes ley 24977 art 59 inciso a;1463,0399
2010;fondo a.t.n.;coparticipacion federal de impuestos neta ley 26075;coparticipacion federal de impuestos neta ley 26075;1382,8817
2010;fondo a.t.n.;impuesto a las ganancias;obras de infraestructura basica social;1520,3253
2010;fondo a.t.n.;impuesto a las ganancias;ley 24699;20
2010;fondo a.t.n.;impuesto sobre los bienes personales;ley 24699;48,1777
2011;buenos aires;coparticipacion federal de impuestos ley 23548;coparticipacion federal de impuestos ley 23548;22560,748
2011;buenos aires;transferencia de servicios ley 24049;transferencia de servicios ley 24049;420,1
2011;buenos aires;impuesto a las ganancias;obras de infraestructura basica social;688,6755
2011;buenos aires;impuesto a las ganancias;ley 24699;95,6087
2011;buenos aires;impuesto sobre los bienes personales;ley 24699;687,2776
2011;buenos aires;impuesto sobre los bienes personales;ley 23966 art 30;163,6207
2011;buenos aires;impuesto sobre los activos fondo educacion ley 23906;impuesto sobre los activos fondo educacion ley 23906;0,2429
2011;buenos aires;i.v.a.ley 23966 art 5 punto 2;i.v.a.ley 23966 art 5 punto 2;451,8955
2011;buenos aires;impuesto a los combustibles liquidos ley 23966 y 24699;obras de infraestructura;90,3915
2011;buenos aires;impuesto a los combustibles liquidos ley 23966 y 24699;vialidad provincial;253,1862
2011;buenos aires;impuesto a los combustibles liquidos ley 23966 y 24699;f.e.d.e.i.;5,3315
2011;buenos aires;impuesto a los combustibles liquidos ley 23966 y 24699;ley 24464 fo.na.vi;387,8414
2011;buenos aires;regimen de energia electrica ley 24065;fondo para compensaciones de tarifa electrica;10,1668
2011;buenos aires;regimen de energia electrica ley 24065;f.e.d.e.i.;6,9502
2011;buenos aires;regimen simplificado para pequeños contribuyentes ley 24977 art 59 inciso a;regimen simplificado para pequeños contribuyentes ley 24977 art 59 inciso a;194,217
2011;catamarca;coparticipacion federal de impuestos ley 23548;coparticipacion federal de impuestos ley 23548;2829,6802
2011;catamarca;transferencia de servicios ley 24049;transferencia de servicios ley 24049;21,4
2011;catamarca;impuesto a las ganancias;obras de infraestructura basica social;76,8511
2011;catamarca;impuesto a las ganancias;excedente obras de caracter social a buenos aires;350,6765
2011;catamarca;impuesto a las ganancias;ley 24699;11,9916
2011;catamarca;impuesto sobre los bienes personales;ley 24699;86,2017
2011;catamarca;impuesto sobre los activos fondo educacion ley 23906;impuesto sobre los activos fondo educacion ley 23906;0,0182
2011;catamarca;impuesto a los combustibles liquidos ley 23966 y 24699;obras de infraestructura;15,1003
2011;catamarca;impuesto a los combustibles liquidos ley 23966 y 24699;vialidad provincial;24,7589
2011;catamarca;impuesto a los combustibles liquidos ley 23966 y 24699;f.e.d.e.i.;7,7078
2011;catamarca;impuesto a los combustibles liquidos ley 23966 y 24699;ley 24464 fo.na.vi;56,1701
2011;catamarca;regimen de energia electrica ley 24065;fondo para compensaciones de tarifa electrica;12,592
2011;catamarca;regimen de energia electrica ley 24065;f.e.d.e.i.;9,8811
2011;catamarca;fondo compensador de desequilibrios;fondo compensador de desequilibrios;26,4
2011;catamarca;regimen simplificado para pequeños contribuyentes ley 24977 art 59 inciso a;regimen simplificado para pequeños contribuyentes ley 24977 art 59 inciso a;24,36
2011;cordoba;coparticipacion federal de impuestos ley 23548;coparticipacion federal de impuestos ley 23548;9122,2558
2011;cordoba;transferencia de servicios ley 24049;transferencia de servicios ley 24049;125,3
2011;cordoba;impuesto a las ganancias;obras de infraestructura basica social;425,285
2011;cordoba;impuesto a las ganancias;excedente obras de caracter social a buenos aires;1130,4834
2011;cordoba;impuesto a las ganancias;ley 24699;38,658
2011;cordoba;impuesto sobre los bienes personales;ley 24699;277,8951
2011;cordoba;impuesto sobre los bienes personales;ley 23966 art 30;55,8772
2011;cordoba;impuesto sobre los activos fondo educacion ley 23906;impuesto sobre los activos fondo educacion ley 23906;0,0672
2011;cordoba;i.v.a.ley 23966 art 5 punto 2;i.v.a.ley 23966 art 5 punto 2;154,3243
2011;cordoba;impuesto a los combustibles liquidos ley 23966 y 24699;obras de infraestructura;48,6796
2011;cordoba;impuesto a los combustibles liquidos ley 23966 y 24699;vialidad provincial;91,1049
2011;cordoba;impuesto a los combustibles liquidos ley 23966 y 24699;f.e.d.e.i.;5,1136
2011;cordoba;impuesto a los combustibles liquidos ley 23966 y 24699;ley 24464 fo.na.vi;151,1244
2011;cordoba;regimen de energia electrica ley 24065;fondo para compensaciones de tarifa electrica;8,1867
2011;cordoba;regimen de energia electrica ley 24065;f.e.d.e.i.;6,5551
2011;cordoba;fondo compensador de desequilibrios;fondo compensador de desequilibrios;6
2011;cordoba;regimen simplificado para pequeños contribuyentes ley 24977 art 59 inciso a;regimen simplificado para pequeños contribuyentes ley 24977 art 59 inciso a;78,5306
2011;corrientes;coparticipacion federal de impuestos ley 23548;coparticipacion federal de impuestos ley 23548;3819,0789
2011;corrientes;transferencia de servicios ley 24049;transferencia de servicios ley 24049;38,6
2011;corrientes;impuesto a las ganancias;obras de infraestructura basica social;285,473
2011;corrientes;impuesto a las ganancias;excedente obras de caracter social a buenos aires;473,2924
2011;corrientes;impuesto a las ganancias;ley 24699;16,1844
2011;corrientes;impuesto sobre los bienes personales;ley 24699;116,3422
2011;corrientes;impuesto sobre los bienes personales;ley 23966 art 30;17,8669
2011;corrientes;impuesto sobre los activos fondo educacion ley 23906;impuesto sobre los activos fondo educacion ley 23906;0,0302
2011;corrientes;i.v.a.ley 23966 art 5 punto 2;i.v.a.ley 23966 art 5 punto 2;49,3457
2011;corrientes;impuesto a los combustibles liquidos ley 23966 y 24699;obras de infraestructura;20,38
2011;corrientes;impuesto a los combustibles liquidos ley 23966 y 24699;vialidad provincial;32,0858
2011;corrientes;impuesto a los combustibles liquidos ley 23966 y 24699;f.e.d.e.i.;6,4739
2011;corrientes;impuesto a los combustibles liquidos ley 23966 y 24699;ley 24464 fo.na.vi;132,401
2011;corrientes;regimen de energia electrica ley 24065;fondo para compensaciones de tarifa electrica;10,8969
2011;corrientes;regimen de energia electrica ley 24065;f.e.d.e.i.;8,2989
2011;corrientes;fondo compensador de desequilibrios;fondo compensador de desequilibrios;18
2011;corrientes;regimen simplificado para pequeños contribuyentes ley 24977 art 59 inciso a;regimen simplificado para pequeños contribuyentes ley 24977 art 59 inciso a;32,8772
2011;chaco;coparticipacion federal de impuestos ley 23548;coparticipacion federal de impuestos ley 23548;5125,0852
2011;chaco;transferencia de servicios ley 24049;transferencia de servicios ley 24049;33,6
2011;chaco;impuesto a las ganancias;obras de infraestructura basica social;349,2881
2011;chaco;impuesto a las ganancias;excedente obras de caracter social a buenos aires;635,1353
2011;chaco;impuesto a las ganancias;ley 24699;21,7188
2011;chaco;impuesto sobre los bienes personales;ley 24699;156,1276
2011;chaco;impuesto sobre los bienes personales;ley 23966 art 30;14,0464
2011;chaco;impuesto sobre los activos fondo educacion ley 23906;impuesto sobre los activos fondo educacion ley 23906;0,0394
2011;chaco;i.v.a.ley 23966 art 5 punto 2;i.v.a.ley 23966 art 5 punto 2;38,7941
2011;chaco;impuesto a los combustibles liquidos ley 23966 y 24699;obras de infraestructura;27,3495
2011;chaco;impuesto a los combustibles liquidos ley 23966 y 24699;vialidad provincial;33,6095
2011;chaco;impuesto a los combustibles liquidos ley 23966 y 24699;f.e.d.e.i.;6,8758
2011;chaco;impuesto a los combustibles liquidos ley 23966 y 24699;ley 24464 fo.na.vi;123,0393
2011;chaco;regimen de energia electrica ley 24065;fondo para compensaciones de tarifa electrica;11,6301
2011;chaco;regimen de energia electrica ley 24065;f.e.d.e.i.;8,8142
2011;chaco;fondo compensador de desequilibrios;fondo compensador de desequilibrios;6
2011;chaco;regimen simplificado para pequeños contribuyentes ley 24977 art 59 inciso a;regimen simplificado para pequeños contribuyentes ley 24977 art 59 inciso a;44,1205
2011;chubut;coparticipacion federal de impuestos ley 23548;coparticipacion federal de impuestos ley 23548;1624,757
2011;chubut;transferencia de servicios ley 24049;transferencia de servicios ley 24049;24,2
2011;chubut;impuesto a las ganancias;obras de infraestructura basica social;67,9144
2011;chubut;impuesto a las ganancias;excedente obras de caracter social a buenos aires;201,3519
2011;chubut;impuesto a las ganancias;ley 24699;6,8856
2011;chubut;impuesto sobre los bienes personales;ley 24699;49,4957
2011;chubut;impuesto sobre los bienes personales;ley 23966 art 30;5,4947
2011;chubut;impuesto sobre los activos fondo educacion ley 23906;impuesto sobre los activos fondo educacion ley 23906;0,0182
2011;chubut;i.v.a.ley 23966 art 5 punto 2;i.v.a.ley 23966 art 5 punto 2;15,1755
2011;chubut;impuesto a los combustibles liquidos ley 23966 y 24699;obras de infraestructura;8,6705
2011;chubut;impuesto a los combustibles liquidos ley 23966 y 24699;vialidad provincial;36,7975
2011;chubut;impuesto a los combustibles liquidos ley 23966 y 24699;f.e.d.e.i.;7,2092
2011;chubut;impuesto a los combustibles liquidos ley 23966 y 24699;ley 24464 fo.na.vi;85,5926
2011;chubut;regimen de energia electrica ley 24065;fondo para compensaciones de tarifa electrica;17,6166
2011;chubut;regimen de energia electrica ley 24065;f.e.d.e.i.;9,2416
2011;chubut;fondo compensador de desequilibrios;fondo compensador de desequilibrios;36
2011;chubut;regimen simplificado para pequeños contribuyentes ley 24977 art 59 inciso a;regimen simplificado para pequeños contribuyentes ley 24977 art 59 inciso a;13,9873
2011;entre rios;coparticipacion federal de impuestos ley 23548;coparticipacion federal de impuestos ley 23548;5016,2513
2011;entre rios;transferencia de servicios ley 24049;transferencia de servicios ley 24049;67,5
2011;entre rios;impuesto a las ganancias;obras de infraestructura basica social;218,8254
2011;entre rios;impuesto a las ganancias;excedente obras de caracter social a buenos aires;621,6501
2011;entre rios;impuesto a las ganancias;ley 24699;21,258
2011;entre rios;impuesto sobre los bienes personales;ley 24699;152,8122
2011;entre rios;impuesto sobre los bienes personales;ley 23966 art 30;24,2495
2011;entre rios;impuesto sobre los activos fondo educacion ley 23906;impuesto sobre los activos fondo educacion ley 23906;0,0312
2011;entre rios;i.v.a.ley 23966 art 5 punto 2;i.v.a.ley 23966 art 5 punto 2;66,9733
2011;entre rios;impuesto a los combustibles liquidos ley 23966 y 24699;obras de infraestructura;26,7683
2011;entre rios;impuesto a los combustibles liquidos ley 23966 y 24699;vialidad provincial;47,1636
2011;entre rios;impuesto a los combustibles liquidos ley 23966 y 24699;f.e.d.e.i.;5,9173
2011;entre rios;impuesto a los combustibles liquidos ley 23966 y 24699;ley 24464 fo.na.vi;104,316
2011;entre rios;regimen de energia electrica ley 24065;fondo para compensaciones de tarifa electrica;11,0706
2011;entre rios;regimen de energia electrica ley 24065;f.e.d.e.i.;7,5855
2011;entre rios;fondo compensador de desequilibrios;fondo compensador de desequilibrios;21,6
2011;entre rios;regimen simplificado para pequeños contribuyentes ley 24977 art 59 inciso a;regimen simplificado para pequeños contribuyentes ley 24977 art 59 inciso a;43,1829
2011;formosa;coparticipacion federal de impuestos ley 23548;coparticipacion federal de impuestos ley 23548;3739,927
2011;formosa;transferencia de servicios ley 24049;transferencia de servicios ley 24049;20,7
2011;formosa;impuesto a las ganancias;obras de infraestructura basica social;175,9242
2011;formosa;impuesto a las ganancias;excedente obras de caracter social a buenos aires;463,4831
2011;formosa;impuesto a las ganancias;ley 24699;15,8495
2011;formosa;impuesto sobre los bienes personales;ley 24699;113,931
2011;formosa;impuesto sobre los bienes personales;ley 23966 art 30;6,5431
2011;formosa;impuesto sobre los activos fondo educacion ley 23906;impuesto sobre los activos fondo educacion ley 23906;0,0212
2011;formosa;i.v.a.ley 23966 art 5 punto 2;i.v.a.ley 23966 art 5 punto 2;18,0711
2011;formosa;impuesto a los combustibles liquidos ley 23966 y 24699;obras de infraestructura;19,9578
2011;formosa;impuesto a los combustibles liquidos ley 23966 y 24699;vialidad provincial;25,5417
2011;formosa;impuesto a los combustibles liquidos ley 23966 y 24699;f.e.d.e.i.;7,9454
2011;formosa;impuesto a los combustibles liquidos ley 23966 y 24699;ley 24464 fo.na.vi;106,9907
2011;formosa;regimen de energia electrica ley 24065;fondo para compensaciones de tarifa electrica;11,8454
2011;formosa;regimen de energia electrica ley 24065;f.e.d.e.i.;10,1853
2011;formosa;fondo compensador de desequilibrios;fondo compensador de desequilibrios;26,4
2011;formosa;regimen simplificado para pequeños contribuyentes ley 24977 art 59 inciso a;regimen simplificado para pequeños contribuyentes ley 24977 art 59 inciso a;32,1961
2011;jujuy;coparticipacion federal de impuestos ley 23548;coparticipacion federal de impuestos ley 23548;2918,7261
2011;jujuy;transferencia de servicios ley 24049;transferencia de servicios ley 24049;33,3
2011;jujuy;impuesto a las ganancias;obras de infraestructura basica social;189,2291
2011;jujuy;impuesto a las ganancias;excedente obras de caracter social a buenos aires;361,7144
2011;jujuy;impuesto a las ganancias;ley 24699;12,3695
2011;jujuy;impuesto sobre los bienes personales;ley 24699;88,9144
2011;jujuy;impuesto sobre los activos fondo educacion ley 23906;impuesto sobre los activos fondo educacion ley 23906;0,0193
2011;jujuy;impuesto a los combustibles liquidos ley 23966 y 24699;obras de infraestructura;15,5752
2011;jujuy;impuesto a los combustibles liquidos ley 23966 y 24699;vialidad provincial;24,0232
2011;jujuy;impuesto a los combustibles liquidos ley 23966 y 24699;f.e.d.e.i.;6,4116
2011;jujuy;impuesto a los combustibles liquidos ley 23966 y 24699;ley 24464 fo.na.vi;80,243
2011;jujuy;regimen de energia electrica ley 24065;fondo para compensaciones de tarifa electrica;17,0955
2011;jujuy;regimen de energia electrica ley 24065;f.e.d.e.i.;8,2191
2011;jujuy;fondo compensador de desequilibrios;fondo compensador de desequilibrios;26,4
2011;jujuy;regimen simplificado para pequeños contribuyentes ley 24977 art 59 inciso a;regimen simplificado para pequeños contribuyentes ley 24977 art 59 inciso a;25,126
2011;la pampa;coparticipacion federal de impuestos ley 23548;coparticipacion federal de impuestos ley 23548;1929,3274
2011;la pampa;transferencia de servicios ley 24049;transferencia de servicios ley 24049;19,2
2011;la pampa;impuesto a las ganancias;obras de infraestructura basica social;33,0404
2011;la pampa;impuesto a las ganancias;excedente obras de caracter social a buenos aires;239,0985
2011;la pampa;impuesto a las ganancias;ley 24699;8,1756
2011;la pampa;impuesto sobre los bienes personales;ley 24699;58,7739
2011;la pampa;impuesto sobre los bienes personales;ley 23966 art 30;4,7334
2011;la pampa;impuesto sobre los activos fondo educacion ley 23906;impuesto sobre los activos fondo educacion ley 23906;0,016
2011;la pampa;i.v.a.ley 23966 art 5 punto 2;i.v.a.ley 23966 art 5 punto 2;13,0729
2011;la pampa;impuesto a los combustibles liquidos ley 23966 y 24699;obras de infraestructura;10,2955
2011;la pampa;impuesto a los combustibles liquidos ley 23966 y 24699;vialidad provincial;27,8733
2011;la pampa;impuesto a los combustibles liquidos ley 23966 y 24699;f.e.d.e.i.;5,6917
2011;la pampa;impuesto a los combustibles liquidos ley 23966 y 24699;ley 24464 fo.na.vi;53,4954
2011;la pampa;regimen de energia electrica ley 24065;fondo para compensaciones de tarifa electrica;15,524
2011;la pampa;regimen de energia electrica ley 24065;f.e.d.e.i.;7,2961
2011;la pampa;fondo compensador de desequilibrios;fondo compensador de desequilibrios;30
2011;la pampa;regimen simplificado para pequeños contribuyentes ley 24977 art 59 inciso a;regimen simplificado para pequeños contribuyentes ley 24977 art 59 inciso a;16,6089
2011;la rioja;coparticipacion federal de impuestos ley 23548;coparticipacion federal de impuestos ley 23548;2127,2072
2011;la rioja;transferencia de servicios ley 24049;transferencia de servicios ley 24049;20,3
2011;la rioja;impuesto a las ganancias;obras de infraestructura basica social;63,5904
2011;la rioja;impuesto a las ganancias;excedente obras de caracter social a buenos aires;263,6217
2011;la rioja;impuesto a las ganancias;ley 24699;9,0144
2011;la rioja;impuesto sobre los bienes personales;ley 24699;64,802
2011;la rioja;impuesto sobre los activos fondo educacion ley 23906;impuesto sobre los activos fondo educacion ley 23906;0,0156
2011;la rioja;impuesto a los combustibles liquidos ley 23966 y 24699;obras de infraestructura;11,3516
2011;la rioja;impuesto a los combustibles liquidos ley 23966 y 24699;vialidad provincial;25,1811
2011;la rioja;impuesto a los combustibles liquidos ley 23966 y 24699;f.e.d.e.i.;7,499
2011;la rioja;impuesto a los combustibles liquidos ley 23966 y 24699;ley 24464 fo.na.vi;53,4954
2011;la rioja;regimen de energia electrica ley 24065;fondo para compensaciones de tarifa electrica;11,5163
2011;la rioja;regimen de energia electrica ley 24065;f.e.d.e.i.;9,613
2011;la rioja;fondo compensador de desequilibrios;fondo compensador de desequilibrios;26,4
2011;la rioja;regimen simplificado para pequeños contribuyentes ley 24977 art 59 inciso a;regimen simplificado para pequeños contribuyentes ley 24977 art 59 inciso a;18,3125
2011;mendoza;coparticipacion federal de impuestos ley 23548;coparticipacion federal de impuestos ley 23548;4284,0963
2011;mendoza;transferencia de servicios ley 24049;transferencia de servicios ley 24049;61,7
2011;mendoza;impuesto a las ganancias;obras de infraestructura basica social;260,3865
2011;mendoza;impuesto a las ganancias;excedente obras de caracter social a buenos aires;530,9193
2011;mendoza;impuesto a las ganancias;ley 24699;18,1548
2011;mendoza;impuesto sobre los bienes personales;ley 24699;130,5082
2011;mendoza;impuesto sobre los activos fondo educacion ley 23906;impuesto sobre los activos fondo educacion ley 23906;0,0331
2011;mendoza;impuesto a los combustibles liquidos ley 23966 y 24699;obras de infraestructura;22,8616
2011;mendoza;impuesto a los combustibles liquidos ley 23966 y 24699;vialidad provincial;52,2154
2011;mendoza;impuesto a los combustibles liquidos ley 23966 y 24699;f.e.d.e.i.;3,3426
2011;mendoza;impuesto a los combustibles liquidos ley 23966 y 24699;ley 24464 fo.na.vi;106,9907
2011;mendoza;regimen de energia electrica ley 24065;fondo para compensaciones de tarifa electrica;8,7569
2011;mendoza;regimen de energia electrica ley 24065;f.e.d.e.i.;4,8279
2011;mendoza;fondo compensador de desequilibrios;fondo compensador de desequilibrios;26,4
2011;mendoza;regimen simplificado para pequeños contribuyentes ley 24977 art 59 inciso a;regimen simplificado para pequeños contribuyentes ley 24977 art 59 inciso a;36,8806
2011;misiones;coparticipacion federal de impuestos ley 23548;coparticipacion federal de impuestos ley 23548;3393,6375
2011;misiones;transferencia de servicios ley 24049;transferencia de servicios ley 24049;34,1
2011;misiones;impuesto a las ganancias;obras de infraestructura basica social;281,146
2011;misiones;impuesto a las ganancias;excedente obras de caracter social a buenos aires;420,56
2011;misiones;impuesto a las ganancias;ley 24699;14,382
2011;misiones;impuesto sobre los bienes personales;ley 24699;103,3818
2011;misiones;impuesto sobre los bienes personales;ley 23966 art 30;7,6711
2011;misiones;impuesto sobre los activos fondo educacion ley 23906;impuesto sobre los activos fondo educacion ley 23906;0,0247
2011;misiones;i.v.a.ley 23966 art 5 punto 2;i.v.a.ley 23966 art 5 punto 2;21,1864
2011;misiones;impuesto a los combustibles liquidos ley 23966 y 24699;obras de infraestructura;18,1094
2011;misiones;impuesto a los combustibles liquidos ley 23966 y 24699;vialidad provincial;44,4839
2011;misiones;impuesto a los combustibles liquidos ley 23966 y 24699;f.e.d.e.i.;9,0725
2011;misiones;impuesto a los combustibles liquidos ley 23966 y 24699;ley 24464 fo.na.vi;125,7141
2011;misiones;regimen de energia electrica ley 24065;fondo para compensaciones de tarifa electrica;14,1855
2011;misiones;regimen de energia electrica ley 24065;f.e.d.e.i.;12,8079
2011;misiones;fondo compensador de desequilibrios;fondo compensador de desequilibrios;26,4
2011;misiones;regimen simplificado para pequeños contribuyentes ley 24977 art 59 inciso a;regimen simplificado para pequeños contribuyentes ley 24977 art 59 inciso a;29,2143
2011;neuquen;coparticipacion federal de impuestos ley 23548;coparticipacion federal de impuestos ley 23548;1783,0608
2011;neuquen;transferencia de servicios ley 24049;transferencia de servicios ley 24049;17,4
2011;neuquen;impuesto a las ganancias;obras de infraestructura basica social;85,9268
2011;neuquen;impuesto a las ganancias;excedente obras de caracter social a buenos aires;220,9705
2011;neuquen;impuesto a las ganancias;ley 24699;7,5564
2011;neuquen;impuesto sobre los bienes personales;ley 24699;54,3181
2011;neuquen;impuesto sobre los bienes personales;ley 23966 art 30;3,4499
2011;neuquen;impuesto sobre los activos fondo educacion ley 23906;impuesto sobre los activos fondo educacion ley 23906;0,0219
2011;neuquen;i.v.a.ley 23966 art 5 punto 2;i.v.a.ley 23966 art 5 punto 2;9,5281
2011;neuquen;impuesto a los combustibles liquidos ley 23966 y 24699;obras de infraestructura;9,5149
2011;neuquen;impuesto a los combustibles liquidos ley 23966 y 24699;vialidad provincial;35,4911
2011;neuquen;impuesto a los combustibles liquidos ley 23966 y 24699;f.e.d.e.i.;6,6859
2011;neuquen;impuesto a los combustibles liquidos ley 23966 y 24699;ley 24464 fo.na.vi;115,015
2011;neuquen;regimen de energia electrica ley 24065;fondo para compensaciones de tarifa electrica;11,8902
2011;neuquen;regimen de energia electrica ley 24065;f.e.d.e.i.;8,5667
2011;neuquen;fondo compensador de desequilibrios;fondo compensador de desequilibrios;30
2011;neuquen;regimen simplificado para pequeños contribuyentes ley 24977 art 59 inciso a;regimen simplificado para pequeños contribuyentes ley 24977 art 59 inciso a;15,3495
2011;rio negro;coparticipacion federal de impuestos ley 23548;coparticipacion federal de impuestos ley 23548;2592,2245
2011;rio negro;transferencia de servicios ley 24049;transferencia de servicios ley 24049;14,6
2011;rio negro;impuesto a las ganancias;obras de infraestructura basica social;105,3046
2011;rio negro;impuesto a las ganancias;excedente obras de caracter social a buenos aires;321,2486
2011;rio negro;impuesto a las ganancias;ley 24699;10,9848
2011;rio negro;impuesto sobre los bienes personales;ley 24699;78,968
2011;rio negro;impuesto sobre los activos fondo educacion ley 23906;impuesto sobre los activos fondo educacion ley 23906;0,0253
2011;rio negro;impuesto a los combustibles liquidos ley 23966 y 24699;obras de infraestructura;13,8332
2011;rio negro;impuesto a los combustibles liquidos ley 23966 y 24699;vialidad provincial;28,8638
2011;rio negro;impuesto a los combustibles liquidos ley 23966 y 24699;f.e.d.e.i.;6,2124
2011;rio negro;impuesto a los combustibles liquidos ley 23966 y 24699;ley 24464 fo.na.vi;120,3646
2011;rio negro;regimen de energia electrica ley 24065;fondo para compensaciones de tarifa electrica;9,0699
2011;rio negro;regimen de energia electrica ley 24065;f.e.d.e.i.;7,9637
2011;rio negro;fondo compensador de desequilibrios;fondo compensador de desequilibrios;30
2011;rio negro;regimen simplificado para pequeños contribuyentes ley 24977 art 59 inciso a;regimen simplificado para pequeños contribuyentes ley 24977 art 59 inciso a;22,3159
2011;salta;coparticipacion federal de impuestos ley 23548;coparticipacion federal de impuestos ley 23548;3937,8067
2011;salta;transferencia de servicios ley 24049;transferencia de servicios ley 24049;39,8
2011;salta;impuesto a las ganancias;obras de infraestructura basica social;365,6318
2011;salta;impuesto a las ganancias;excedente obras de caracter social a buenos aires;488,0063
2011;salta;impuesto a las ganancias;ley 24699;16,6872
2011;salta;impuesto sobre los bienes personales;ley 24699;119,9591
2011;salta;impuesto sobre los activos fondo educacion ley 23906;impuesto sobre los activos fondo educacion ley 23906;0,0336
2011;salta;impuesto a los combustibles liquidos ley 23966 y 24699;obras de infraestructura;21,0138
2011;salta;impuesto a los combustibles liquidos ley 23966 y 24699;vialidad provincial;37,6713
2011;salta;impuesto a los combustibles liquidos ley 23966 y 24699;f.e.d.e.i.;6,3555
2011;salta;impuesto a los combustibles liquidos ley 23966 y 24699;ley 24464 fo.na.vi;106,9907
2011;salta;regimen de energia electrica ley 24065;fondo para compensaciones de tarifa electrica;11,9468
2011;salta;regimen de energia electrica ley 24065;f.e.d.e.i.;8,1472
2011;salta;fondo compensador de desequilibrios;fondo compensador de desequilibrios;30
2011;salta;regimen simplificado para pequeños contribuyentes ley 24977 art 59 inciso a;regimen simplificado para pequeños contribuyentes ley 24977 art 59 inciso a;33,8997
2011;san juan;coparticipacion federal de impuestos ley 23548;coparticipacion federal de impuestos ley 23548;3472,7894
2011;san juan;transferencia de servicios ley 24049;transferencia de servicios ley 24049;30,1
2011;san juan;impuesto a las ganancias;obras de infraestructura basica social;115,9837
2011;san juan;impuesto a las ganancias;excedente obras de caracter social a buenos aires;430,3692
2011;san juan;impuesto a las ganancias;ley 24699;14,7168
2011;san juan;impuesto sobre los bienes personales;ley 24699;105,7931
2011;san juan;impuesto sobre los activos fondo educacion ley 23906;impuesto sobre los activos fondo educacion ley 23906;0,019
2011;san juan;impuesto a los combustibles liquidos ley 23966 y 24699;obras de infraestructura;18,5322
2011;san juan;impuesto a los combustibles liquidos ley 23966 y 24699;vialidad provincial;32,1708
2011;san juan;impuesto a los combustibles liquidos ley 23966 y 24699;f.e.d.e.i.;5,8879
2011;san juan;impuesto a los combustibles liquidos ley 23966 y 24699;ley 24464 fo.na.vi;97,629
2011;san juan;regimen de energia electrica ley 24065;fondo para compensaciones de tarifa electrica;15,286
2011;san juan;regimen de energia electrica ley 24065;f.e.d.e.i.;7,5478
2011;san juan;fondo compensador de desequilibrios;fondo compensador de desequilibrios;26,4
2011;san juan;regimen simplificado para pequeños contribuyentes ley 24977 art 59 inciso a;regimen simplificado para pequeños contribuyentes ley 24977 art 59 inciso a;29,8963
2011;san luis;coparticipacion federal de impuestos ley 23548;coparticipacion federal de impuestos ley 23548;2344,8749
2011;san luis;transferencia de servicios ley 24049;transferencia de servicios ley 24049;18,9
2011;san luis;impuesto a las ganancias;obras de infraestructura basica social;61,6495
2011;san luis;impuesto a las ganancias;excedente obras de caracter social a buenos aires;290,5921
2011;san luis;impuesto a las ganancias;ley 24699;9,9372
2011;san luis;impuesto sobre los bienes personales;ley 24699;71,4329
2011;san luis;impuesto sobre los activos fondo educacion ley 23906;impuesto sobre los activos fondo educacion ley 23906;0,0157
2011;san luis;impuesto a los combustibles liquidos ley 23966 y 24699;obras de infraestructura;12,5129
2011;san luis;impuesto a los combustibles liquidos ley 23966 y 24699;vialidad provincial;35,316
2011;san luis;impuesto a los combustibles liquidos ley 23966 y 24699;f.e.d.e.i.;5,7679
2011;san luis;impuesto a los combustibles liquidos ley 23966 y 24699;ley 24464 fo.na.vi;97,629
2011;san luis;regimen de energia electrica ley 24065;fondo para compensaciones de tarifa electrica;10,8309
2011;san luis;regimen de energia electrica ley 24065;f.e.d.e.i.;7,3938
2011;san luis;fondo compensador de desequilibrios;fondo compensador de desequilibrios;26,4
2011;san luis;regimen simplificado para pequeños contribuyentes ley 24977 art 59 inciso a;regimen simplificado para pequeños contribuyentes ley 24977 art 59 inciso a;20,1859
2011;santa cruz;coparticipacion federal de impuestos ley 23548;coparticipacion federal de impuestos ley 23548;1624,757
2011;santa cruz;transferencia de servicios ley 24049;transferencia de servicios ley 24049;8,5
2011;santa cruz;impuesto a las ganancias;obras de infraestructura basica social;21,5881
2011;santa cruz;impuesto a las ganancias;excedente obras de caracter social a buenos aires;201,3519
2011;santa cruz;impuesto a las ganancias;ley 24699;6,8856
2011;santa cruz;impuesto sobre los bienes personales;ley 24699;49,4957
2011;santa cruz;impuesto sobre los bienes personales;ley 23966 art 30;4,4732
2011;santa cruz;impuesto sobre los activos fondo educacion ley 23906;impuesto sobre los activos fondo educacion ley 23906;0,0157
2011;santa cruz;i.v.a.ley 23966 art 5 punto 2;i.v.a.ley 23966 art 5 punto 2;12,3542
2011;santa cruz;impuesto a los combustibles liquidos ley 23966 y 24699;obras de infraestructura;8,6705
2011;santa cruz;impuesto a los combustibles liquidos ley 23966 y 24699;vialidad provincial;34,5137
2011;santa cruz;impuesto a los combustibles liquidos ley 23966 y 24699;f.e.d.e.i.;8,1158
2011;santa cruz;impuesto a los combustibles liquidos ley 23966 y 24699;ley 24464 fo.na.vi;85,5926
2011;santa cruz;regimen de energia electrica ley 24065;fondo para compensaciones de tarifa electrica;9,7176
2011;santa cruz;regimen de energia electrica ley 24065;transferencia a empresas de energia electrica;30
2011;santa cruz;regimen de energia electrica ley 24065;f.e.d.e.i.;10,4038
2011;santa cruz;fondo compensador de desequilibrios;fondo compensador de desequilibrios;36
2011;santa cruz;regimen simplificado para pequeños contribuyentes ley 24977 art 59 inciso a;regimen simplificado para pequeños contribuyentes ley 24977 art 59 inciso a;13,9873
2011;santa fe;coparticipacion federal de impuestos ley 23548;coparticipacion federal de impuestos ley 23548;9181,6197
2011;santa fe;transferencia de servicios ley 24049;transferencia de servicios ley 24049;135,489
2011;santa fe;impuesto a las ganancias;obras de infraestructura basica social;475,6636
2011;santa fe;impuesto a las ganancias;excedente obras de caracter social a buenos aires;1137,8454
2011;santa fe;impuesto a las ganancias;ley 24699;38,91
2011;santa fe;impuesto sobre los bienes personales;ley 24699;279,7036
2011;santa fe;impuesto sobre los bienes personales;ley 23966 art 30;60,329
2011;santa fe;impuesto sobre los activos fondo educacion ley 23906;impuesto sobre los activos fondo educacion ley 23906;0,0638
2011;santa fe;i.v.a.ley 23966 art 5 punto 2;i.v.a.ley 23966 art 5 punto 2;166,6195
2011;santa fe;impuesto a los combustibles liquidos ley 23966 y 24699;obras de infraestructura;78,9966
2011;santa fe;impuesto a los combustibles liquidos ley 23966 y 24699;vialidad provincial;94,7825
2011;santa fe;impuesto a los combustibles liquidos ley 23966 y 24699;f.e.d.e.i.;5,1136
2011;santa fe;impuesto a los combustibles liquidos ley 23966 y 24699;ley 24464 fo.na.vi;151,1244
2011;santa fe;regimen de energia electrica ley 24065;fondo para compensaciones de tarifa electrica;7,2873
2011;santa fe;regimen de energia electrica ley 24065;f.e.d.e.i.;6,5551
2011;santa fe;fondo compensador de desequilibrios;fondo compensador de desequilibrios;6
2011;santa fe;regimen simplificado para pequeños contribuyentes ley 24977 art 59 inciso a;regimen simplificado para pequeños contribuyentes ley 24977 art 59 inciso a;79,0418
2011;sgo. del estero;coparticipacion federal de impuestos ley 23548;coparticipacion federal de impuestos ley 23548;4244,5203
2011;sgo. del estero;transferencia de servicios ley 24049;transferencia de servicios ley 24049;31,6
2011;sgo. del estero;impuesto a las ganancias;obras de infraestructura basica social;270,858
2011;sgo. del estero;impuesto a las ganancias;excedente obras de caracter social a buenos aires;526,0147
2011;sgo. del estero;impuesto a las ganancias;ley 24699;17,9879
2011;sgo. del estero;impuesto sobre los bienes personales;ley 24699;129,3026
2011;sgo. del estero;impuesto sobre los activos fondo educacion ley 23906;impuesto sobre los activos fondo educacion ley 23906;0,0317
2011;sgo. del estero;impuesto a los combustibles liquidos ley 23966 y 24699;obras de infraestructura;22,6505
2011;sgo. del estero;impuesto a los combustibles liquidos ley 23966 y 24699;vialidad provincial;39,4475
2011;sgo. del estero;impuesto a los combustibles liquidos ley 23966 y 24699;f.e.d.e.i.;6,818
2011;sgo. del estero;impuesto a los combustibles liquidos ley 23966 y 24699;ley 24464 fo.na.vi;115,015
2011;sgo. del estero;regimen de energia electrica ley 24065;fondo para compensaciones de tarifa electrica;12,3445
2011;sgo. del estero;regimen de energia electrica ley 24065;f.e.d.e.i.;8,0101
2011;sgo. del estero;fondo compensador de desequilibrios;fondo compensador de desequilibrios;26,4
2011;sgo. del estero;regimen simplificado para pequeños contribuyentes ley 24977 art 59 inciso a;regimen simplificado para pequeños contribuyentes ley 24977 art 59 inciso a;36,54
2011;tucuman;coparticipacion federal de impuestos ley 23548;coparticipacion federal de impuestos ley 23548;4887,6295
2011;tucuman;transferencia de servicios ley 24049;transferencia de servicios ley 24049;55,8
2011;tucuman;impuesto a las ganancias;obras de infraestructura basica social;343,7307
2011;tucuman;impuesto a las ganancias;excedente obras de caracter social a buenos aires;605,7075
2011;tucuman;impuesto a las ganancias;ley 24699;20,7132
2011;tucuman;impuesto sobre los bienes personales;ley 24699;148,8939
2011;tucuman;impuesto sobre los activos fondo educacion ley 23906;impuesto sobre los activos fondo educacion ley 23906;0,0287
2011;tucuman;impuesto a los combustibles liquidos ley 23966 y 24699;obras de infraestructura;26,0823
2011;tucuman;impuesto a los combustibles liquidos ley 23966 y 24699;vialidad provincial;34,3257
2011;tucuman;impuesto a los combustibles liquidos ley 23966 y 24699;f.e.d.e.i.;5,2514
2011;tucuman;impuesto a los combustibles liquidos ley 23966 y 24699;ley 24464 fo.na.vi;112,3403
2011;tucuman;regimen de energia electrica ley 24065;fondo para compensaciones de tarifa electrica;9,6975
2011;tucuman;regimen de energia electrica ley 24065;f.e.d.e.i.;6,7245
2011;tucuman;fondo compensador de desequilibrios;fondo compensador de desequilibrios;26,4
2011;tucuman;regimen simplificado para pequeños contribuyentes ley 24977 art 59 inciso a;regimen simplificado para pequeños contribuyentes ley 24977 art 59 inciso a;42,0763
2011;tierra del fuego;coparticipacion federal de impuestos ley 23548;coparticipacion federal de impuestos ley 23548;1270,7846
2011;tierra del fuego;transferencia de servicios ley 24049;transferencia de servicios ley 24049;12
2011;tierra del fuego;impuesto a las ganancias;obras de infraestructura basica social;15,1584
2011;tierra del fuego;impuesto a las ganancias;excedente obras de caracter social a buenos aires;157,0289
2011;tierra del fuego;impuesto a las ganancias;ley 24699;5,37
2011;tierra del fuego;impuesto sobre los bienes personales;ley 24699;38,5992
2011;tierra del fuego;impuesto sobre los bienes personales;ley 23966 art 30;0,3968
2011;tierra del fuego;impuesto sobre los activos fondo educacion ley 23906;impuesto sobre los activos fondo educacion ley 23906;0,0075
2011;tierra del fuego;i.v.a.ley 23966 art 5 punto 2;i.v.a.ley 23966 art 5 punto 2;1,0958
2011;tierra del fuego;impuesto a los combustibles liquidos ley 23966 y 24699;obras de infraestructura;6,7617
2011;tierra del fuego;impuesto a los combustibles liquidos ley 23966 y 24699;vialidad provincial;17,5108
2011;tierra del fuego;impuesto a los combustibles liquidos ley 23966 y 24699;f.e.d.e.i.;5,9683
2011;tierra del fuego;impuesto a los combustibles liquidos ley 23966 y 24699;ley 24464 fo.na.vi;70,8814
2011;tierra del fuego;regimen de energia electrica ley 24065;fondo para compensaciones de tarifa electrica;7,1307
2011;tierra del fuego;regimen de energia electrica ley 24065;f.e.d.e.i.;7,6508
2011;tierra del fuego;fondo compensador de desequilibrios;fondo compensador de desequilibrios;36
2011;tierra del fuego;regimen simplificado para pequeños contribuyentes ley 24977 art 59 inciso a;regimen simplificado para pequeños contribuyentes ley 24977 art 59 inciso a;10,9081
2011;c.a.b.a;coparticipacion federal de impuestos ley 23548;coparticipacion federal de impuestos ley 23548;2565,5692
2011;c.a.b.a;impuesto sobre los activos fondo educacion ley 23906;impuesto sobre los activos fondo educacion ley 23906;0,0273
2011;c.a.b.a;impuesto a los combustibles liquidos ley 23966 y 24699;ley 24464 fo.na.vi;34,772
2011;tesoro nacional;coparticipacion federal de impuestos ley 23548;coparticipacion federal de impuestos ley 23548;73741,7882
2011;tesoro nacional;impuesto sobre los bienes personales;ley 24699;2296,1017
2011;tesoro nacional;impuesto sobre los activos fondo educacion ley 23906;impuesto sobre los activos fondo educacion ley 23906;0,4135
2011;tesoro nacional;impuesto a los combustibles liquidos ley 23966 y 24699;vialidad provincial;1846,8638
2011;seguridad social;coparticipacion federal de impuestos ley 23548;coparticipacion federal de impuestos ley 23548;32436,0955
2011;seguridad social;impuesto a las ganancias;obras de infraestructura basica social;21442,2432
2011;seguridad social;impuesto a las ganancias;ley 24699;120
2011;seguridad social;i.v.a.ley 23966 art 5 punto 2;i.v.a.ley 23966 art 5 punto 2;15229,3067
2011;seguridad social;regimen simplificado para pequeños contribuyentes ley 24977 art 59 inciso a;regimen simplificado para pequeños contribuyentes ley 24977 art 59 inciso a;2085,5681
2011;fondo a.t.n.;coparticipacion federal de impuestos ley 23548;coparticipacion federal de impuestos ley 23548;1832,5494
2011;fondo a.t.n.;impuesto a las ganancias;obras de infraestructura basica social;2144,2243
2011;fondo a.t.n.;impuesto a las ganancias;ley 24699;20
2011;fondo a.t.n.;impuesto sobre los bienes personales;ley 24699;55,1417
2012;buenos aires;coparticipacion federal de impuestos neta ley 26075;coparticipacion federal de impuestos neta ley 26075;22948,8338
2012;buenos aires;financiamiento educativo ley 26075;financiamiento educativo ley 26075;5689,7526
2012;buenos aires;transferencia de servicios ley 24049;transferencia de servicios ley 24049;420,1
2012;buenos aires;impuesto a las ganancias;obras de infraestructura basica social;650
2012;buenos aires;impuesto a las ganancias;ley 24699;95,6087
2012;buenos aires;impuesto sobre los bienes personales;ley 24699;847,5804
2012;buenos aires;impuesto sobre los bienes personales;ley 23966 art 30;201,7841
2012;buenos aires;impuesto sobre los activos fondo educacion ley 23906;impuesto sobre los activos fondo educacion ley 23906;0,2924
2012;buenos aires;i.v.a.ley 23966 art 5 punto 2;i.v.a.ley 23966 art 5 punto 2;573,0935
2012;buenos aires;impuesto a los combustibles liquidos ley 23966 y 24699;obras de infraestructura;139,3016
2012;buenos aires;impuesto a los combustibles liquidos ley 23966 y 24699;vialidad provincial;363,5733
2012;buenos aires;impuesto a los combustibles liquidos ley 23966 y 24699;f.e.d.e.i.;8,6632
2012;buenos aires;impuesto a los combustibles liquidos ley 23966 y 24699;ley 24464 fo.na.vi;545,4054
2012;buenos aires;regimen de energia electrica ley 24065;fondo para compensaciones de tarifa electrica;10,2308
2012;buenos aires;regimen de energia electrica ley 24065;f.e.d.e.i.;6,761
2012;buenos aires;regimen simplificado para pequeños contribuyentes ley 24977 art 59 inciso a;regimen simplificado para pequeños contribuyentes ley 24977 art 59 inciso a;248,8994
2012;catamarca;coparticipacion federal de impuestos neta ley 26075;coparticipacion federal de impuestos neta ley 26075;3284,3429
2012;catamarca;financiamiento educativo ley 26075;financiamiento educativo ley 26075;307,6498
2012;catamarca;transferencia de servicios ley 24049;transferencia de servicios ley 24049;21,4
2012;catamarca;impuesto a las ganancias;obras de infraestructura basica social;98,4708
2012;catamarca;impuesto a las ganancias;excedente obras de caracter social a buenos aires;455,6951
2012;catamarca;impuesto a las ganancias;ley 24699;11,9916
2012;catamarca;impuesto sobre los bienes personales;ley 24699;106,3077
2012;catamarca;impuesto sobre los activos fondo educacion ley 23906;impuesto sobre los activos fondo educacion ley 23906;0,0219
2012;catamarca;impuesto a los combustibles liquidos ley 23966 y 24699;obras de infraestructura;21,235
2012;catamarca;impuesto a los combustibles liquidos ley 23966 y 24699;vialidad provincial;36,023
2012;catamarca;impuesto a los combustibles liquidos ley 23966 y 24699;f.e.d.e.i.;13,0567
2012;catamarca;impuesto a los combustibles liquidos ley 23966 y 24699;ley 24464 fo.na.vi;78,9897
2012;catamarca;regimen de energia electrica ley 24065;fondo para compensaciones de tarifa electrica;14,3245
2012;catamarca;regimen de energia electrica ley 24065;f.e.d.e.i.;10,1798
2012;catamarca;fondo compensador de desequilibrios;fondo compensador de desequilibrios;26,4
2012;catamarca;regimen simplificado para pequeños contribuyentes ley 24977 art 59 inciso a;regimen simplificado para pequeños contribuyentes ley 24977 art 59 inciso a;31,2187
2012;cordoba;coparticipacion federal de impuestos neta ley 26075;coparticipacion federal de impuestos neta ley 26075;10262,5445
2012;cordoba;financiamiento educativo ley 26075;financiamiento educativo ley 26075;1317,2361
2012;cordoba;transferencia de servicios ley 24049;transferencia de servicios ley 24049;125,3
2012;cordoba;impuesto a las ganancias;obras de infraestructura basica social;544,9253
2012;cordoba;impuesto a las ganancias;excedente obras de caracter social a buenos aires;1469,0343
2012;cordoba;impuesto a las ganancias;ley 24699;38,658
2012;cordoba;impuesto sobre los bienes personales;ley 24699;342,7123
2012;cordoba;impuesto sobre los bienes personales;ley 23966 art 30;68,9101
2012;cordoba;impuesto sobre los activos fondo educacion ley 23906;impuesto sobre los activos fondo educacion ley 23906;0,0809
2012;cordoba;i.v.a.ley 23966 art 5 punto 2;i.v.a.ley 23966 art 5 punto 2;195,7139
2012;cordoba;impuesto a los combustibles liquidos ley 23966 y 24699;obras de infraestructura;68,4562
2012;cordoba;impuesto a los combustibles liquidos ley 23966 y 24699;vialidad provincial;125,0954
2012;cordoba;impuesto a los combustibles liquidos ley 23966 y 24699;f.e.d.e.i.;8,6632
2012;cordoba;impuesto a los combustibles liquidos ley 23966 y 24699;ley 24464 fo.na.vi;212,52
2012;cordoba;regimen de energia electrica ley 24065;fondo para compensaciones de tarifa electrica;9,0142
2012;cordoba;regimen de energia electrica ley 24065;f.e.d.e.i.;6,741
2012;cordoba;fondo compensador de desequilibrios;fondo compensador de desequilibrios;6
2012;cordoba;regimen simplificado para pequeños contribuyentes ley 24977 art 59 inciso a;regimen simplificado para pequeños contribuyentes ley 24977 art 59 inciso a;100,6411
2012;corrientes;coparticipacion federal de impuestos neta ley 26075;coparticipacion federal de impuestos neta ley 26075;4253,8519
2012;corrientes;financiamiento educativo ley 26075;financiamiento educativo ley 26075;594,0823
2012;corrientes;transferencia de servicios ley 24049;transferencia de servicios ley 24049;38,6
2012;corrientes;impuesto a las ganancias;obras de infraestructura basica social;365,7817
2012;corrientes;impuesto a las ganancias;excedente obras de caracter social a buenos aires;615,0314
2012;corrientes;impuesto a las ganancias;ley 24699;16,1844
2012;corrientes;impuesto sobre los bienes personales;ley 24699;143,4782
2012;corrientes;impuesto sobre los bienes personales;ley 23966 art 30;22,0343
2012;corrientes;impuesto sobre los activos fondo educacion ley 23906;impuesto sobre los activos fondo educacion ley 23906;0,0363
2012;corrientes;i.v.a.ley 23966 art 5 punto 2;i.v.a.ley 23966 art 5 punto 2;62,5802
2012;corrientes;impuesto a los combustibles liquidos ley 23966 y 24699;obras de infraestructura;28,6595
2012;corrientes;impuesto a los combustibles liquidos ley 23966 y 24699;vialidad provincial;44,0082
2012;corrientes;impuesto a los combustibles liquidos ley 23966 y 24699;f.e.d.e.i.;10,9676
2012;corrientes;impuesto a los combustibles liquidos ley 23966 y 24699;ley 24464 fo.na.vi;186,1901
2012;corrientes;regimen de energia electrica ley 24065;fondo para compensaciones de tarifa electrica;11,9838
2012;corrientes;regimen de energia electrica ley 24065;f.e.d.e.i.;8,5594
2012;corrientes;fondo compensador de desequilibrios;fondo compensador de desequilibrios;18
2012;corrientes;regimen simplificado para pequeños contribuyentes ley 24977 art 59 inciso a;regimen simplificado para pequeños contribuyentes ley 24977 art 59 inciso a;42,1339
2012;chaco;coparticipacion federal de impuestos neta ley 26075;coparticipacion federal de impuestos neta ley 26075;5844,5068
2012;chaco;financiamiento educativo ley 26075;financiamiento educativo ley 26075;661,2702
2012;chaco;transferencia de servicios ley 24049;transferencia de servicios ley 24049;33,6
2012;chaco;impuesto a las ganancias;obras de infraestructura basica social;447,5492
2012;chaco;impuesto a las ganancias;excedente obras de caracter social a buenos aires;825,3421
2012;chaco;impuesto a las ganancias;ley 24699;21,7188
2012;chaco;impuesto sobre los bienes personales;ley 24699;192,5433
2012;chaco;impuesto sobre los bienes personales;ley 23966 art 30;17,3227
2012;chaco;impuesto sobre los activos fondo educacion ley 23906;impuesto sobre los activos fondo educacion ley 23906;0,0474
2012;chaco;i.v.a.ley 23966 art 5 punto 2;i.v.a.ley 23966 art 5 punto 2;49,1987
2012;chaco;impuesto a los combustibles liquidos ley 23966 y 24699;obras de infraestructura;38,4604
2012;chaco;impuesto a los combustibles liquidos ley 23966 y 24699;vialidad provincial;50,0989
2012;chaco;impuesto a los combustibles liquidos ley 23966 y 24699;f.e.d.e.i.;11,6485
2012;chaco;impuesto a los combustibles liquidos ley 23966 y 24699;ley 24464 fo.na.vi;173,0252
2012;chaco;regimen de energia electrica ley 24065;fondo para compensaciones de tarifa electrica;13,3001
2012;chaco;regimen de energia electrica ley 24065;f.e.d.e.i.;9,0808
2012;chaco;fondo compensador de desequilibrios;fondo compensador de desequilibrios;6
2012;chaco;regimen simplificado para pequeños contribuyentes ley 24977 art 59 inciso a;regimen simplificado para pequeños contribuyentes ley 24977 art 59 inciso a;56,5427
2012;chubut;coparticipacion federal de impuestos neta ley 26075;coparticipacion federal de impuestos neta ley 26075;1795,4811
2012;chubut;financiamiento educativo ley 26075;financiamiento educativo ley 26075;266,9834
2012;chubut;transferencia de servicios ley 24049;transferencia de servicios ley 24049;24,2
2012;chubut;impuesto a las ganancias;obras de infraestructura basica social;87,02
2012;chubut;impuesto a las ganancias;excedente obras de caracter social a buenos aires;261,6517
2012;chubut;impuesto a las ganancias;ley 24699;6,8856
2012;chubut;impuesto sobre los bienes personales;ley 24699;61,0402
2012;chubut;impuesto sobre los bienes personales;ley 23966 art 30;6,7763
2012;chubut;impuesto sobre los activos fondo educacion ley 23906;impuesto sobre los activos fondo educacion ley 23906;0,0219
2012;chubut;i.v.a.ley 23966 art 5 punto 2;i.v.a.ley 23966 art 5 punto 2;19,2456
2012;chubut;impuesto a los combustibles liquidos ley 23966 y 24699;obras de infraestructura;12,1929
2012;chubut;impuesto a los combustibles liquidos ley 23966 y 24699;vialidad provincial;55,2301
2012;chubut;impuesto a los combustibles liquidos ley 23966 y 24699;f.e.d.e.i.;12,2133
2012;chubut;impuesto a los combustibles liquidos ley 23966 y 24699;ley 24464 fo.na.vi;120,3653
2012;chubut;regimen de energia electrica ley 24065;fondo para compensaciones de tarifa electrica;17,9731
2012;chubut;regimen de energia electrica ley 24065;f.e.d.e.i.;9,5315
2012;chubut;fondo compensador de desequilibrios;fondo compensador de desequilibrios;36
2012;chubut;regimen simplificado para pequeños contribuyentes ley 24977 art 59 inciso a;regimen simplificado para pequeños contribuyentes ley 24977 art 59 inciso a;17,9255
2012;entre rios;coparticipacion federal de impuestos neta ley 26075;coparticipacion federal de impuestos neta ley 26075;5782,3816
2012;entre rios;financiamiento educativo ley 26075;financiamiento educativo ley 26075;585,2418
2012;entre rios;transferencia de servicios ley 24049;transferencia de servicios ley 24049;67,5
2012;entre rios;impuesto a las ganancias;obras de infraestructura basica social;280,3849
2012;entre rios;impuesto a las ganancias;excedente obras de caracter social a buenos aires;807,8184
2012;entre rios;impuesto a las ganancias;ley 24699;21,258
2012;entre rios;impuesto sobre los bienes personales;ley 24699;188,4546
2012;entre rios;impuesto sobre los bienes personales;ley 23966 art 30;29,9055
2012;entre rios;impuesto sobre los activos fondo educacion ley 23906;impuesto sobre los activos fondo educacion ley 23906;0,0376
2012;entre rios;i.v.a.ley 23966 art 5 punto 2;i.v.a.ley 23966 art 5 punto 2;84,9355
2012;entre rios;impuesto a los combustibles liquidos ley 23966 y 24699;obras de infraestructura;37,6431
2012;entre rios;impuesto a los combustibles liquidos ley 23966 y 24699;vialidad provincial;61,8734
2012;entre rios;impuesto a los combustibles liquidos ley 23966 y 24699;f.e.d.e.i.;10,0247
2012;entre rios;impuesto a los combustibles liquidos ley 23966 y 24699;ley 24464 fo.na.vi;146,6952
2012;entre rios;regimen de energia electrica ley 24065;fondo para compensaciones de tarifa electrica;13,442
2012;entre rios;regimen de energia electrica ley 24065;f.e.d.e.i.;7,8235
2012;entre rios;fondo compensador de desequilibrios;fondo compensador de desequilibrios;21,6
2012;entre rios;regimen simplificado para pequeños contribuyentes ley 24977 art 59 inciso a;regimen simplificado para pequeños contribuyentes ley 24977 art 59 inciso a;55,3411
2012;formosa;coparticipacion federal de impuestos neta ley 26075;coparticipacion federal de impuestos neta ley 26075;4346,0997
2012;formosa;financiamiento educativo ley 26075;financiamiento educativo ley 26075;401,3592
2012;formosa;transferencia de servicios ley 24049;transferencia de servicios ley 24049;20,7
2012;formosa;impuesto a las ganancias;obras de infraestructura basica social;225,4148
2012;formosa;impuesto a las ganancias;excedente obras de caracter social a buenos aires;602,2845
2012;formosa;impuesto a las ganancias;ley 24699;15,8495
2012;formosa;impuesto sobre los bienes personales;ley 24699;140,5046
2012;formosa;impuesto sobre los bienes personales;ley 23966 art 30;8,0692
2012;formosa;impuesto sobre los activos fondo educacion ley 23906;impuesto sobre los activos fondo educacion ley 23906;0,0256
2012;formosa;i.v.a.ley 23966 art 5 punto 2;i.v.a.ley 23966 art 5 punto 2;22,9177
2012;formosa;impuesto a los combustibles liquidos ley 23966 y 24699;obras de infraestructura;28,0658
2012;formosa;impuesto a los combustibles liquidos ley 23966 y 24699;vialidad provincial;34,762
2012;formosa;impuesto a los combustibles liquidos ley 23966 y 24699;f.e.d.e.i.;13,4605
2012;formosa;impuesto a los combustibles liquidos ley 23966 y 24699;ley 24464 fo.na.vi;150,4567
2012;formosa;regimen de energia electrica ley 24065;fondo para compensaciones de tarifa electrica;13,4054
2012;formosa;regimen de energia electrica ley 24065;f.e.d.e.i.;10,5049
2012;formosa;fondo compensador de desequilibrios;fondo compensador de desequilibrios;26,4
2012;formosa;regimen simplificado para pequeños contribuyentes ley 24977 art 59 inciso a;regimen simplificado para pequeños contribuyentes ley 24977 art 59 inciso a;41,261
2012;jujuy;coparticipacion federal de impuestos neta ley 26075;coparticipacion federal de impuestos neta ley 26075;3323,1174
2012;jujuy;financiamiento educativo ley 26075;financiamiento educativo ley 26075;381,9101
2012;jujuy;transferencia de servicios ley 24049;transferencia de servicios ley 24049;33,3
2012;jujuy;impuesto a las ganancias;obras de infraestructura basica social;242,4626
2012;jujuy;impuesto a las ganancias;excedente obras de caracter social a buenos aires;470,0386
2012;jujuy;impuesto a las ganancias;ley 24699;12,3695
2012;jujuy;impuesto sobre los bienes personales;ley 24699;109,6531
2012;jujuy;impuesto sobre los activos fondo educacion ley 23906;impuesto sobre los activos fondo educacion ley 23906;0,0233
2012;jujuy;impuesto a los combustibles liquidos ley 23966 y 24699;obras de infraestructura;21,9027
2012;jujuy;impuesto a los combustibles liquidos ley 23966 y 24699;vialidad provincial;34,643
2012;jujuy;impuesto a los combustibles liquidos ley 23966 y 24699;f.e.d.e.i.;10,8621
2012;jujuy;impuesto a los combustibles liquidos ley 23966 y 24699;ley 24464 fo.na.vi;112,8425
2012;jujuy;regimen de energia electrica ley 24065;fondo para compensaciones de tarifa electrica;19,6011
2012;jujuy;regimen de energia electrica ley 24065;f.e.d.e.i.;8,4771
2012;jujuy;fondo compensador de desequilibrios;fondo compensador de desequilibrios;26,4
2012;jujuy;regimen simplificado para pequeños contribuyentes ley 24977 art 59 inciso a;regimen simplificado para pequeños contribuyentes ley 24977 art 59 inciso a;32,2003
2012;la pampa;coparticipacion federal de impuestos neta ley 26075;coparticipacion federal de impuestos neta ley 26075;2249,2904
2012;la pampa;financiamiento educativo ley 26075;financiamiento educativo ley 26075;199,7955
2012;la pampa;transferencia de servicios ley 24049;transferencia de servicios ley 24049;19,2
2012;la pampa;impuesto a las ganancias;obras de infraestructura basica social;42,3352
2012;la pampa;impuesto a las ganancias;excedente obras de caracter social a buenos aires;310,7024
2012;la pampa;impuesto a las ganancias;ley 24699;8,1756
2012;la pampa;impuesto sobre los bienes personales;ley 24699;72,4825
2012;la pampa;impuesto sobre los bienes personales;ley 23966 art 30;5,8374
2012;la pampa;impuesto sobre los activos fondo educacion ley 23906;impuesto sobre los activos fondo educacion ley 23906;0,0193
2012;la pampa;i.v.a.ley 23966 art 5 punto 2;i.v.a.ley 23966 art 5 punto 2;16,5791
2012;la pampa;impuesto a los combustibles liquidos ley 23966 y 24699;obras de infraestructura;14,4782
2012;la pampa;impuesto a los combustibles liquidos ley 23966 y 24699;vialidad provincial;39,7815
2012;la pampa;impuesto a los combustibles liquidos ley 23966 y 24699;f.e.d.e.i.;9,6425
2012;la pampa;impuesto a los combustibles liquidos ley 23966 y 24699;ley 24464 fo.na.vi;75,2283
2012;la pampa;regimen de energia electrica ley 24065;fondo para compensaciones de tarifa electrica;17,0038
2012;la pampa;regimen de energia electrica ley 24065;f.e.d.e.i.;7,5253
2012;la pampa;fondo compensador de desequilibrios;fondo compensador de desequilibrios;30
2012;la pampa;regimen simplificado para pequeños contribuyentes ley 24977 art 59 inciso a;regimen simplificado para pequeños contribuyentes ley 24977 art 59 inciso a;21,2851
2012;la rioja;coparticipacion federal de impuestos neta ley 26075;coparticipacion federal de impuestos neta ley 26075;2454,508
2012;la rioja;financiamiento educativo ley 26075;financiamiento educativo ley 26075;245,7662
2012;la rioja;transferencia de servicios ley 24049;transferencia de servicios ley 24049;20,3
2012;la rioja;impuesto a las ganancias;obras de infraestructura basica social;81,4795
2012;la rioja;impuesto a las ganancias;excedente obras de caracter social a buenos aires;342,5696
2012;la rioja;impuesto a las ganancias;ley 24699;9,0144
2012;la rioja;impuesto sobre los bienes personales;ley 24699;79,9166
2012;la rioja;impuesto sobre los activos fondo educacion ley 23906;impuesto sobre los activos fondo educacion ley 23906;0,0188
2012;la rioja;impuesto a los combustibles liquidos ley 23966 y 24699;obras de infraestructura;15,9632
2012;la rioja;impuesto a los combustibles liquidos ley 23966 y 24699;vialidad provincial;34,7501
2012;la rioja;impuesto a los combustibles liquidos ley 23966 y 24699;f.e.d.e.i.;12,7043
2012;la rioja;impuesto a los combustibles liquidos ley 23966 y 24699;ley 24464 fo.na.vi;75,2283
2012;la rioja;regimen de energia electrica ley 24065;fondo para compensaciones de tarifa electrica;13,1264
2012;la rioja;regimen de energia electrica ley 24065;f.e.d.e.i.;9,9147
2012;la rioja;fondo compensador de desequilibrios;fondo compensador de desequilibrios;26,4
2012;la rioja;regimen simplificado para pequeños contribuyentes ley 24977 art 59 inciso a;regimen simplificado para pequeños contribuyentes ley 24977 art 59 inciso a;23,4684
2012;mendoza;coparticipacion federal de impuestos neta ley 26075;coparticipacion federal de impuestos neta ley 26075;4653,1893
2012;mendoza;financiamiento educativo ley 26075;financiamiento educativo ley 26075;785,0373
2012;mendoza;transferencia de servicios ley 24049;transferencia de servicios ley 24049;61,7
2012;mendoza;impuesto a las ganancias;obras de infraestructura basica social;333,6378
2012;mendoza;impuesto a las ganancias;excedente obras de caracter social a buenos aires;689,9161
2012;mendoza;impuesto a las ganancias;ley 24699;18,1548
2012;mendoza;impuesto sobre los bienes personales;ley 24699;160,9484
2012;mendoza;impuesto sobre los activos fondo educacion ley 23906;impuesto sobre los activos fondo educacion ley 23906;0,0399
2012;mendoza;impuesto a los combustibles liquidos ley 23966 y 24699;obras de infraestructura;32,1493
2012;mendoza;impuesto a los combustibles liquidos ley 23966 y 24699;vialidad provincial;68,3416
2012;mendoza;impuesto a los combustibles liquidos ley 23966 y 24699;f.e.d.e.i.;12,3391
2012;mendoza;impuesto a los combustibles liquidos ley 23966 y 24699;ley 24464 fo.na.vi;150,4567
2012;mendoza;regimen de energia electrica ley 24065;fondo para compensaciones de tarifa electrica;9,7224
2012;mendoza;regimen de energia electrica ley 24065;f.e.d.e.i.;10,3294
2012;mendoza;fondo compensador de desequilibrios;fondo compensador de desequilibrios;26,4
2012;mendoza;regimen simplificado para pequeños contribuyentes ley 24977 art 59 inciso a;regimen simplificado para pequeños contribuyentes ley 24977 art 59 inciso a;47,2644
2012;misiones;coparticipacion federal de impuestos neta ley 26075;coparticipacion federal de impuestos neta ley 26075;3637,7686
2012;misiones;financiamiento educativo ley 26075;financiamiento educativo ley 26075;670,1107
2012;misiones;transferencia de servicios ley 24049;transferencia de servicios ley 24049;34,1
2012;misiones;impuesto a las ganancias;obras de infraestructura basica social;360,2374
2012;misiones;impuesto a las ganancias;excedente obras de caracter social a buenos aires;546,507
2012;misiones;impuesto a las ganancias;ley 24699;14,382
2012;misiones;impuesto sobre los bienes personales;ley 24699;127,4949
2012;misiones;impuesto sobre los bienes personales;ley 23966 art 30;9,4603
2012;misiones;impuesto sobre los activos fondo educacion ley 23906;impuesto sobre los activos fondo educacion ley 23906;0,0297
2012;misiones;i.v.a.ley 23966 art 5 punto 2;i.v.a.ley 23966 art 5 punto 2;26,8685
2012;misiones;impuesto a los combustibles liquidos ley 23966 y 24699;obras de infraestructura;25,4665
2012;misiones;impuesto a los combustibles liquidos ley 23966 y 24699;vialidad provincial;64,0788
2012;misiones;impuesto a los combustibles liquidos ley 23966 y 24699;f.e.d.e.i.;14,6137
2012;misiones;impuesto a los combustibles liquidos ley 23966 y 24699;ley 24464 fo.na.vi;176,7866
2012;misiones;regimen de energia electrica ley 24065;fondo para compensaciones de tarifa electrica;15,6708
2012;misiones;regimen de energia electrica ley 24065;f.e.d.e.i.;12,81
2012;misiones;fondo compensador de desequilibrios;fondo compensador de desequilibrios;26,4
2012;misiones;regimen simplificado para pequeños contribuyentes ley 24977 art 59 inciso a;regimen simplificado para pequeños contribuyentes ley 24977 art 59 inciso a;37,4397
2012;neuquen;coparticipacion federal de impuestos neta ley 26075;coparticipacion federal de impuestos neta ley 26075;1975,2146
2012;neuquen;financiamiento educativo ley 26075;financiamiento educativo ley 26075;288,2006
2012;neuquen;transferencia de servicios ley 24049;transferencia de servicios ley 24049;17,4
2012;neuquen;impuesto a las ganancias;obras de infraestructura basica social;110,0995
2012;neuquen;impuesto a las ganancias;excedente obras de caracter social a buenos aires;287,1455
2012;neuquen;impuesto a las ganancias;ley 24699;7,5564
2012;neuquen;impuesto sobre los bienes personales;ley 24699;66,9875
2012;neuquen;impuesto sobre los bienes personales;ley 23966 art 30;4,2546
2012;neuquen;impuesto sobre los activos fondo educacion ley 23906;impuesto sobre los activos fondo educacion ley 23906;0,0263
2012;neuquen;i.v.a.ley 23966 art 5 punto 2;i.v.a.ley 23966 art 5 punto 2;12,0835
2012;neuquen;impuesto a los combustibles liquidos ley 23966 y 24699;obras de infraestructura;13,3804
2012;neuquen;impuesto a los combustibles liquidos ley 23966 y 24699;vialidad provincial;47,6276
2012;neuquen;impuesto a los combustibles liquidos ley 23966 y 24699;f.e.d.e.i.;11,3267
2012;neuquen;impuesto a los combustibles liquidos ley 23966 y 24699;ley 24464 fo.na.vi;161,7409
2012;neuquen;regimen de energia electrica ley 24065;fondo para compensaciones de tarifa electrica;14,3805
2012;neuquen;regimen de energia electrica ley 24065;f.e.d.e.i.;8,8316
2012;neuquen;fondo compensador de desequilibrios;fondo compensador de desequilibrios;30
2012;neuquen;regimen simplificado para pequeños contribuyentes ley 24977 art 59 inciso a;regimen simplificado para pequeños contribuyentes ley 24977 art 59 inciso a;19,6712
2012;rio negro;coparticipacion federal de impuestos neta ley 26075;coparticipacion federal de impuestos neta ley 26075;2972,3083
2012;rio negro;financiamiento educativo ley 26075;financiamiento educativo ley 26075;318,2584
2012;rio negro;transferencia de servicios ley 24049;transferencia de servicios ley 24049;14,6
2012;rio negro;impuesto a las ganancias;obras de infraestructura basica social;134,9286
2012;rio negro;impuesto a las ganancias;excedente obras de caracter social a buenos aires;417,4544
2012;rio negro;impuesto a las ganancias;ley 24699;10,9848
2012;rio negro;impuesto sobre los bienes personales;ley 24699;97,3868
2012;rio negro;impuesto sobre los activos fondo educacion ley 23906;impuesto sobre los activos fondo educacion ley 23906;0,0305
2012;rio negro;impuesto a los combustibles liquidos ley 23966 y 24699;obras de infraestructura;19,4531
2012;rio negro;impuesto a los combustibles liquidos ley 23966 y 24699;vialidad provincial;40,1322
2012;rio negro;impuesto a los combustibles liquidos ley 23966 y 24699;f.e.d.e.i.;10,5246
2012;rio negro;impuesto a los combustibles liquidos ley 23966 y 24699;ley 24464 fo.na.vi;169,2637
2012;rio negro;regimen de energia electrica ley 24065;fondo para compensaciones de tarifa electrica;9,8101
2012;rio negro;regimen de energia electrica ley 24065;f.e.d.e.i.;8,151
2012;rio negro;fondo compensador de desequilibrios;fondo compensador de desequilibrios;30
2012;rio negro;regimen simplificado para pequeños contribuyentes ley 24977 art 59 inciso a;regimen simplificado para pequeños contribuyentes ley 24977 art 59 inciso a;28,599
2012;salta;coparticipacion federal de impuestos neta ley 26075;coparticipacion federal de impuestos neta ley 26075;4323,2321
2012;salta;financiamiento educativo ley 26075;financiamiento educativo ley 26075;675,415
2012;salta;transferencia de servicios ley 24049;transferencia de servicios ley 24049;39,8
2012;salta;impuesto a las ganancias;obras de infraestructura basica social;468,4907
2012;salta;impuesto a las ganancias;excedente obras de caracter social a buenos aires;634,1517
2012;salta;impuesto a las ganancias;ley 24699;16,6872
2012;salta;impuesto sobre los bienes personales;ley 24699;147,9387
2012;salta;impuesto sobre los activos fondo educacion ley 23906;impuesto sobre los activos fondo educacion ley 23906;0,0405
2012;salta;impuesto a los combustibles liquidos ley 23966 y 24699;obras de infraestructura;29,5508
2012;salta;impuesto a los combustibles liquidos ley 23966 y 24699;vialidad provincial;54,4143
2012;salta;impuesto a los combustibles liquidos ley 23966 y 24699;f.e.d.e.i.;10,7671
2012;salta;impuesto a los combustibles liquidos ley 23966 y 24699;ley 24464 fo.na.vi;150,4567
2012;salta;regimen de energia electrica ley 24065;fondo para compensaciones de tarifa electrica;13,441
2012;salta;regimen de energia electrica ley 24065;f.e.d.e.i.;8,4029
2012;salta;fondo compensador de desequilibrios;fondo compensador de desequilibrios;30
2012;salta;regimen simplificado para pequeños contribuyentes ley 24977 art 59 inciso a;regimen simplificado para pequeños contribuyentes ley 24977 art 59 inciso a;43,4443
2012;san juan;coparticipacion federal de impuestos neta ley 26075;coparticipacion federal de impuestos neta ley 26075;4042,3575
2012;san juan;financiamiento educativo ley 26075;financiamiento educativo ley 26075;365,9971
2012;san juan;transferencia de servicios ley 24049;transferencia de servicios ley 24049;30,1
2012;san juan;impuesto a las ganancias;obras de infraestructura basica social;148,612
2012;san juan;impuesto a las ganancias;excedente obras de caracter social a buenos aires;559,2539
2012;san juan;impuesto a las ganancias;ley 24699;14,7168
2012;san juan;impuesto sobre los bienes personales;ley 24699;130,4686
2012;san juan;impuesto sobre los activos fondo educacion ley 23906;impuesto sobre los activos fondo educacion ley 23906;0,0229
2012;san juan;impuesto a los combustibles liquidos ley 23966 y 24699;obras de infraestructura;26,061
2012;san juan;impuesto a los combustibles liquidos ley 23966 y 24699;vialidad provincial;43,7093
2012;san juan;impuesto a los combustibles liquidos ley 23966 y 24699;f.e.d.e.i.;9,9749
2012;san juan;impuesto a los combustibles liquidos ley 23966 y 24699;ley 24464 fo.na.vi;137,2917
2012;san juan;regimen de energia electrica ley 24065;fondo para compensaciones de tarifa electrica;14,3554
2012;san juan;regimen de energia electrica ley 24065;f.e.d.e.i.;7,7846
2012;san juan;fondo compensador de desequilibrios;fondo compensador de desequilibrios;26,4
2012;san juan;regimen simplificado para pequeños contribuyentes ley 24977 art 59 inciso a;regimen simplificado para pequeños contribuyentes ley 24977 art 59 inciso a;38,3137
2012;san luis;coparticipacion federal de impuestos neta ley 26075;coparticipacion federal de impuestos neta ley 26075;2743,1919
2012;san luis;financiamiento educativo ley 26075;financiamiento educativo ley 26075;233,3895
2012;san luis;transferencia de servicios ley 24049;transferencia de servicios ley 24049;18,9
2012;san luis;impuesto a las ganancias;obras de infraestructura basica social;78,9925
2012;san luis;impuesto a las ganancias;excedente obras de caracter social a buenos aires;377,6171
2012;san luis;impuesto a las ganancias;ley 24699;9,9372
2012;san luis;impuesto sobre los bienes personales;ley 24699;88,0942
2012;san luis;impuesto sobre los activos fondo educacion ley 23906;impuesto sobre los activos fondo educacion ley 23906;0,0189
2012;san luis;impuesto a los combustibles liquidos ley 23966 y 24699;obras de infraestructura;17,5963
2012;san luis;impuesto a los combustibles liquidos ley 23966 y 24699;vialidad provincial;72,7853
2012;san luis;impuesto a los combustibles liquidos ley 23966 y 24699;f.e.d.e.i.;9,7716
2012;san luis;impuesto a los combustibles liquidos ley 23966 y 24699;ley 24464 fo.na.vi;137,2917
2012;san luis;regimen de energia electrica ley 24065;fondo para compensaciones de tarifa electrica;11,0833
2012;san luis;regimen de energia electrica ley 24065;f.e.d.e.i.;7,626
2012;san luis;fondo compensador de desequilibrios;fondo compensador de desequilibrios;26,4
2012;san luis;regimen simplificado para pequeños contribuyentes ley 24977 art 59 inciso a;regimen simplificado para pequeños contribuyentes ley 24977 art 59 inciso a;25,8693
2012;santa cruz;coparticipacion federal de impuestos neta ley 26075;coparticipacion federal de impuestos neta ley 26075;1931,625
2012;santa cruz;financiamiento educativo ley 26075;financiamiento educativo ley 26075;130,8396
2012;santa cruz;transferencia de servicios ley 24049;transferencia de servicios ley 24049;8,5
2012;santa cruz;impuesto a las ganancias;obras de infraestructura basica social;27,6612
2012;santa cruz;impuesto a las ganancias;excedente obras de caracter social a buenos aires;261,6517
2012;santa cruz;impuesto a las ganancias;ley 24699;6,8856
2012;santa cruz;impuesto sobre los bienes personales;ley 24699;61,0402
2012;santa cruz;impuesto sobre los bienes personales;ley 23966 art 30;5,5165
2012;santa cruz;impuesto sobre los activos fondo educacion ley 23906;impuesto sobre los activos fondo educacion ley 23906;0,0189
2012;santa cruz;i.v.a.ley 23966 art 5 punto 2;i.v.a.ley 23966 art 5 punto 2;15,6676
2012;santa cruz;impuesto a los combustibles liquidos ley 23966 y 24699;obras de infraestructura;12,1929
2012;santa cruz;impuesto a los combustibles liquidos ley 23966 y 24699;vialidad provincial;40,9774
2012;santa cruz;impuesto a los combustibles liquidos ley 23966 y 24699;f.e.d.e.i.;13,7492
2012;santa cruz;impuesto a los combustibles liquidos ley 23966 y 24699;ley 24464 fo.na.vi;120,3653
2012;santa cruz;regimen de energia electrica ley 24065;fondo para compensaciones de tarifa electrica;10,774
2012;santa cruz;regimen de energia electrica ley 24065;transferencia a empresas de energia electrica;36,25
2012;santa cruz;regimen de energia electrica ley 24065;f.e.d.e.i.;10,7202
2012;santa cruz;fondo compensador de desequilibrios;fondo compensador de desequilibrios;36
2012;santa cruz;regimen simplificado para pequeños contribuyentes ley 24977 art 59 inciso a;regimen simplificado para pequeños contribuyentes ley 24977 art 59 inciso a;17,9255
2012;santa fe;coparticipacion federal de impuestos neta ley 26075;coparticipacion federal de impuestos neta ley 26075;10472,2768
2012;santa fe;financiamiento educativo ley 26075;financiamiento educativo ley 26075;1182,8603
2012;santa fe;transferencia de servicios ley 24049;transferencia de servicios ley 24049;135,489
2012;santa fe;impuesto a las ganancias;obras de infraestructura basica social;609,4763
2012;santa fe;impuesto a las ganancias;excedente obras de caracter social a buenos aires;1478,6011
2012;santa fe;impuesto a las ganancias;ley 24699;38,91
2012;santa fe;impuesto sobre los bienes personales;ley 24699;344,9425
2012;santa fe;impuesto sobre los bienes personales;ley 23966 art 30;74,4003
2012;santa fe;impuesto sobre los activos fondo educacion ley 23906;impuesto sobre los activos fondo educacion ley 23906;0,0768
2012;santa fe;i.v.a.ley 23966 art 5 punto 2;i.v.a.ley 23966 art 5 punto 2;211,3067
2012;santa fe;impuesto a los combustibles liquidos ley 23966 y 24699;obras de infraestructura;98,9018
2012;santa fe;impuesto a los combustibles liquidos ley 23966 y 24699;vialidad provincial;109,6613
2012;santa fe;impuesto a los combustibles liquidos ley 23966 y 24699;f.e.d.e.i.;8,6632
2012;santa fe;impuesto a los combustibles liquidos ley 23966 y 24699;ley 24464 fo.na.vi;212,52
2012;santa fe;regimen de energia electrica ley 24065;fondo para compensaciones de tarifa electrica;8,02
2012;santa fe;regimen de energia electrica ley 24065;f.e.d.e.i.;6,751
2012;santa fe;fondo compensador de desequilibrios;fondo compensador de desequilibrios;6
2012;santa fe;regimen simplificado para pequeños contribuyentes ley 24977 art 59 inciso a;regimen simplificado para pequeños contribuyentes ley 24977 art 59 inciso a;101,2963
2012;sgo. del estero;coparticipacion federal de impuestos neta ley 26075;coparticipacion federal de impuestos neta ley 26075;4783,2981
2012;sgo. del estero;financiamiento educativo ley 26075;financiamiento educativo ley 26075;604,6909
2012;sgo. del estero;transferencia de servicios ley 24049;transferencia de servicios ley 24049;31,6
2012;sgo. del estero;impuesto a las ganancias;obras de infraestructura basica social;347,0552
2012;sgo. del estero;impuesto a las ganancias;excedente obras de caracter social a buenos aires;683,5427
2012;sgo. del estero;impuesto a las ganancias;ley 24699;17,9879
2012;sgo. del estero;impuesto sobre los bienes personales;ley 24699;159,4616
2012;sgo. del estero;impuesto sobre los activos fondo educacion ley 23906;impuesto sobre los activos fondo educacion ley 23906;0,0381
2012;sgo. del estero;impuesto a los combustibles liquidos ley 23966 y 24699;obras de infraestructura;31,8525
2012;sgo. del estero;impuesto a los combustibles liquidos ley 23966 y 24699;vialidad provincial;59,0661
2012;sgo. del estero;impuesto a los combustibles liquidos ley 23966 y 24699;f.e.d.e.i.;11,5508
2012;sgo. del estero;impuesto a los combustibles liquidos ley 23966 y 24699;ley 24464 fo.na.vi;161,7409
2012;sgo. del estero;regimen de energia electrica ley 24065;fondo para compensaciones de tarifa electrica;13,8966
2012;sgo. del estero;regimen de energia electrica ley 24065;f.e.d.e.i.;8,7804
2012;sgo. del estero;fondo compensador de desequilibrios;fondo compensador de desequilibrios;26,4
2012;sgo. del estero;regimen simplificado para pequeños contribuyentes ley 24977 art 59 inciso a;regimen simplificado para pequeños contribuyentes ley 24977 art 59 inciso a;46,828
2012;tucuman;coparticipacion federal de impuestos neta ley 26075;coparticipacion federal de impuestos neta ley 26075;5451,1395
2012;tucuman;financiamiento educativo ley 26075;financiamiento educativo ley 26075;753,2115
2012;tucuman;transferencia de servicios ley 24049;transferencia de servicios ley 24049;55,8
2012;tucuman;impuesto a las ganancias;obras de infraestructura basica social;440,4284
2012;tucuman;impuesto a las ganancias;excedente obras de caracter social a buenos aires;787,1014
2012;tucuman;impuesto a las ganancias;ley 24699;20,7132
2012;tucuman;impuesto sobre los bienes personales;ley 24699;183,6224
2012;tucuman;impuesto sobre los activos fondo educacion ley 23906;impuesto sobre los activos fondo educacion ley 23906;0,0346
2012;tucuman;impuesto a los combustibles liquidos ley 23966 y 24699;obras de infraestructura;36,6785
2012;tucuman;impuesto a los combustibles liquidos ley 23966 y 24699;vialidad provincial;52,5294
2012;tucuman;impuesto a los combustibles liquidos ley 23966 y 24699;f.e.d.e.i.;8,8966
2012;tucuman;impuesto a los combustibles liquidos ley 23966 y 24699;ley 24464 fo.na.vi;157,9795
2012;tucuman;regimen de energia electrica ley 24065;fondo para compensaciones de tarifa electrica;13,6728
2012;tucuman;regimen de energia electrica ley 24065;f.e.d.e.i.;6,9431
2012;tucuman;fondo compensador de desequilibrios;fondo compensador de desequilibrios;26,4
2012;tucuman;regimen simplificado para pequeños contribuyentes ley 24977 art 59 inciso a;regimen simplificado para pequeños contribuyentes ley 24977 art 59 inciso a;53,923
2012;tierra del fuego;coparticipacion federal de impuestos neta ley 26075;coparticipacion federal de impuestos neta ley 26075;1537,8708
2012;tierra del fuego;financiamiento educativo ley 26075;financiamiento educativo ley 26075;74,2603
2012;tierra del fuego;transferencia de servicios ley 24049;transferencia de servicios ley 24049;12
2012;tierra del fuego;impuesto a las ganancias;obras de infraestructura basica social;19,4227
2012;tierra del fuego;impuesto a las ganancias;excedente obras de caracter social a buenos aires;204,0551
2012;tierra del fuego;impuesto a las ganancias;ley 24699;5,37
2012;tierra del fuego;impuesto sobre los bienes personales;ley 24699;47,6022
2012;tierra del fuego;impuesto sobre los bienes personales;ley 23966 art 30;0,4893
2012;tierra del fuego;impuesto sobre los activos fondo educacion ley 23906;impuesto sobre los activos fondo educacion ley 23906;0,009
2012;tierra del fuego;i.v.a.ley 23966 art 5 punto 2;i.v.a.ley 23966 art 5 punto 2;1,3898
2012;tierra del fuego;impuesto a los combustibles liquidos ley 23966 y 24699;obras de infraestructura;9,5088
2012;tierra del fuego;impuesto a los combustibles liquidos ley 23966 y 24699;vialidad provincial;25,1389
2012;tierra del fuego;impuesto a los combustibles liquidos ley 23966 y 24699;f.e.d.e.i.;10,1111
2012;tierra del fuego;impuesto a los combustibles liquidos ley 23966 y 24699;ley 24464 fo.na.vi;99,6775
2012;tierra del fuego;regimen de energia electrica ley 24065;fondo para compensaciones de tarifa electrica;7,9277
2012;tierra del fuego;regimen de energia electrica ley 24065;f.e.d.e.i.;7,8859
2012;tierra del fuego;fondo compensador de desequilibrios;fondo compensador de desequilibrios;36
2012;tierra del fuego;regimen simplificado para pequeños contribuyentes ley 24977 art 59 inciso a;regimen simplificado para pequeños contribuyentes ley 24977 art 59 inciso a;13,9793
2012;c.a.b.a;coparticipacion federal de impuestos neta ley 26075;coparticipacion federal de impuestos neta ley 26075;2300,5594
2012;c.a.b.a;financiamiento educativo ley 26075;financiamiento educativo ley 26075;947,7027
2012;c.a.b.a;impuesto sobre los activos fondo educacion ley 23906;impuesto sobre los activos fondo educacion ley 23906;0,0329
2012;c.a.b.a;impuesto a los combustibles liquidos ley 23966 y 24699;ley 24464 fo.na.vi;48,8984
2012;tesoro nacional;coparticipacion federal de impuestos neta ley 26075;coparticipacion federal de impuestos neta ley 26075;93364,3329
2012;tesoro nacional;impuesto sobre los bienes personales;ley 24699;2831,6517
2012;tesoro nacional;impuesto sobre los activos fondo educacion ley 23906;impuesto sobre los activos fondo educacion ley 23906;0,4979
2012;tesoro nacional;impuesto a los combustibles liquidos ley 23966 y 24699;vialidad provincial;2597,1686
2012;seguridad social;coparticipacion federal de impuestos neta ley 26075;coparticipacion federal de impuestos neta ley 26075;41041,4682
2012;seguridad social;impuesto a las ganancias;obras de infraestructura basica social;27474,3314
2012;seguridad social;impuesto a las ganancias;ley 24699;120
2012;seguridad social;i.v.a.ley 23966 art 5 punto 2;i.v.a.ley 23966 art 5 punto 2;19313,7932
2012;seguridad social;regimen simplificado para pequeños contribuyentes ley 24977 art 59 inciso a;regimen simplificado para pequeños contribuyentes ley 24977 art 59 inciso a;2672,7652
2012;fondo a.t.n.;coparticipacion federal de impuestos neta ley 26075;coparticipacion federal de impuestos neta ley 26075;2320,1872
2012;fondo a.t.n.;impuesto a las ganancias;obras de infraestructura basica social;2747,4331
2012;fondo a.t.n.;impuesto a las ganancias;ley 24699;20
2012;fondo a.t.n.;impuesto sobre los bienes personales;ley 24699;68,0032
2013;buenos aires;coparticipacion federal de impuestos neta ley 26075;coparticipacion federal de impuestos neta ley 26075;30301,6645
2013;buenos aires;financiamiento educativo ley 26075;financiamiento educativo ley 26075;6986,2136
2013;buenos aires;transferencia de servicios ley 24049;transferencia de servicios ley 24049;420,1
2013;buenos aires;impuesto a las ganancias;obras de infraestructura basica social;650
2013;buenos aires;impuesto a las ganancias;ley 24699;95,6087
2013;buenos aires;impuesto sobre los bienes personales;ley 24699;1201,6498
2013;buenos aires;impuesto sobre los bienes personales;ley 23966 art 30;286,0777
2013;buenos aires;impuesto sobre los activos fondo educacion ley 23906;impuesto sobre los activos fondo educacion ley 23906;0,1769
2013;buenos aires;i.v.a.ley 23966 art 5 punto 2;i.v.a.ley 23966 art 5 punto 2;739,0548
2013;buenos aires;impuesto a los combustibles liquidos ley 23966 y 24699;obras de infraestructura;193,0062
2013;buenos aires;impuesto a los combustibles liquidos ley 23966 y 24699;vialidad provincial;439,828
2013;buenos aires;impuesto a los combustibles liquidos ley 23966 y 24699;f.e.d.e.i.;10,874
2013;buenos aires;impuesto a los combustibles liquidos ley 23966 y 24699;ley 24464 fo.na.vi;718,4148
2013;buenos aires;regimen de energia electrica ley 24065;fondo para compensaciones de tarifa electrica;11,1643
2013;buenos aires;regimen de energia electrica ley 24065;f.e.d.e.i.;5,9691
2013;buenos aires;regimen simplificado para pequeños contribuyentes ley 24977 art 59 inciso a;regimen simplificado para pequeños contribuyentes ley 24977 art 59 inciso a;288,5948
2013;catamarca;coparticipacion federal de impuestos neta ley 26075;coparticipacion federal de impuestos neta ley 26075;4334,8773
2013;catamarca;financiamiento educativo ley 26075;financiamiento educativo ley 26075;341,9522
2013;catamarca;transferencia de servicios ley 24049;transferencia de servicios ley 24049;21,4
2013;catamarca;impuesto a las ganancias;obras de infraestructura basica social;130,6632
2013;catamarca;impuesto a las ganancias;excedente obras de caracter social a buenos aires;612,0722
2013;catamarca;impuesto a las ganancias;ley 24699;11,9916
2013;catamarca;impuesto sobre los bienes personales;ley 24699;150,7168
2013;catamarca;impuesto sobre los activos fondo educacion ley 23906;impuesto sobre los activos fondo educacion ley 23906;0,0132
2013;catamarca;impuesto a los combustibles liquidos ley 23966 y 24699;obras de infraestructura;27,971
2013;catamarca;impuesto a los combustibles liquidos ley 23966 y 24699;vialidad provincial;49,9858
2013;catamarca;impuesto a los combustibles liquidos ley 23966 y 24699;f.e.d.e.i.;16,3887
2013;catamarca;impuesto a los combustibles liquidos ley 23966 y 24699;ley 24464 fo.na.vi;104,0463
2013;catamarca;regimen de energia electrica ley 24065;fondo para compensaciones de tarifa electrica;13,2255
2013;catamarca;regimen de energia electrica ley 24065;f.e.d.e.i.;8,9963
2013;catamarca;fondo compensador de desequilibrios;fondo compensador de desequilibrios;26,4
2013;catamarca;regimen simplificado para pequeños contribuyentes ley 24977 art 59 inciso a;regimen simplificado para pequeños contribuyentes ley 24977 art 59 inciso a;36,1975
2013;cordoba;coparticipacion federal de impuestos neta ley 26075;coparticipacion federal de impuestos neta ley 26075;13466,8463
2013;cordoba;financiamiento educativo ley 26075;financiamiento educativo ley 26075;1610,2054
2013;cordoba;transferencia de servicios ley 24049;transferencia de servicios ley 24049;125,3
2013;cordoba;impuesto a las ganancias;obras de infraestructura basica social;723,0747
2013;cordoba;impuesto a las ganancias;excedente obras de caracter social a buenos aires;1973,1506
2013;cordoba;impuesto a las ganancias;ley 24699;38,658
2013;cordoba;impuesto sobre los bienes personales;ley 24699;485,8774
2013;cordoba;impuesto sobre los bienes personales;ley 23966 art 30;97,6968
2013;cordoba;impuesto sobre los activos fondo educacion ley 23906;impuesto sobre los activos fondo educacion ley 23906;0,049
2013;cordoba;i.v.a.ley 23966 art 5 punto 2;i.v.a.ley 23966 art 5 punto 2;252,3904
2013;cordoba;impuesto a los combustibles liquidos ley 23966 y 24699;obras de infraestructura;90,1713
2013;cordoba;impuesto a los combustibles liquidos ley 23966 y 24699;vialidad provincial;158,0295
2013;cordoba;impuesto a los combustibles liquidos ley 23966 y 24699;f.e.d.e.i.;10,874
2013;cordoba;impuesto a los combustibles liquidos ley 23966 y 24699;ley 24464 fo.na.vi;279,934
2013;cordoba;regimen de energia electrica ley 24065;fondo para compensaciones de tarifa electrica;8,2074
2013;cordoba;regimen de energia electrica ley 24065;f.e.d.e.i.;5,9691
2013;cordoba;fondo compensador de desequilibrios;fondo compensador de desequilibrios;6
2013;cordoba;regimen simplificado para pequeños contribuyentes ley 24977 art 59 inciso a;regimen simplificado para pequeños contribuyentes ley 24977 art 59 inciso a;116,6917
2013;corrientes;coparticipacion federal de impuestos neta ley 26075;coparticipacion federal de impuestos neta ley 26075;5593,552
2013;corrientes;financiamiento educativo ley 26075;financiamiento educativo ley 26075;718,5325
2013;corrientes;transferencia de servicios ley 24049;transferencia de servicios ley 24049;38,6
2013;corrientes;impuesto a las ganancias;obras de infraestructura basica social;485,3646
2013;corrientes;impuesto a las ganancias;excedente obras de caracter social a buenos aires;826,0865
2013;corrientes;impuesto a las ganancias;ley 24699;16,1844
2013;corrientes;impuesto sobre los bienes personales;ley 24699;203,415
2013;corrientes;impuesto sobre los bienes personales;ley 23966 art 30;31,2389
2013;corrientes;impuesto sobre los activos fondo educacion ley 23906;impuesto sobre los activos fondo educacion ley 23906;0,022
2013;corrientes;i.v.a.ley 23966 art 5 punto 2;i.v.a.ley 23966 art 5 punto 2;80,7028
2013;corrientes;impuesto a los combustibles liquidos ley 23966 y 24699;obras de infraestructura;37,7506
2013;corrientes;impuesto a los combustibles liquidos ley 23966 y 24699;vialidad provincial;60,4347
2013;corrientes;impuesto a los combustibles liquidos ley 23966 y 24699;f.e.d.e.i.;13,7664
2013;corrientes;impuesto a los combustibles liquidos ley 23966 y 24699;ley 24464 fo.na.vi;245,252
2013;corrientes;regimen de energia electrica ley 24065;fondo para compensaciones de tarifa electrica;10,489
2013;corrientes;regimen de energia electrica ley 24065;f.e.d.e.i.;7,5568
2013;corrientes;fondo compensador de desequilibrios;fondo compensador de desequilibrios;18
2013;corrientes;regimen simplificado para pequeños contribuyentes ley 24977 art 59 inciso a;regimen simplificado para pequeños contribuyentes ley 24977 art 59 inciso a;48,8535
2013;chaco;coparticipacion federal de impuestos neta ley 26075;coparticipacion federal de impuestos neta ley 26075;7678,5041
2013;chaco;financiamiento educativo ley 26075;financiamiento educativo ley 26075;792,1172
2013;chaco;transferencia de servicios ley 24049;transferencia de servicios ley 24049;33,6
2013;chaco;impuesto a las ganancias;obras de infraestructura basica social;593,8639
2013;chaco;impuesto a las ganancias;excedente obras de caracter social a buenos aires;1108,5679
2013;chaco;impuesto a las ganancias;ley 24699;21,7188
2013;chaco;impuesto sobre los bienes personales;ley 24699;272,9767
2013;chaco;impuesto sobre los bienes personales;ley 23966 art 30;24,5591
2013;chaco;impuesto sobre los activos fondo educacion ley 23906;impuesto sobre los activos fondo educacion ley 23906;0,0287
2013;chaco;i.v.a.ley 23966 art 5 punto 2;i.v.a.ley 23966 art 5 punto 2;63,4461
2013;chaco;impuesto a los combustibles liquidos ley 23966 y 24699;obras de infraestructura;50,6606
2013;chaco;impuesto a los combustibles liquidos ley 23966 y 24699;vialidad provincial;70,7217
2013;chaco;impuesto a los combustibles liquidos ley 23966 y 24699;f.e.d.e.i.;14,6211
2013;chaco;impuesto a los combustibles liquidos ley 23966 y 24699;ley 24464 fo.na.vi;227,9109
2013;chaco;regimen de energia electrica ley 24065;fondo para compensaciones de tarifa electrica;11,4974
2013;chaco;regimen de energia electrica ley 24065;f.e.d.e.i.;8,026
2013;chaco;fondo compensador de desequilibrios;fondo compensador de desequilibrios;6
2013;chaco;regimen simplificado para pequeños contribuyentes ley 24977 art 59 inciso a;regimen simplificado para pequeños contribuyentes ley 24977 art 59 inciso a;65,5604
2013;chubut;coparticipacion federal de impuestos neta ley 26075;coparticipacion federal de impuestos neta ley 26075;2354,2295
2013;chubut;financiamiento educativo ley 26075;financiamiento educativo ley 26075;331,1309
2013;chubut;transferencia de servicios ley 24049;transferencia de servicios ley 24049;24,2
2013;chubut;impuesto a las ganancias;obras de infraestructura basica social;115,469
2013;chubut;impuesto a las ganancias;excedente obras de caracter social a buenos aires;351,4405
2013;chubut;impuesto a las ganancias;ley 24699;6,8856
2013;chubut;impuesto sobre los bienes personales;ley 24699;86,5392
2013;chubut;impuesto sobre los bienes personales;ley 23966 art 30;9,6071
2013;chubut;impuesto sobre los activos fondo educacion ley 23906;impuesto sobre los activos fondo educacion ley 23906;0,0132
2013;chubut;i.v.a.ley 23966 art 5 punto 2;i.v.a.ley 23966 art 5 punto 2;24,8189
2013;chubut;impuesto a los combustibles liquidos ley 23966 y 24699;obras de infraestructura;16,0607
2013;chubut;impuesto a los combustibles liquidos ley 23966 y 24699;vialidad provincial;75,0037
2013;chubut;impuesto a los combustibles liquidos ley 23966 y 24699;f.e.d.e.i.;15,33
2013;chubut;impuesto a los combustibles liquidos ley 23966 y 24699;ley 24464 fo.na.vi;158,5467
2013;chubut;regimen de energia electrica ley 24065;fondo para compensaciones de tarifa electrica;14,5112
2013;chubut;regimen de energia electrica ley 24065;f.e.d.e.i.;8,4151
2013;chubut;fondo compensador de desequilibrios;fondo compensador de desequilibrios;36
2013;chubut;regimen simplificado para pequeños contribuyentes ley 24977 art 59 inciso a;regimen simplificado para pequeños contribuyentes ley 24977 art 59 inciso a;20,7843
2013;entre rios;coparticipacion federal de impuestos neta ley 26075;coparticipacion federal de impuestos neta ley 26075;7580,8677
2013;entre rios;financiamiento educativo ley 26075;financiamiento educativo ley 26075;709,8755
2013;entre rios;transferencia de servicios ley 24049;transferencia de servicios ley 24049;67,5
2013;entre rios;impuesto a las ganancias;obras de infraestructura basica social;372,0495
2013;entre rios;impuesto a las ganancias;excedente obras de caracter social a buenos aires;1085,0307
2013;entre rios;impuesto a las ganancias;ley 24699;21,258
2013;entre rios;impuesto sobre los bienes personales;ley 24699;267,1799
2013;entre rios;impuesto sobre los bienes personales;ley 23966 art 30;42,3982
2013;entre rios;impuesto sobre los activos fondo educacion ley 23906;impuesto sobre los activos fondo educacion ley 23906;0,0227
2013;entre rios;i.v.a.ley 23966 art 5 punto 2;i.v.a.ley 23966 art 5 punto 2;109,5319
2013;entre rios;impuesto a los combustibles liquidos ley 23966 y 24699;obras de infraestructura;49,584
2013;entre rios;impuesto a los combustibles liquidos ley 23966 y 24699;vialidad provincial;113,6419
2013;entre rios;impuesto a los combustibles liquidos ley 23966 y 24699;f.e.d.e.i.;12,5829
2013;entre rios;impuesto a los combustibles liquidos ley 23966 y 24699;ley 24464 fo.na.vi;193,2288
2013;entre rios;regimen de energia electrica ley 24065;fondo para compensaciones de tarifa electrica;11,9728
2013;entre rios;regimen de energia electrica ley 24065;f.e.d.e.i.;6,9072
2013;entre rios;fondo compensador de desequilibrios;fondo compensador de desequilibrios;21,6
2013;entre rios;regimen simplificado para pequeños contribuyentes ley 24977 art 59 inciso a;regimen simplificado para pequeños contribuyentes ley 24977 art 59 inciso a;64,1672
2013;formosa;coparticipacion federal de impuestos neta ley 26075;coparticipacion federal de impuestos neta ley 26075;5696,4711
2013;formosa;financiamiento educativo ley 26075;financiamiento educativo ley 26075;484,793
2013;formosa;transferencia de servicios ley 24049;transferencia de servicios ley 24049;20,7
2013;formosa;impuesto a las ganancias;obras de infraestructura basica social;299,1084
2013;formosa;impuesto a las ganancias;excedente obras de caracter social a buenos aires;808,9654
2013;formosa;impuesto a las ganancias;ley 24699;15,8495
2013;formosa;impuesto sobre los bienes personales;ley 24699;199,1992
2013;formosa;impuesto sobre los bienes personales;ley 23966 art 30;11,4401
2013;formosa;impuesto sobre los activos fondo educacion ley 23906;impuesto sobre los activos fondo educacion ley 23906;0,0155
2013;formosa;i.v.a.ley 23966 art 5 punto 2;i.v.a.ley 23966 art 5 punto 2;29,5544
2013;formosa;impuesto a los combustibles liquidos ley 23966 y 24699;obras de infraestructura;36,9686
2013;formosa;impuesto a los combustibles liquidos ley 23966 y 24699;vialidad provincial;55,0612
2013;formosa;impuesto a los combustibles liquidos ley 23966 y 24699;f.e.d.e.i.;16,8955
2013;formosa;impuesto a los combustibles liquidos ley 23966 y 24699;ley 24464 fo.na.vi;198,1834
2013;formosa;regimen de energia electrica ley 24065;fondo para compensaciones de tarifa electrica;12,257
2013;formosa;regimen de energia electrica ley 24065;f.e.d.e.i.;9,2745
2013;formosa;fondo compensador de desequilibrios;fondo compensador de desequilibrios;26,4
2013;formosa;regimen simplificado para pequeños contribuyentes ley 24977 art 59 inciso a;regimen simplificado para pequeños contribuyentes ley 24977 art 59 inciso a;47,8415
2013;jujuy;coparticipacion federal de impuestos neta ley 26075;coparticipacion federal de impuestos neta ley 26075;4354,3592
2013;jujuy;financiamiento educativo ley 26075;financiamiento educativo ley 26075;469,6432
2013;jujuy;transferencia de servicios ley 24049;transferencia de servicios ley 24049;33,3
2013;jujuy;impuesto a las ganancias;obras de infraestructura basica social;321,7295
2013;jujuy;impuesto a las ganancias;excedente obras de caracter social a buenos aires;631,3379
2013;jujuy;impuesto a las ganancias;ley 24699;12,3695
2013;jujuy;impuesto sobre los bienes personales;ley 24699;155,4597
2013;jujuy;impuesto sobre los activos fondo educacion ley 23906;impuesto sobre los activos fondo educacion ley 23906;0,0141
2013;jujuy;impuesto a los combustibles liquidos ley 23966 y 24699;obras de infraestructura;28,8505
2013;jujuy;impuesto a los combustibles liquidos ley 23966 y 24699;vialidad provincial;46,1033
2013;jujuy;impuesto a los combustibles liquidos ley 23966 y 24699;f.e.d.e.i.;13,634
2013;jujuy;impuesto a los combustibles liquidos ley 23966 y 24699;ley 24464 fo.na.vi;148,6375
2013;jujuy;regimen de energia electrica ley 24065;fondo para compensaciones de tarifa electrica;12,61
2013;jujuy;regimen de energia electrica ley 24065;f.e.d.e.i.;7,4842
2013;jujuy;fondo compensador de desequilibrios;fondo compensador de desequilibrios;26,4
2013;jujuy;regimen simplificado para pequeños contribuyentes ley 24977 art 59 inciso a;regimen simplificado para pequeños contribuyentes ley 24977 art 59 inciso a;37,3358
2013;la pampa;coparticipacion federal de impuestos neta ley 26075;coparticipacion federal de impuestos neta ley 26075;2942,0224
2013;la pampa;financiamiento educativo ley 26075;financiamiento educativo ley 26075;246,725
2013;la pampa;transferencia de servicios ley 24049;transferencia de servicios ley 24049;19,2
2013;la pampa;impuesto a las ganancias;obras de infraestructura basica social;56,1756
2013;la pampa;impuesto a las ganancias;excedente obras de caracter social a buenos aires;417,3236
2013;la pampa;impuesto a las ganancias;ley 24699;8,1756
2013;la pampa;impuesto sobre los bienes personales;ley 24699;102,7615
2013;la pampa;impuesto sobre los bienes personales;ley 23966 art 30;8,276
2013;la pampa;impuesto sobre los activos fondo educacion ley 23906;impuesto sobre los activos fondo educacion ley 23906;0,0117
2013;la pampa;i.v.a.ley 23966 art 5 punto 2;i.v.a.ley 23966 art 5 punto 2;21,3802
2013;la pampa;impuesto a los combustibles liquidos ley 23966 y 24699;obras de infraestructura;19,0708
2013;la pampa;impuesto a los combustibles liquidos ley 23966 y 24699;vialidad provincial;48,8188
2013;la pampa;impuesto a los combustibles liquidos ley 23966 y 24699;f.e.d.e.i.;12,1032
2013;la pampa;impuesto a los combustibles liquidos ley 23966 y 24699;ley 24464 fo.na.vi;99,0917
2013;la pampa;regimen de energia electrica ley 24065;fondo para compensaciones de tarifa electrica;14,816
2013;la pampa;regimen de energia electrica ley 24065;f.e.d.e.i.;6,6439
2013;la pampa;fondo compensador de desequilibrios;fondo compensador de desequilibrios;30
2013;la pampa;regimen simplificado para pequeños contribuyentes ley 24977 art 59 inciso a;regimen simplificado para pequeños contribuyentes ley 24977 art 59 inciso a;24,6798
2013;la rioja;coparticipacion federal de impuestos neta ley 26075;coparticipacion federal de impuestos neta ley 26075;3210,6385
2013;la rioja;financiamiento educativo ley 26075;financiamiento educativo ley 26075;305,1599
2013;la rioja;transferencia de servicios ley 24049;transferencia de servicios ley 24049;20,3
2013;la rioja;impuesto a las ganancias;obras de infraestructura basica social;108,1172
2013;la rioja;impuesto a las ganancias;excedente obras de caracter social a buenos aires;460,1264
2013;la rioja;impuesto a las ganancias;ley 24699;9,0144
2013;la rioja;impuesto sobre los bienes personales;ley 24699;113,3011
2013;la rioja;impuesto sobre los activos fondo educacion ley 23906;impuesto sobre los activos fondo educacion ley 23906;0,0114
2013;la rioja;impuesto a los combustibles liquidos ley 23966 y 24699;obras de infraestructura;21,027
2013;la rioja;impuesto a los combustibles liquidos ley 23966 y 24699;vialidad provincial;49,7213
2013;la rioja;impuesto a los combustibles liquidos ley 23966 y 24699;f.e.d.e.i.;15,9463
2013;la rioja;impuesto a los combustibles liquidos ley 23966 y 24699;ley 24464 fo.na.vi;99,0917
2013;la rioja;regimen de energia electrica ley 24065;fondo para compensaciones de tarifa electrica;12,2171
2013;la rioja;regimen de energia electrica ley 24065;f.e.d.e.i.;8,7534
2013;la rioja;fondo compensador de desequilibrios;fondo compensador de desequilibrios;26,4
2013;la rioja;regimen simplificado para pequeños contribuyentes ley 24977 art 59 inciso a;regimen simplificado para pequeños contribuyentes ley 24977 art 59 inciso a;27,2112
2013;mendoza;coparticipacion federal de impuestos neta ley 26075;coparticipacion federal de impuestos neta ley 26075;6117,5612
2013;mendoza;financiamiento educativo ley 26075;financiamiento educativo ley 26075;963,0933
2013;mendoza;transferencia de servicios ley 24049;transferencia de servicios ley 24049;61,7
2013;mendoza;impuesto a las ganancias;obras de infraestructura basica social;442,7122
2013;mendoza;impuesto a las ganancias;excedente obras de caracter social a buenos aires;926,6689
2013;mendoza;impuesto a las ganancias;ley 24699;18,1548
2013;mendoza;impuesto sobre los bienes personales;ley 24699;228,1832
2013;mendoza;impuesto sobre los activos fondo educacion ley 23906;impuesto sobre los activos fondo educacion ley 23906;0,0241
2013;mendoza;impuesto a los combustibles liquidos ley 23966 y 24699;obras de infraestructura;42,3475
2013;mendoza;impuesto a los combustibles liquidos ley 23966 y 24699;vialidad provincial;92,0865
2013;mendoza;impuesto a los combustibles liquidos ley 23966 y 24699;f.e.d.e.i.;12,3774
2013;mendoza;impuesto a los combustibles liquidos ley 23966 y 24699;ley 24464 fo.na.vi;198,1834
2013;mendoza;regimen de energia electrica ley 24065;fondo para compensaciones de tarifa electrica;8,565
2013;mendoza;regimen de energia electrica ley 24065;f.e.d.e.i.;6,7944
2013;mendoza;fondo compensador de desequilibrios;fondo compensador de desequilibrios;26,4
2013;mendoza;regimen simplificado para pequeños contribuyentes ley 24977 art 59 inciso a;regimen simplificado para pequeños contribuyentes ley 24977 art 59 inciso a;54,8023
2013;misiones;coparticipacion federal de impuestos neta ley 26075;coparticipacion federal de impuestos neta ley 26075;4788,6724
2013;misiones;financiamiento educativo ley 26075;financiamiento educativo ley 26075;820,2525
2013;misiones;transferencia de servicios ley 24049;transferencia de servicios ley 24049;34,1
2013;misiones;impuesto a las ganancias;obras de infraestructura basica social;478,0078
2013;misiones;impuesto a las ganancias;excedente obras de caracter social a buenos aires;734,0472
2013;misiones;impuesto a las ganancias;ley 24699;14,382
2013;misiones;impuesto sobre los bienes personales;ley 24699;180,7548
2013;misiones;impuesto sobre los bienes personales;ley 23966 art 30;13,4123
2013;misiones;impuesto sobre los activos fondo educacion ley 23906;impuesto sobre los activos fondo educacion ley 23906;0,018
2013;misiones;i.v.a.ley 23966 art 5 punto 2;i.v.a.ley 23966 art 5 punto 2;34,6493
2013;misiones;impuesto a los combustibles liquidos ley 23966 y 24699;obras de infraestructura;33,5448
2013;misiones;impuesto a los combustibles liquidos ley 23966 y 24699;vialidad provincial;80,4993
2013;misiones;impuesto a los combustibles liquidos ley 23966 y 24699;f.e.d.e.i.;20,6059
2013;misiones;impuesto a los combustibles liquidos ley 23966 y 24699;ley 24464 fo.na.vi;232,8655
2013;misiones;regimen de energia electrica ley 24065;fondo para compensaciones de tarifa electrica;17,2989
2013;misiones;regimen de energia electrica ley 24065;f.e.d.e.i.;13,0151
2013;misiones;fondo compensador de desequilibrios;fondo compensador de desequilibrios;26,4
2013;misiones;regimen simplificado para pequeños contribuyentes ley 24977 art 59 inciso a;regimen simplificado para pequeños contribuyentes ley 24977 art 59 inciso a;43,4108
2013;neuquen;coparticipacion federal de impuestos neta ley 26075;coparticipacion federal de impuestos neta ley 26075;2589,8993
2013;neuquen;financiamiento educativo ley 26075;financiamiento educativo ley 26075;357,102
2013;neuquen;transferencia de servicios ley 24049;transferencia de servicios ley 24049;17,4
2013;neuquen;impuesto a las ganancias;obras de infraestructura basica social;146,0938
2013;neuquen;impuesto a las ganancias;excedente obras de caracter social a buenos aires;385,6828
2013;neuquen;impuesto a las ganancias;ley 24699;7,5564
2013;neuquen;impuesto sobre los bienes personales;ley 24699;94,9709
2013;neuquen;impuesto sobre los bienes personales;ley 23966 art 30;6,0319
2013;neuquen;impuesto sobre los activos fondo educacion ley 23906;impuesto sobre los activos fondo educacion ley 23906;0,0159
2013;neuquen;i.v.a.ley 23966 art 5 punto 2;i.v.a.ley 23966 art 5 punto 2;15,5828
2013;neuquen;impuesto a los combustibles liquidos ley 23966 y 24699;obras de infraestructura;17,6248
2013;neuquen;impuesto a los combustibles liquidos ley 23966 y 24699;vialidad provincial;63,7808
2013;neuquen;impuesto a los combustibles liquidos ley 23966 y 24699;f.e.d.e.i.;14,2172
2013;neuquen;impuesto a los combustibles liquidos ley 23966 y 24699;ley 24464 fo.na.vi;213,0472
2013;neuquen;regimen de energia electrica ley 24065;fondo para compensaciones de tarifa electrica;15,7412
2013;neuquen;regimen de energia electrica ley 24065;f.e.d.e.i.;7,8043
2013;neuquen;fondo compensador de desequilibrios;fondo compensador de desequilibrios;30
2013;neuquen;regimen simplificado para pequeños contribuyentes ley 24977 art 59 inciso a;regimen simplificado para pequeños contribuyentes ley 24977 art 59 inciso a;22,8084
2013;rio negro;coparticipacion federal de impuestos neta ley 26075;coparticipacion federal de impuestos neta ley 26075;3896,9667
2013;rio negro;financiamiento educativo ley 26075;financiamiento educativo ley 26075;387,4016
2013;rio negro;transferencia de servicios ley 24049;transferencia de servicios ley 24049;14,6
2013;rio negro;impuesto a las ganancias;obras de infraestructura basica social;179,0401
2013;rio negro;impuesto a las ganancias;excedente obras de caracter social a buenos aires;560,7088
2013;rio negro;impuesto a las ganancias;ley 24699;10,9848
2013;rio negro;impuesto sobre los bienes personales;ley 24699;138,0693
2013;rio negro;impuesto sobre los activos fondo educacion ley 23906;impuesto sobre los activos fondo educacion ley 23906;0,0184
2013;rio negro;impuesto a los combustibles liquidos ley 23966 y 24699;obras de infraestructura;25,6238
2013;rio negro;impuesto a los combustibles liquidos ley 23966 y 24699;vialidad provincial;53,1735
2013;rio negro;impuesto a los combustibles liquidos ley 23966 y 24699;f.e.d.e.i.;13,2103
2013;rio negro;impuesto a los combustibles liquidos ley 23966 y 24699;ley 24464 fo.na.vi;222,9563
2013;rio negro;regimen de energia electrica ley 24065;fondo para compensaciones de tarifa electrica;8,6447
2013;rio negro;regimen de energia electrica ley 24065;f.e.d.e.i.;7,2516
2013;rio negro;fondo compensador de desequilibrios;fondo compensador de desequilibrios;30
2013;rio negro;regimen simplificado para pequeños contribuyentes ley 24977 art 59 inciso a;regimen simplificado para pequeños contribuyentes ley 24977 art 59 inciso a;33,16
2013;salta;coparticipacion federal de impuestos neta ley 26075;coparticipacion federal de impuestos neta ley 26075;5681,5699
2013;salta;financiamiento educativo ley 26075;financiamiento educativo ley 26075;826,7452
2013;salta;transferencia de servicios ley 24049;transferencia de servicios ley 24049;39,8
2013;salta;impuesto a las ganancias;obras de infraestructura basica social;621,6516
2013;salta;impuesto a las ganancias;excedente obras de caracter social a buenos aires;851,7683
2013;salta;impuesto a las ganancias;ley 24699;16,6872
2013;salta;impuesto sobre los bienes personales;ley 24699;209,7388
2013;salta;impuesto sobre los activos fondo educacion ley 23906;impuesto sobre los activos fondo educacion ley 23906;0,0245
2013;salta;impuesto a los combustibles liquidos ley 23966 y 24699;obras de infraestructura;38,9247
2013;salta;impuesto a los combustibles liquidos ley 23966 y 24699;vialidad provincial;76,4378
2013;salta;impuesto a los combustibles liquidos ley 23966 y 24699;f.e.d.e.i.;13,5147
2013;salta;impuesto a los combustibles liquidos ley 23966 y 24699;ley 24464 fo.na.vi;198,1834
2013;salta;regimen de energia electrica ley 24065;fondo para compensaciones de tarifa electrica;11,883
2013;salta;regimen de energia electrica ley 24065;f.e.d.e.i.;7,4187
2013;salta;fondo compensador de desequilibrios;fondo compensador de desequilibrios;30
2013;salta;regimen simplificado para pequeños contribuyentes ley 24977 art 59 inciso a;regimen simplificado para pequeños contribuyentes ley 24977 art 59 inciso a;50,3729
2013;san juan;coparticipacion federal de impuestos neta ley 26075;coparticipacion federal de impuestos neta ley 26075;5278,7591
2013;san juan;financiamiento educativo ley 26075;financiamiento educativo ley 26075;460,9862
2013;san juan;transferencia de servicios ley 24049;transferencia de servicios ley 24049;30,1
2013;san juan;impuesto a las ganancias;obras de infraestructura basica social;197,1968
2013;san juan;impuesto a las ganancias;excedente obras de caracter social a buenos aires;751,1683
2013;san juan;impuesto a las ganancias;ley 24699;14,7168
2013;san juan;impuesto sobre los bienes personales;ley 24699;184,9707
2013;san juan;impuesto sobre los activos fondo educacion ley 23906;impuesto sobre los activos fondo educacion ley 23906;0,0138
2013;san juan;impuesto a los combustibles liquidos ley 23966 y 24699;obras de infraestructura;34,3279
2013;san juan;impuesto a los combustibles liquidos ley 23966 y 24699;vialidad provincial;63,6651
2013;san juan;impuesto a los combustibles liquidos ley 23966 y 24699;f.e.d.e.i.;12,5204
2013;san juan;impuesto a los combustibles liquidos ley 23966 y 24699;ley 24464 fo.na.vi;180,8423
2013;san juan;regimen de energia electrica ley 24065;fondo para compensaciones de tarifa electrica;8,8053
2013;san juan;regimen de energia electrica ley 24065;f.e.d.e.i.;6,8728
2013;san juan;fondo compensador de desequilibrios;fondo compensador de desequilibrios;26,4
2013;san juan;regimen simplificado para pequeños contribuyentes ley 24977 art 59 inciso a;regimen simplificado para pequeños contribuyentes ley 24977 art 59 inciso a;44,4241
2013;san luis;coparticipacion federal de impuestos neta ley 26075;coparticipacion federal de impuestos neta ley 26075;3583,3801
2013;san luis;financiamiento educativo ley 26075;financiamiento educativo ley 26075;292,1744
2013;san luis;transferencia de servicios ley 24049;transferencia de servicios ley 24049;18,9
2013;san luis;impuesto a las ganancias;obras de infraestructura basica social;104,8171
2013;san luis;impuesto a las ganancias;excedente obras de caracter social a buenos aires;507,2008
2013;san luis;impuesto a las ganancias;ley 24699;9,9372
2013;san luis;impuesto sobre los bienes personales;ley 24699;124,8947
2013;san luis;impuesto sobre los activos fondo educacion ley 23906;impuesto sobre los activos fondo educacion ley 23906;0,0114
2013;san luis;impuesto a los combustibles liquidos ley 23966 y 24699;obras de infraestructura;23,1781
2013;san luis;impuesto a los combustibles liquidos ley 23966 y 24699;vialidad provincial;73,7488
2013;san luis;impuesto a los combustibles liquidos ley 23966 y 24699;f.e.d.e.i.;12,2652
2013;san luis;impuesto a los combustibles liquidos ley 23966 y 24699;ley 24464 fo.na.vi;180,8423
2013;san luis;regimen de energia electrica ley 24065;fondo para compensaciones de tarifa electrica;10,2674
2013;san luis;regimen de energia electrica ley 24065;f.e.d.e.i.;6,7328
2013;san luis;fondo compensador de desequilibrios;fondo compensador de desequilibrios;26,4
2013;san luis;regimen simplificado para pequeños contribuyentes ley 24977 art 59 inciso a;regimen simplificado para pequeños contribuyentes ley 24977 art 59 inciso a;29,9951
2013;santa cruz;coparticipacion federal de impuestos neta ley 26075;coparticipacion federal de impuestos neta ley 26075;2518,7129
2013;santa cruz;financiamiento educativo ley 26075;financiamiento educativo ley 26075;166,6476
2013;santa cruz;transferencia de servicios ley 24049;transferencia de servicios ley 24049;8,5
2013;santa cruz;impuesto a las ganancias;obras de infraestructura basica social;36,7043
2013;santa cruz;impuesto a las ganancias;excedente obras de caracter social a buenos aires;351,4405
2013;santa cruz;impuesto a las ganancias;ley 24699;6,8856
2013;santa cruz;impuesto sobre los bienes personales;ley 24699;86,5392
2013;santa cruz;impuesto sobre los bienes personales;ley 23966 art 30;7,821
2013;santa cruz;impuesto sobre los activos fondo educacion ley 23906;impuesto sobre los activos fondo educacion ley 23906;0,0115
2013;santa cruz;i.v.a.ley 23966 art 5 punto 2;i.v.a.ley 23966 art 5 punto 2;20,2048
2013;santa cruz;impuesto a los combustibles liquidos ley 23966 y 24699;obras de infraestructura;16,0607
2013;santa cruz;impuesto a los combustibles liquidos ley 23966 y 24699;vialidad provincial;53,0278
2013;santa cruz;impuesto a los combustibles liquidos ley 23966 y 24699;f.e.d.e.i.;17,2579
2013;santa cruz;impuesto a los combustibles liquidos ley 23966 y 24699;ley 24464 fo.na.vi;158,5467
2013;santa cruz;regimen de energia electrica ley 24065;fondo para compensaciones de tarifa electrica;10,7331
2013;santa cruz;regimen de energia electrica ley 24065;transferencia a empresas de energia electrica;38,75
2013;santa cruz;regimen de energia electrica ley 24065;f.e.d.e.i.;9,4734
2013;santa cruz;fondo compensador de desequilibrios;fondo compensador de desequilibrios;36
2013;santa cruz;regimen simplificado para pequeños contribuyentes ley 24977 art 59 inciso a;regimen simplificado para pequeños contribuyentes ley 24977 art 59 inciso a;20,7843
2013;santa fe;coparticipacion federal de impuestos neta ley 26075;coparticipacion federal de impuestos neta ley 26075;13720,7879
2013;santa fe;financiamiento educativo ley 26075;financiamiento educativo ley 26075;1454,379
2013;santa fe;transferencia de servicios ley 24049;transferencia de servicios ley 24049;135,489
2013;santa fe;impuesto a las ganancias;obras de infraestructura basica social;808,7289
2013;santa fe;impuesto a las ganancias;excedente obras de caracter social a buenos aires;1986,0003
2013;santa fe;impuesto a las ganancias;ley 24699;38,91
2013;santa fe;impuesto sobre los bienes personales;ley 24699;489,0393
2013;santa fe;impuesto sobre los bienes personales;ley 23966 art 30;105,4804
2013;santa fe;impuesto sobre los activos fondo educacion ley 23906;impuesto sobre los activos fondo educacion ley 23906;0,0464
2013;santa fe;i.v.a.ley 23966 art 5 punto 2;i.v.a.ley 23966 art 5 punto 2;272,4988
2013;santa fe;impuesto a los combustibles liquidos ley 23966 y 24699;obras de infraestructura;120,7584
2013;santa fe;impuesto a los combustibles liquidos ley 23966 y 24699;vialidad provincial;150,477
2013;santa fe;impuesto a los combustibles liquidos ley 23966 y 24699;f.e.d.e.i.;10,874
2013;santa fe;impuesto a los combustibles liquidos ley 23966 y 24699;ley 24464 fo.na.vi;279,934
2013;santa fe;regimen de energia electrica ley 24065;fondo para compensaciones de tarifa electrica;7,677
2013;santa fe;regimen de energia electrica ley 24065;f.e.d.e.i.;5,9691
2013;santa fe;fondo compensador de desequilibrios;fondo compensador de desequilibrios;6
2013;santa fe;regimen simplificado para pequeños contribuyentes ley 24977 art 59 inciso a;regimen simplificado para pequeños contribuyentes ley 24977 art 59 inciso a;117,4514
2013;sgo. del estero;coparticipacion federal de impuestos neta ley 26075;coparticipacion federal de impuestos neta ley 26075;6270,7407
2013;sgo. del estero;financiamiento educativo ley 26075;financiamiento educativo ley 26075;744,5036
2013;sgo. del estero;transferencia de servicios ley 24049;transferencia de servicios ley 24049;31,6
2013;sgo. del estero;impuesto a las ganancias;obras de infraestructura basica social;460,516
2013;sgo. del estero;impuesto a las ganancias;excedente obras de caracter social a buenos aires;918,1083
2013;sgo. del estero;impuesto a las ganancias;ley 24699;17,9879
2013;sgo. del estero;impuesto sobre los bienes personales;ley 24699;226,0753
2013;sgo. del estero;impuesto sobre los activos fondo educacion ley 23906;impuesto sobre los activos fondo educacion ley 23906;0,0231
2013;sgo. del estero;impuesto a los combustibles liquidos ley 23966 y 24699;obras de infraestructura;41,9565
2013;sgo. del estero;impuesto a los combustibles liquidos ley 23966 y 24699;vialidad provincial;75,0762
2013;sgo. del estero;impuesto a los combustibles liquidos ley 23966 y 24699;f.e.d.e.i.;14,4985
2013;sgo. del estero;impuesto a los combustibles liquidos ley 23966 y 24699;ley 24464 fo.na.vi;213,0472
2013;sgo. del estero;regimen de energia electrica ley 24065;fondo para compensaciones de tarifa electrica;11,6307
2013;sgo. del estero;regimen de energia electrica ley 24065;f.e.d.e.i.;7,9587
2013;sgo. del estero;fondo compensador de desequilibrios;fondo compensador de desequilibrios;26,4
2013;sgo. del estero;regimen simplificado para pequeños contribuyentes ley 24977 art 59 inciso a;regimen simplificado para pequeños contribuyentes ley 24977 art 59 inciso a;54,2963
2013;tucuman;coparticipacion federal de impuestos neta ley 26075;coparticipacion federal de impuestos neta ley 26075;7171,3374
2013;tucuman;financiamiento educativo ley 26075;financiamiento educativo ley 26075;906,8226
2013;tucuman;transferencia de servicios ley 24049;transferencia de servicios ley 24049;55,8
2013;tucuman;impuesto a las ganancias;obras de infraestructura basica social;584,4151
2013;tucuman;impuesto a las ganancias;excedente obras de caracter social a buenos aires;1057,2044
2013;tucuman;impuesto a las ganancias;ley 24699;20,7132
2013;tucuman;impuesto sobre los bienes personales;ley 24699;260,3291
2013;tucuman;impuesto sobre los activos fondo educacion ley 23906;impuesto sobre los activos fondo educacion ley 23906;0,0209
2013;tucuman;impuesto a los combustibles liquidos ley 23966 y 24699;obras de infraestructura;48,3134
2013;tucuman;impuesto a los combustibles liquidos ley 23966 y 24699;vialidad provincial;70,5594
2013;tucuman;impuesto a los combustibles liquidos ley 23966 y 24699;f.e.d.e.i.;11,167
2013;tucuman;impuesto a los combustibles liquidos ley 23966 y 24699;ley 24464 fo.na.vi;208,0926
2013;tucuman;regimen de energia electrica ley 24065;fondo para compensaciones de tarifa electrica;13,3496
2013;tucuman;regimen de energia electrica ley 24065;f.e.d.e.i.;6,1299
2013;tucuman;fondo compensador de desequilibrios;fondo compensador de desequilibrios;26,4
2013;tucuman;regimen simplificado para pequeños contribuyentes ley 24977 art 59 inciso a;regimen simplificado para pequeños contribuyentes ley 24977 art 59 inciso a;62,5229
2013;tierra del fuego;coparticipacion federal de impuestos neta ley 26075;coparticipacion federal de impuestos neta ley 26075;2004,8337
2013;tierra del fuego;financiamiento educativo ley 26075;financiamiento educativo ley 26075;93,0629
2013;tierra del fuego;transferencia de servicios ley 24049;transferencia de servicios ley 24049;12
2013;tierra del fuego;impuesto a las ganancias;obras de infraestructura basica social;25,7725
2013;tierra del fuego;impuesto a las ganancias;excedente obras de caracter social a buenos aires;274,079
2013;tierra del fuego;impuesto a las ganancias;ley 24699;5,37
2013;tierra del fuego;impuesto sobre los bienes personales;ley 24699;67,4876
2013;tierra del fuego;impuesto sobre los bienes personales;ley 23966 art 30;0,6937
2013;tierra del fuego;impuesto sobre los activos fondo educacion ley 23906;impuesto sobre los activos fondo educacion ley 23906;0,0055
2013;tierra del fuego;i.v.a.ley 23966 art 5 punto 2;i.v.a.ley 23966 art 5 punto 2;1,7922
2013;tierra del fuego;impuesto a los combustibles liquidos ley 23966 y 24699;obras de infraestructura;12,525
2013;tierra del fuego;impuesto a los combustibles liquidos ley 23966 y 24699;vialidad provincial;32,7317
2013;tierra del fuego;impuesto a los combustibles liquidos ley 23966 y 24699;f.e.d.e.i.;12,6913
2013;tierra del fuego;impuesto a los combustibles liquidos ley 23966 y 24699;ley 24464 fo.na.vi;131,2965
2013;tierra del fuego;regimen de energia electrica ley 24065;fondo para compensaciones de tarifa electrica;6,9556
2013;tierra del fuego;regimen de energia electrica ley 24065;f.e.d.e.i.;6,9667
2013;tierra del fuego;fondo compensador de desequilibrios;fondo compensador de desequilibrios;36
2013;tierra del fuego;regimen simplificado para pequeños contribuyentes ley 24977 art 59 inciso a;regimen simplificado para pequeños contribuyentes ley 24977 art 59 inciso a;16,2088
2013;c.a.b.a;coparticipacion federal de impuestos neta ley 26075;coparticipacion federal de impuestos neta ley 26075;3046,7674
2013;c.a.b.a;financiamiento educativo ley 26075;financiamiento educativo ley 26075;1173,026
2013;c.a.b.a;impuesto sobre los activos fondo educacion ley 23906;impuesto sobre los activos fondo educacion ley 23906;0,0199
2013;c.a.b.a;impuesto a los combustibles liquidos ley 23966 y 24699;ley 24464 fo.na.vi;64,4096
2013;tesoro nacional;coparticipacion federal de impuestos neta ley 26075;coparticipacion federal de impuestos neta ley 26075;121288,9176
2013;tesoro nacional;impuesto sobre los bienes personales;ley 24699;4014,5498
2013;tesoro nacional;impuesto sobre los activos fondo educacion ley 23906;impuesto sobre los activos fondo educacion ley 23906;0,3012
2013;tesoro nacional;impuesto a los combustibles liquidos ley 23966 y 24699;vialidad provincial;3424,3478
2013;seguridad social;coparticipacion federal de impuestos neta ley 26075;coparticipacion federal de impuestos neta ley 26075;53287,6608
2013;seguridad social;impuesto a las ganancias;obras de infraestructura basica social;36456,3584
2013;seguridad social;impuesto a las ganancias;ley 24699;120
2013;seguridad social;i.v.a.ley 23966 art 5 punto 2;i.v.a.ley 23966 art 5 punto 2;24906,8479
2013;seguridad social;regimen simplificado para pequeños contribuyentes ley 24977 art 59 inciso a;regimen simplificado para pequeños contribuyentes ley 24977 art 59 inciso a;3099,0287
2013;fondo a.t.n.;coparticipacion federal de impuestos neta ley 26075;coparticipacion federal de impuestos neta ley 26075;3014,1381
2013;fondo a.t.n.;impuesto a las ganancias;obras de infraestructura basica social;3645,6358
2013;fondo a.t.n.;impuesto a las ganancias;ley 24699;20
2013;fondo a.t.n.;impuesto sobre los bienes personales;ley 24699;96,4109
2014;buenos aires;coparticipacion federal de impuestos neta ley 26075;coparticipacion federal de impuestos neta ley 26075;42020,29788
2014;buenos aires;financiamiento educativo ley 26075;financiamiento educativo ley 26075;8961,30376
2014;buenos aires;transferencia de servicios ley 24049;transferencia de servicios ley 24049;420,1
2014;buenos aires;impuesto a las ganancias;obras de infraestructura basica social;650
2014;buenos aires;impuesto a las ganancias;ley 24699;95,6087
2014;buenos aires;impuesto sobre los bienes personales;ley 24699;1672,9896
2014;buenos aires;impuesto sobre los bienes personales;ley 23966 art 30;398,28993
2014;buenos aires;impuesto sobre los activos fondo educacion ley 23906;impuesto sobre los activos fondo educacion ley 23906;0,33008
2014;buenos aires;i.v.a.ley 23966 art 5 punto 2;i.v.a.ley 23966 art 5 punto 2;970,9394
2014;buenos aires;impuesto a los combustibles liquidos ley 23966 y 24699;obras de infraestructura;277,90032
2014;buenos aires;impuesto a los combustibles liquidos ley 23966 y 24699;vialidad provincial;601,22763
2014;buenos aires;impuesto a los combustibles liquidos ley 23966 y 24699;f.e.d.e.i.;14,26573
2014;buenos aires;impuesto a los combustibles liquidos ley 23966 y 24699;ley 24464 fo.na.vi;991,90126
2014;buenos aires;regimen de energia electrica ley 24065;fondo para compensaciones de tarifa electrica;9,28222
2014;buenos aires;regimen de energia electrica ley 24065;f.e.d.e.i.;6,67134
2014;buenos aires;regimen simplificado para pequeños contribuyentes ley 24977 art 59 inciso a;regimen simplificado para pequeños contribuyentes ley 24977 art 59 inciso a;273,86115
2014;catamarca;coparticipacion federal de impuestos neta ley 26075;coparticipacion federal de impuestos neta ley 26075;5970,77852
2014;catamarca;financiamiento educativo ley 26075;financiamiento educativo ley 26075;423,58526
2014;catamarca;transferencia de servicios ley 24049;transferencia de servicios ley 24049;21,4
2014;catamarca;impuesto a las ganancias;obras de infraestructura basica social;190,2813
2014;catamarca;impuesto a las ganancias;excedente obras de caracter social a buenos aires;903,13826
2014;catamarca;impuesto a las ganancias;ley 24699;11,9916
2014;catamarca;impuesto sobre los bienes personales;ley 24699;209,8346
2014;catamarca;impuesto sobre los activos fondo educacion ley 23906;impuesto sobre los activos fondo educacion ley 23906;0,0247
2014;catamarca;impuesto a los combustibles liquidos ley 23966 y 24699;obras de infraestructura;38,61897
2014;catamarca;impuesto a los combustibles liquidos ley 23966 y 24699;vialidad provincial;70,91048
2014;catamarca;impuesto a los combustibles liquidos ley 23966 y 24699;f.e.d.e.i.;21,50053
2014;catamarca;impuesto a los combustibles liquidos ley 23966 y 24699;ley 24464 fo.na.vi;143,65467
2014;catamarca;regimen de energia electrica ley 24065;fondo para compensaciones de tarifa electrica;13,65367
2014;catamarca;regimen de energia electrica ley 24065;f.e.d.e.i.;10,05468
2014;catamarca;fondo compensador de desequilibrios;fondo compensador de desequilibrios;26,4
2014;catamarca;regimen simplificado para pequeños contribuyentes ley 24977 art 59 inciso a;regimen simplificado para pequeños contribuyentes ley 24977 art 59 inciso a;34,34954
2014;cordoba;coparticipacion federal de impuestos neta ley 26075;coparticipacion federal de impuestos neta ley 26075;18559,33436
2014;cordoba;financiamiento educativo ley 26075;financiamiento educativo ley 26075;2054,66357
2014;cordoba;transferencia de servicios ley 24049;transferencia de servicios ley 24049;125,3
2014;cordoba;impuesto a las ganancias;obras de infraestructura basica social;1051,29773
2014;cordoba;impuesto a las ganancias;excedente obras de caracter social a buenos aires;2911,46668
2014;cordoba;impuesto a las ganancias;ley 24699;38,658
2014;cordoba;impuesto sobre los bienes personales;ley 24699;676,4598
2014;cordoba;impuesto sobre los bienes personales;ley 23966 art 30;136,01772
2014;cordoba;impuesto sobre los activos fondo educacion ley 23906;impuesto sobre los activos fondo educacion ley 23906;0,09137
2014;cordoba;i.v.a.ley 23966 art 5 punto 2;i.v.a.ley 23966 art 5 punto 2;331,57997
2014;cordoba;impuesto a los combustibles liquidos ley 23966 y 24699;obras de infraestructura;124,49778
2014;cordoba;impuesto a los combustibles liquidos ley 23966 y 24699;vialidad provincial;214,57928
2014;cordoba;impuesto a los combustibles liquidos ley 23966 y 24699;f.e.d.e.i.;14,26573
2014;cordoba;impuesto a los combustibles liquidos ley 23966 y 24699;ley 24464 fo.na.vi;386,49946
2014;cordoba;regimen de energia electrica ley 24065;fondo para compensaciones de tarifa electrica;8,70212
2014;cordoba;regimen de energia electrica ley 24065;f.e.d.e.i.;6,67134
2014;cordoba;fondo compensador de desequilibrios;fondo compensador de desequilibrios;6
2014;cordoba;regimen simplificado para pequeños contribuyentes ley 24977 art 59 inciso a;regimen simplificado para pequeños contribuyentes ley 24977 art 59 inciso a;110,73423
2014;corrientes;coparticipacion federal de impuestos neta ley 26075;coparticipacion federal de impuestos neta ley 26075;7730,72427
2014;corrientes;financiamiento educativo ley 26075;financiamiento educativo ley 26075;899,43104
2014;corrientes;transferencia de servicios ley 24049;transferencia de servicios ley 24049;38,6
2014;corrientes;impuesto a las ganancias;obras de infraestructura basica social;706,43275
2014;corrientes;impuesto a las ganancias;excedente obras de caracter social a buenos aires;1218,9254
2014;corrientes;impuesto a las ganancias;ley 24699;16,1844
2014;corrientes;impuesto sobre los bienes personales;ley 24699;283,20334
2014;corrientes;impuesto sobre los bienes personales;ley 23966 art 30;43,49216
2014;corrientes;impuesto sobre los activos fondo educacion ley 23906;impuesto sobre los activos fondo educacion ley 23906;0,04098
2014;corrientes;i.v.a.ley 23966 art 5 punto 2;i.v.a.ley 23966 art 5 punto 2;106,02391
2014;corrientes;impuesto a los combustibles liquidos ley 23966 y 24699;obras de infraestructura;52,12158
2014;corrientes;impuesto a los combustibles liquidos ley 23966 y 24699;vialidad provincial;88,39515
2014;corrientes;impuesto a los combustibles liquidos ley 23966 y 24699;f.e.d.e.i.;18,06034
2014;corrientes;impuesto a los combustibles liquidos ley 23966 y 24699;ley 24464 fo.na.vi;338,61457
2014;corrientes;regimen de energia electrica ley 24065;fondo para compensaciones de tarifa electrica;11,79777
2014;corrientes;regimen de energia electrica ley 24065;f.e.d.e.i.;8,44588
2014;corrientes;fondo compensador de desequilibrios;fondo compensador de desequilibrios;18
2014;corrientes;regimen simplificado para pequeños contribuyentes ley 24977 art 59 inciso a;regimen simplificado para pequeños contribuyentes ley 24977 art 59 inciso a;46,3594
2014;chaco;coparticipacion federal de impuestos neta ley 26075;coparticipacion federal de impuestos neta ley 26075;10577,44806
2014;chaco;financiamiento educativo ley 26075;financiamiento educativo ley 26075;1003,95208
2014;chaco;transferencia de servicios ley 24049;transferencia de servicios ley 24049;33,6
2014;chaco;impuesto a las ganancias;obras de infraestructura basica social;865,35731
2014;chaco;impuesto a las ganancias;excedente obras de caracter social a buenos aires;1635,73849
2014;chaco;impuesto a las ganancias;ley 24699;21,7188
2014;chaco;impuesto sobre los bienes personales;ley 24699;380,05008
2014;chaco;impuesto sobre los bienes personales;ley 23966 art 30;34,19223
2014;chaco;impuesto sobre los activos fondo educacion ley 23906;impuesto sobre los activos fondo educacion ley 23906;0,05354
2014;chaco;i.v.a.ley 23966 art 5 punto 2;i.v.a.ley 23966 art 5 punto 2;83,3528
2014;chaco;impuesto a los combustibles liquidos ley 23966 y 24699;obras de infraestructura;69,94604
2014;chaco;impuesto a los combustibles liquidos ley 23966 y 24699;vialidad provincial;98,34497
2014;chaco;impuesto a los combustibles liquidos ley 23966 y 24699;f.e.d.e.i.;19,18164
2014;chaco;impuesto a los combustibles liquidos ley 23966 y 24699;ley 24464 fo.na.vi;314,67212
2014;chaco;regimen de energia electrica ley 24065;fondo para compensaciones de tarifa electrica;12,56431
2014;chaco;regimen de energia electrica ley 24065;f.e.d.e.i.;8,97025
2014;chaco;fondo compensador de desequilibrios;fondo compensador de desequilibrios;6
2014;chaco;regimen simplificado para pequeños contribuyentes ley 24977 art 59 inciso a;regimen simplificado para pequeños contribuyentes ley 24977 art 59 inciso a;62,21333
2014;chubut;coparticipacion federal de impuestos neta ley 26075;coparticipacion federal de impuestos neta ley 26075;3247,95584
2014;chubut;financiamiento educativo ley 26075;financiamiento educativo ley 26075;423,58526
2014;chubut;transferencia de servicios ley 24049;transferencia de servicios ley 24049;24,2
2014;chubut;impuesto a las ganancias;obras de infraestructura basica social;169,65406
2014;chubut;impuesto a las ganancias;excedente obras de caracter social a buenos aires;518,56529
2014;chubut;impuesto a las ganancias;ley 24699;6,8856
2014;chubut;impuesto sobre los bienes personales;ley 24699;120,48366
2014;chubut;impuesto sobre los bienes personales;ley 23966 art 30;13,37536
2014;chubut;impuesto sobre los activos fondo educacion ley 23906;impuesto sobre los activos fondo educacion ley 23906;0,02472
2014;chubut;i.v.a.ley 23966 art 5 punto 2;i.v.a.ley 23966 art 5 punto 2;32,60605
2014;chubut;impuesto a los combustibles liquidos ley 23966 y 24699;obras de infraestructura;22,17466
2014;chubut;impuesto a los combustibles liquidos ley 23966 y 24699;vialidad provincial;99,90157
2014;chubut;impuesto a los combustibles liquidos ley 23966 y 24699;f.e.d.e.i.;20,11162
2014;chubut;impuesto a los combustibles liquidos ley 23966 y 24699;ley 24464 fo.na.vi;218,90235
2014;chubut;regimen de energia electrica ley 24065;fondo para compensaciones de tarifa electrica;17,01237
2014;chubut;regimen de energia electrica ley 24065;f.e.d.e.i.;9,40516
2014;chubut;fondo compensador de desequilibrios;fondo compensador de desequilibrios;36
2014;chubut;regimen simplificado para pequeños contribuyentes ley 24977 art 59 inciso a;regimen simplificado para pequeños contribuyentes ley 24977 art 59 inciso a;19,7232
2014;entre rios;coparticipacion federal de impuestos neta ley 26075;coparticipacion federal de impuestos neta ley 26075;10438,78258
2014;entre rios;financiamiento educativo ley 26075;financiamiento educativo ley 26075;896,68049
2014;entre rios;transferencia de servicios ley 24049;transferencia de servicios ley 24049;67,5
2014;entre rios;impuesto a las ganancias;obras de infraestructura basica social;539,81301
2014;entre rios;impuesto a las ganancias;excedente obras de caracter social a buenos aires;1601,00839
2014;entre rios;impuesto a las ganancias;ley 24699;21,258
2014;entre rios;impuesto sobre los bienes personales;ley 24699;371,97952
2014;entre rios;impuesto sobre los bienes personales;ley 23966 art 30;59,0287
2014;entre rios;impuesto sobre los activos fondo educacion ley 23906;impuesto sobre los activos fondo educacion ley 23906;0,04241
2014;entre rios;i.v.a.ley 23966 art 5 punto 2;i.v.a.ley 23966 art 5 punto 2;143,89841
2014;entre rios;impuesto a los combustibles liquidos ley 23966 y 24699;obras de infraestructura;68,45961
2014;entre rios;impuesto a los combustibles liquidos ley 23966 y 24699;vialidad provincial;161,77711
2014;entre rios;impuesto a los combustibles liquidos ley 23966 y 24699;f.e.d.e.i.;16,50768
2014;entre rios;impuesto a los combustibles liquidos ley 23966 y 24699;ley 24464 fo.na.vi;266,78724
2014;entre rios;regimen de energia electrica ley 24065;fondo para compensaciones de tarifa electrica;12,60262
2014;entre rios;regimen de energia electrica ley 24065;f.e.d.e.i.;7,71978
2014;entre rios;fondo compensador de desequilibrios;fondo compensador de desequilibrios;21,60004
2014;entre rios;regimen simplificado para pequeños contribuyentes ley 24977 art 59 inciso a;regimen simplificado para pequeños contribuyentes ley 24977 art 59 inciso a;60,89122
2014;formosa;coparticipacion federal de impuestos neta ley 26075;coparticipacion federal de impuestos neta ley 26075;7843,41964
2014;formosa;financiamiento educativo ley 26075;financiamiento educativo ley 26075;607,87235
2014;formosa;transferencia de servicios ley 24049;transferencia de servicios ley 24049;20,7
2014;formosa;impuesto a las ganancias;obras de infraestructura basica social;438,29725
2014;formosa;impuesto a las ganancias;excedente obras de caracter social a buenos aires;1193,66243
2014;formosa;impuesto a las ganancias;ley 24699;15,8495
2014;formosa;impuesto sobre los bienes personales;ley 24699;277,33384
2014;formosa;impuesto sobre los bienes personales;ley 23966 art 30;15,92741
2014;formosa;impuesto sobre los activos fondo educacion ley 23906;impuesto sobre los activos fondo educacion ley 23906;0,02886
2014;formosa;i.v.a.ley 23966 art 5 punto 2;i.v.a.ley 23966 art 5 punto 2;38,82736
2014;formosa;impuesto a los combustibles liquidos ley 23966 y 24699;obras de infraestructura;51,04182
2014;formosa;impuesto a los combustibles liquidos ley 23966 y 24699;vialidad provincial;70,2804
2014;formosa;impuesto a los combustibles liquidos ley 23966 y 24699;f.e.d.e.i.;22,16538
2014;formosa;impuesto a los combustibles liquidos ley 23966 y 24699;ley 24464 fo.na.vi;273,62793
2014;formosa;regimen de energia electrica ley 24065;fondo para compensaciones de tarifa electrica;13,34807
2014;formosa;regimen de energia electrica ley 24065;f.e.d.e.i.;10,36559
2014;formosa;fondo compensador de desequilibrios;fondo compensador de desequilibrios;26,4
2014;formosa;regimen simplificado para pequeños contribuyentes ley 24977 art 59 inciso a;regimen simplificado para pequeños contribuyentes ley 24977 art 59 inciso a;45,39902
2014;jujuy;coparticipacion federal de impuestos neta ley 26075;coparticipacion federal de impuestos neta ley 26075;6006,96654
2014;jujuy;financiamiento educativo ley 26075;financiamiento educativo ley 26075;588,61848
2014;jujuy;transferencia de servicios ley 24049;transferencia de servicios ley 24049;33,3
2014;jujuy;impuesto a las ganancias;obras de infraestructura basica social;466,48071
2014;jujuy;impuesto a las ganancias;excedente obras de caracter social a buenos aires;931,56559
2014;jujuy;impuesto a las ganancias;ley 24699;12,3695
2014;jujuy;impuesto sobre los bienes personales;ley 24699;216,43779
2014;jujuy;impuesto sobre los activos fondo educacion ley 23906;impuesto sobre los activos fondo educacion ley 23906;0,02629
2014;jujuy;impuesto a los combustibles liquidos ley 23966 y 24699;obras de infraestructura;39,83334
2014;jujuy;impuesto a los combustibles liquidos ley 23966 y 24699;vialidad provincial;62,30928
2014;jujuy;impuesto a los combustibles liquidos ley 23966 y 24699;f.e.d.e.i.;17,88667
2014;jujuy;impuesto a los combustibles liquidos ley 23966 y 24699;ley 24464 fo.na.vi;205,22095
2014;jujuy;regimen de energia electrica ley 24065;fondo para compensaciones de tarifa electrica;13,80037
2014;jujuy;regimen de energia electrica ley 24065;f.e.d.e.i.;8,36466
2014;jujuy;fondo compensador de desequilibrios;fondo compensador de desequilibrios;26,4
2014;jujuy;regimen simplificado para pequeños contribuyentes ley 24977 art 59 inciso a;regimen simplificado para pequeños contribuyentes ley 24977 art 59 inciso a;35,42966
2014;la pampa;coparticipacion federal de impuestos neta ley 26075;coparticipacion federal de impuestos neta ley 26075;4046,23037
2014;la pampa;financiamiento educativo ley 26075;financiamiento educativo ley 26075;313,56312
2014;la pampa;transferencia de servicios ley 24049;transferencia de servicios ley 24049;19,2
2014;la pampa;impuesto a las ganancias;obras de infraestructura basica social;80,75887
2014;la pampa;impuesto a las ganancias;excedente obras de caracter social a buenos aires;615,77844
2014;la pampa;impuesto a las ganancias;ley 24699;8,1756
2014;la pampa;impuesto sobre los bienes personales;ley 24699;143,06905
2014;la pampa;impuesto sobre los bienes personales;ley 23966 art 30;11,52217
2014;la pampa;impuesto sobre los activos fondo educacion ley 23906;impuesto sobre los activos fondo educacion ley 23906;0,0218
2014;la pampa;i.v.a.ley 23966 art 5 punto 2;i.v.a.ley 23966 art 5 punto 2;28,08841
2014;la pampa;impuesto a los combustibles liquidos ley 23966 y 24699;obras de infraestructura;26,33073
2014;la pampa;impuesto a los combustibles liquidos ley 23966 y 24699;vialidad provincial;71,5612
2014;la pampa;impuesto a los combustibles liquidos ley 23966 y 24699;f.e.d.e.i.;15,87838
2014;la pampa;impuesto a los combustibles liquidos ley 23966 y 24699;ley 24464 fo.na.vi;136,81397
2014;la pampa;regimen de energia electrica ley 24065;fondo para compensaciones de tarifa electrica;16,73808
2014;la pampa;regimen de energia electrica ley 24065;f.e.d.e.i.;7,42549
2014;la pampa;fondo compensador de desequilibrios;fondo compensador de desequilibrios;30
2014;la pampa;regimen simplificado para pequeños contribuyentes ley 24977 art 59 inciso a;regimen simplificado para pequeños contribuyentes ley 24977 art 59 inciso a;23,4198
2014;la rioja;coparticipacion federal de impuestos neta ley 26075;coparticipacion federal de impuestos neta ley 26075;4421,87428
2014;la rioja;financiamiento educativo ley 26075;financiamiento educativo ley 26075;385,07751
2014;la rioja;transferencia de servicios ley 24049;transferencia de servicios ley 24049;20,3
2014;la rioja;impuesto a las ganancias;obras de infraestructura basica social;159,15947
2014;la rioja;impuesto a las ganancias;excedente obras de caracter social a buenos aires;678,93587
2014;la rioja;impuesto a las ganancias;ley 24699;9,0144
2014;la rioja;impuesto sobre los bienes personales;ley 24699;157,7428
2014;la rioja;impuesto sobre los activos fondo educacion ley 23906;impuesto sobre los activos fondo educacion ley 23906;0,02121
2014;la rioja;impuesto a los combustibles liquidos ley 23966 y 24699;obras de infraestructura;29,03153
2014;la rioja;impuesto a los combustibles liquidos ley 23966 y 24699;vialidad provincial;67,15517
2014;la rioja;impuesto a los combustibles liquidos ley 23966 y 24699;f.e.d.e.i.;20,92011
2014;la rioja;impuesto a los combustibles liquidos ley 23966 y 24699;ley 24464 fo.na.vi;136,81397
2014;la rioja;regimen de energia electrica ley 24065;fondo para compensaciones de tarifa electrica;12,96875
2014;la rioja;regimen de energia electrica ley 24065;f.e.d.e.i.;9,78324
2014;la rioja;fondo compensador de desequilibrios;fondo compensador de desequilibrios;26,4
2014;la rioja;regimen simplificado para pequeños contribuyentes ley 24977 art 59 inciso a;regimen simplificado para pequeños contribuyentes ley 24977 art 59 inciso a;25,82202
2014;mendoza;coparticipacion federal de impuestos neta ley 26075;coparticipacion federal de impuestos neta ley 26075;8445,97875
2014;mendoza;financiamiento educativo ley 26075;financiamiento educativo ley 26075;1234,99858
2014;mendoza;transferencia de servicios ley 24049;transferencia de servicios ley 24049;61,7
2014;mendoza;impuesto a las ganancias;obras de infraestructura basica social;644,33681
2014;mendoza;impuesto a las ganancias;excedente obras de caracter social a buenos aires;1367,33888
2014;mendoza;impuesto a las ganancias;ley 24699;18,1548
2014;mendoza;impuesto sobre los bienes personales;ley 24699;317,68665
2014;mendoza;impuesto sobre los activos fondo educacion ley 23906;impuesto sobre los activos fondo educacion ley 23906;0,04504
2014;mendoza;impuesto a los combustibles liquidos ley 23966 y 24699;obras de infraestructura;58,46833
2014;mendoza;impuesto a los combustibles liquidos ley 23966 y 24699;vialidad provincial;137,20114
2014;mendoza;impuesto a los combustibles liquidos ley 23966 y 24699;f.e.d.e.i.;16,23806
2014;mendoza;impuesto a los combustibles liquidos ley 23966 y 24699;ley 24464 fo.na.vi;273,62793
2014;mendoza;regimen de energia electrica ley 24065;fondo para compensaciones de tarifa electrica;9,62629
2014;mendoza;regimen de energia electrica ley 24065;f.e.d.e.i.;7,59369
2014;mendoza;fondo compensador de desequilibrios;fondo compensador de desequilibrios;26,4
2014;mendoza;regimen simplificado para pequeños contribuyentes ley 24977 art 59 inciso a;regimen simplificado para pequeños contribuyentes ley 24977 art 59 inciso a;52,0045
2014;misiones;coparticipacion federal de impuestos neta ley 26075;coparticipacion federal de impuestos neta ley 26075;6634,55679
2014;misiones;financiamiento educativo ley 26075;financiamiento educativo ley 26075;1034,20817
2014;misiones;transferencia de servicios ley 24049;transferencia de servicios ley 24049;34,1
2014;misiones;impuesto a las ganancias;obras de infraestructura basica social;699,62112
2014;misiones;impuesto a las ganancias;excedente obras de caracter social a buenos aires;1083,11748
2014;misiones;impuesto a las ganancias;ley 24699;14,382
2014;misiones;impuesto sobre los bienes personales;ley 24699;251,65478
2014;misiones;impuesto sobre los bienes personales;ley 23966 art 30;18,67315
2014;misiones;impuesto sobre los activos fondo educacion ley 23906;impuesto sobre los activos fondo educacion ley 23906;0,03356
2014;misiones;i.v.a.ley 23966 art 5 punto 2;i.v.a.ley 23966 art 5 punto 2;45,52086
2014;misiones;impuesto a los combustibles liquidos ley 23966 y 24699;obras de infraestructura;46,3147
2014;misiones;impuesto a los combustibles liquidos ley 23966 y 24699;vialidad provincial;109,2117
2014;misiones;impuesto a los combustibles liquidos ley 23966 y 24699;f.e.d.e.i.;28,14897
2014;misiones;impuesto a los combustibles liquidos ley 23966 y 24699;ley 24464 fo.na.vi;321,51282
2014;misiones;regimen de energia electrica ley 24065;fondo para compensaciones de tarifa electrica;19,2813
2014;misiones;regimen de energia electrica ley 24065;f.e.d.e.i.;14,73967
2014;misiones;fondo compensador de desequilibrios;fondo compensador de desequilibrios;26,4
2014;misiones;regimen simplificado para pequeños contribuyentes ley 24977 art 59 inciso a;regimen simplificado para pequeños contribuyentes ley 24977 art 59 inciso a;41,19449
2014;neuquen;coparticipacion federal de impuestos neta ley 26075;coparticipacion federal de impuestos neta ley 26075;3580,9275
2014;neuquen;financiamiento educativo ley 26075;financiamiento educativo ley 26075;448,34024
2014;neuquen;transferencia de servicios ley 24049;transferencia de servicios ley 24049;17,4
2014;neuquen;impuesto a las ganancias;obras de infraestructura basica social;214,60135
2014;neuquen;impuesto a las ganancias;excedente obras de caracter social a buenos aires;569,09123
2014;neuquen;impuesto a las ganancias;ley 24699;7,5564
2014;neuquen;impuesto sobre los bienes personales;ley 24699;132,22266
2014;neuquen;impuesto sobre los bienes personales;ley 23966 art 30;8,39784
2014;neuquen;impuesto sobre los activos fondo educacion ley 23906;impuesto sobre los activos fondo educacion ley 23906;0,02971
2014;neuquen;i.v.a.ley 23966 art 5 punto 2;i.v.a.ley 23966 art 5 punto 2;20,47201
2014;neuquen;impuesto a los combustibles liquidos ley 23966 y 24699;obras de infraestructura;24,33417
2014;neuquen;impuesto a los combustibles liquidos ley 23966 y 24699;vialidad provincial;86,43122
2014;neuquen;impuesto a los combustibles liquidos ley 23966 y 24699;f.e.d.e.i.;18,65175
2014;neuquen;impuesto a los combustibles liquidos ley 23966 y 24699;ley 24464 fo.na.vi;294,15003
2014;neuquen;regimen de energia electrica ley 24065;fondo para compensaciones de tarifa electrica;19,63284
2014;neuquen;regimen de energia electrica ley 24065;f.e.d.e.i.;8,72245
2014;neuquen;fondo compensador de desequilibrios;fondo compensador de desequilibrios;30
2014;neuquen;regimen simplificado para pequeños contribuyentes ley 24977 art 59 inciso a;regimen simplificado para pequeños contribuyentes ley 24977 art 59 inciso a;21,64397
2014;rio negro;coparticipacion federal de impuestos neta ley 26075;coparticipacion federal de impuestos neta ley 26075;5365,42471
2014;rio negro;financiamiento educativo ley 26075;financiamiento educativo ley 26075;492,3491
2014;rio negro;transferencia de servicios ley 24049;transferencia de servicios ley 24049;14,6
2014;rio negro;impuesto a las ganancias;obras de infraestructura basica social;260,93374
2014;rio negro;impuesto a las ganancias;excedente obras de caracter social a buenos aires;827,34935
2014;rio negro;impuesto a las ganancias;ley 24699;10,9848
2014;rio negro;impuesto sobre los bienes personales;ley 24699;192,2261
2014;rio negro;impuesto sobre los activos fondo educacion ley 23906;impuesto sobre los activos fondo educacion ley 23906;0,03442
2014;rio negro;impuesto a los combustibles liquidos ley 23966 y 24699;obras de infraestructura;35,37828
2014;rio negro;impuesto a los combustibles liquidos ley 23966 y 24699;vialidad provincial;72,86002
2014;rio negro;impuesto a los combustibles liquidos ley 23966 y 24699;f.e.d.e.i.;17,33081
2014;rio negro;impuesto a los combustibles liquidos ley 23966 y 24699;ley 24464 fo.na.vi;307,83143
2014;rio negro;regimen de energia electrica ley 24065;fondo para compensaciones de tarifa electrica;10,27466
2014;rio negro;regimen de energia electrica ley 24065;f.e.d.e.i.;8,10472
2014;rio negro;fondo compensador de desequilibrios;fondo compensador de desequilibrios;30
2014;rio negro;regimen simplificado para pequeños contribuyentes ley 24977 art 59 inciso a;regimen simplificado para pequeños contribuyentes ley 24977 art 59 inciso a;31,46712
2014;salta;coparticipacion federal de impuestos neta ley 26075;coparticipacion federal de impuestos neta ley 26075;7844,98825
2014;salta;financiamiento educativo ley 26075;financiamiento educativo ley 26075;1053,46204
2014;salta;transferencia de servicios ley 24049;transferencia de servicios ley 24049;39,8
2014;salta;impuesto a las ganancias;obras de infraestructura basica social;912,81734
2014;salta;impuesto a las ganancias;excedente obras de caracter social a buenos aires;1256,81986
2014;salta;impuesto a las ganancias;ley 24699;16,6872
2014;salta;impuesto sobre los bienes personales;ley 24699;292,00759
2014;salta;impuesto sobre los activos fondo educacion ley 23906;impuesto sobre los activos fondo educacion ley 23906;0,04567
2014;salta;impuesto a los combustibles liquidos ley 23966 y 24699;obras de infraestructura;53,74263
2014;salta;impuesto a los combustibles liquidos ley 23966 y 24699;vialidad provincial;108,16369
2014;salta;impuesto a los combustibles liquidos ley 23966 y 24699;f.e.d.e.i.;12,69767
2014;salta;impuesto a los combustibles liquidos ley 23966 y 24699;ley 24464 fo.na.vi;273,62793
2014;salta;regimen de energia electrica ley 24065;fondo para compensaciones de tarifa electrica;12,79105
2014;salta;regimen de energia electrica ley 24065;f.e.d.e.i.;5,04916
2014;salta;fondo compensador de desequilibrios;fondo compensador de desequilibrios;30
2014;salta;regimen simplificado para pequeños contribuyentes ley 24977 art 59 inciso a;regimen simplificado para pequeños contribuyentes ley 24977 art 59 inciso a;47,80124
2014;san juan;coparticipacion federal de impuestos neta ley 26075;coparticipacion federal de impuestos neta ley 26075;7261,76035
2014;san juan;financiamiento educativo ley 26075;financiamiento educativo ley 26075;585,86793
2014;san juan;transferencia de servicios ley 24049;transferencia de servicios ley 24049;30,1
2014;san juan;impuesto a las ganancias;obras de infraestructura basica social;290,48754
2014;san juan;impuesto a las ganancias;excedente obras de caracter social a buenos aires;1108,38045
2014;san juan;impuesto a las ganancias;ley 24699;14,7168
2014;san juan;impuesto sobre los bienes personales;ley 24699;257,52428
2014;san juan;impuesto sobre los activos fondo educacion ley 23906;impuesto sobre los activos fondo educacion ley 23906;0,02581
2014;san juan;impuesto a los combustibles liquidos ley 23966 y 24699;obras de infraestructura;47,39588
2014;san juan;impuesto a los combustibles liquidos ley 23966 y 24699;vialidad provincial;95,72746
2014;san juan;impuesto a los combustibles liquidos ley 23966 y 24699;f.e.d.e.i.;16,42564
2014;san juan;impuesto a los combustibles liquidos ley 23966 y 24699;ley 24464 fo.na.vi;249,68549
2014;san juan;regimen de energia electrica ley 24065;fondo para compensaciones de tarifa electrica;9,79921
2014;san juan;regimen de energia electrica ley 24065;f.e.d.e.i.;7,68141
2014;san juan;fondo compensador de desequilibrios;fondo compensador de desequilibrios;26,4
2014;san juan;regimen simplificado para pequeños contribuyentes ley 24977 art 59 inciso a;regimen simplificado para pequeños contribuyentes ley 24977 art 59 inciso a;42,15614
2014;san luis;coparticipacion federal de impuestos neta ley 26075;coparticipacion federal de impuestos neta ley 26075;4927,50119
2014;san luis;financiamiento educativo ley 26075;financiamiento educativo ley 26075;371,32474
2014;san luis;transferencia de servicios ley 24049;transferencia de servicios ley 24049;18,9
2014;san luis;impuesto a las ganancias;obras de infraestructura basica social;153,4616
2014;san luis;impuesto a las ganancias;excedente obras de caracter social a buenos aires;748,39608
2014;san luis;impuesto a las ganancias;ley 24699;9,9372
2014;san luis;impuesto sobre los bienes personales;ley 24699;173,88392
2014;san luis;impuesto sobre los activos fondo educacion ley 23906;impuesto sobre los activos fondo educacion ley 23906;0,02135
2014;san luis;impuesto a los combustibles liquidos ley 23966 y 24699;obras de infraestructura;32,00157
2014;san luis;impuesto a los combustibles liquidos ley 23966 y 24699;vialidad provincial;79,80138
2014;san luis;impuesto a los combustibles liquidos ley 23966 y 24699;f.e.d.e.i.;16,09093
2014;san luis;impuesto a los combustibles liquidos ley 23966 y 24699;ley 24464 fo.na.vi;249,68549
2014;san luis;regimen de energia electrica ley 24065;fondo para compensaciones de tarifa electrica;10,86521
2014;san luis;regimen de energia electrica ley 24065;f.e.d.e.i.;7,52489
2014;san luis;fondo compensador de desequilibrios;fondo compensador de desequilibrios;26,4
2014;san luis;regimen simplificado para pequeños contribuyentes ley 24977 art 59 inciso a;regimen simplificado para pequeños contribuyentes ley 24977 art 59 inciso a;28,46371
2014;santa cruz;coparticipacion federal de impuestos neta ley 26075;coparticipacion federal de impuestos neta ley 26075;3456,99792
2014;santa cruz;financiamiento educativo ley 26075;financiamiento educativo ley 26075;214,54318
2014;santa cruz;transferencia de servicios ley 24049;transferencia de servicios ley 24049;8,5
2014;santa cruz;impuesto a las ganancias;obras de infraestructura basica social;55,90012
2014;santa cruz;impuesto a las ganancias;excedente obras de caracter social a buenos aires;518,56529
2014;santa cruz;impuesto a las ganancias;ley 24699;6,8856
2014;santa cruz;impuesto sobre los bienes personales;ley 24699;120,48366
2014;santa cruz;impuesto sobre los bienes personales;ley 23966 art 30;10,88874
2014;santa cruz;impuesto sobre los activos fondo educacion ley 23906;impuesto sobre los activos fondo educacion ley 23906;0,02138
2014;santa cruz;i.v.a.ley 23966 art 5 punto 2;i.v.a.ley 23966 art 5 punto 2;26,54425
2014;santa cruz;impuesto a los combustibles liquidos ley 23966 y 24699;obras de infraestructura;22,17466
2014;santa cruz;impuesto a los combustibles liquidos ley 23966 y 24699;vialidad provincial;79,4514
2014;santa cruz;impuesto a los combustibles liquidos ley 23966 y 24699;f.e.d.e.i.;22,64084
2014;santa cruz;impuesto a los combustibles liquidos ley 23966 y 24699;ley 24464 fo.na.vi;218,90235
2014;santa cruz;regimen de energia electrica ley 24065;fondo para compensaciones de tarifa electrica;17,07073
2014;santa cruz;regimen de energia electrica ley 24065;transferencia a empresas de energia electrica;30
2014;santa cruz;regimen de energia electrica ley 24065;f.e.d.e.i.;10,58794
2014;santa cruz;fondo compensador de desequilibrios;fondo compensador de desequilibrios;36
2014;santa cruz;regimen simplificado para pequeños contribuyentes ley 24977 art 59 inciso a;regimen simplificado para pequeños contribuyentes ley 24977 art 59 inciso a;19,7232
2014;santa fe;coparticipacion federal de impuestos neta ley 26075;coparticipacion federal de impuestos neta ley 26075;18927,27891
2014;santa fe;financiamiento educativo ley 26075;financiamiento educativo ley 26075;1820,86651
2014;santa fe;transferencia de servicios ley 24049;transferencia de servicios ley 24049;135,489
2014;santa fe;impuesto a las ganancias;obras de infraestructura basica social;1171,66412
2014;santa fe;impuesto a las ganancias;excedente obras de caracter social a buenos aires;2930,42687
2014;santa fe;impuesto a las ganancias;ley 24699;38,91
2014;santa fe;impuesto sobre los bienes personales;ley 24699;680,86193
2014;santa fe;impuesto sobre los bienes personales;ley 23966 art 30;146,85449
2014;santa fe;impuesto sobre los activos fondo educacion ley 23906;impuesto sobre los activos fondo educacion ley 23906;0,08665
2014;santa fe;i.v.a.ley 23966 art 5 punto 2;i.v.a.ley 23966 art 5 punto 2;357,99753
2014;santa fe;impuesto a los combustibles liquidos ley 23966 y 24699;obras de infraestructura;155,3083
2014;santa fe;impuesto a los combustibles liquidos ley 23966 y 24699;vialidad provincial;198,69928
2014;santa fe;impuesto a los combustibles liquidos ley 23966 y 24699;f.e.d.e.i.;14,26573
2014;santa fe;impuesto a los combustibles liquidos ley 23966 y 24699;ley 24464 fo.na.vi;386,49946
2014;santa fe;regimen de energia electrica ley 24065;fondo para compensaciones de tarifa electrica;7,86363
2014;santa fe;regimen de energia electrica ley 24065;f.e.d.e.i.;6,67134
2014;santa fe;fondo compensador de desequilibrios;fondo compensador de desequilibrios;6
2014;santa fe;regimen simplificado para pequeños contribuyentes ley 24977 art 59 inciso a;regimen simplificado para pequeños contribuyentes ley 24977 art 59 inciso a;111,45515
2014;sgo. del estero;coparticipacion federal de impuestos neta ley 26075;coparticipacion federal de impuestos neta ley 26075;8631,60245
2014;sgo. del estero;financiamiento educativo ley 26075;financiamiento educativo ley 26075;959,94322
2014;sgo. del estero;transferencia de servicios ley 24049;transferencia de servicios ley 24049;31,6
2014;sgo. del estero;impuesto a las ganancias;obras de infraestructura basica social;673,11332
2014;sgo. del estero;impuesto a las ganancias;excedente obras de caracter social a buenos aires;1354,70739
2014;sgo. del estero;impuesto a las ganancias;ley 24699;17,9879
2014;sgo. del estero;impuesto sobre los bienes personales;ley 24699;314,7519
2014;sgo. del estero;impuesto sobre los activos fondo educacion ley 23906;impuesto sobre los activos fondo educacion ley 23906;0,04304
2014;sgo. del estero;impuesto a los combustibles liquidos ley 23966 y 24699;obras de infraestructura;57,92845
2014;sgo. del estero;impuesto a los combustibles liquidos ley 23966 y 24699;vialidad provincial;116,81913
2014;sgo. del estero;impuesto a los combustibles liquidos ley 23966 y 24699;f.e.d.e.i.;19,02073
2014;sgo. del estero;impuesto a los combustibles liquidos ley 23966 y 24699;ley 24464 fo.na.vi;294,15003
2014;sgo. del estero;regimen de energia electrica ley 24065;fondo para compensaciones de tarifa electrica;13,1089
2014;sgo. del estero;regimen de energia electrica ley 24065;f.e.d.e.i.;8,895
2014;sgo. del estero;fondo compensador de desequilibrios;fondo compensador de desequilibrios;26,4
2014;sgo. del estero;regimen simplificado para pequeños contribuyentes ley 24977 art 59 inciso a;regimen simplificado para pequeños contribuyentes ley 24977 art 59 inciso a;51,52431
2014;tucuman;coparticipacion federal de impuestos neta ley 26075;coparticipacion federal de impuestos neta ley 26075;9900,57985
2014;tucuman;financiamiento educativo ley 26075;financiamiento educativo ley 26075;1144,23032
2014;tucuman;transferencia de servicios ley 24049;transferencia de servicios ley 24049;55,8
2014;tucuman;impuesto a las ganancias;obras de infraestructura basica social;851,23813
2014;tucuman;impuesto a las ganancias;excedente obras de caracter social a buenos aires;1559,94958
2014;tucuman;impuesto a las ganancias;ley 24699;20,7132
2014;tucuman;impuesto sobre los bienes personales;ley 24699;362,44159
2014;tucuman;impuesto sobre los activos fondo educacion ley 23906;impuesto sobre los activos fondo educacion ley 23906;0,03906
2014;tucuman;impuesto a los combustibles liquidos ley 23966 y 24699;obras de infraestructura;66,70536
2014;tucuman;impuesto a los combustibles liquidos ley 23966 y 24699;vialidad provincial;96,90087
2014;tucuman;impuesto a los combustibles liquidos ley 23966 y 24699;f.e.d.e.i.;14,6501
2014;tucuman;impuesto a los combustibles liquidos ley 23966 y 24699;ley 24464 fo.na.vi;287,30933
2014;tucuman;regimen de energia electrica ley 24065;fondo para compensaciones de tarifa electrica;13,77027
2014;tucuman;regimen de energia electrica ley 24065;f.e.d.e.i.;6,85109
2014;tucuman;fondo compensador de desequilibrios;fondo compensador de desequilibrios;26,4
2014;tucuman;regimen simplificado para pequeños contribuyentes ley 24977 art 59 inciso a;regimen simplificado para pequeños contribuyentes ley 24977 art 59 inciso a;59,33091
2014;tierra del fuego;coparticipacion federal de impuestos neta ley 26075;coparticipacion federal de impuestos neta ley 26075;2745,94573
2014;tierra del fuego;financiamiento educativo ley 26075;financiamiento educativo ley 26075;121,02436
2014;tierra del fuego;transferencia de servicios ley 24049;transferencia de servicios ley 24049;12
2014;tierra del fuego;impuesto a las ganancias;obras de infraestructura basica social;39,22927
2014;tierra del fuego;impuesto a las ganancias;excedente obras de caracter social a buenos aires;404,41504
2014;tierra del fuego;impuesto a las ganancias;ley 24699;5,37
2014;tierra del fuego;impuesto sobre los bienes personales;ley 24699;93,95924
2014;tierra del fuego;impuesto sobre los bienes personales;ley 23966 art 30;0,96585
2014;tierra del fuego;impuesto sobre los activos fondo educacion ley 23906;impuesto sobre los activos fondo educacion ley 23906;0,0102
2014;tierra del fuego;i.v.a.ley 23966 art 5 punto 2;i.v.a.ley 23966 art 5 punto 2;2,35453
2014;tierra del fuego;impuesto a los combustibles liquidos ley 23966 y 24699;obras de infraestructura;17,29309
2014;tierra del fuego;impuesto a los combustibles liquidos ley 23966 y 24699;vialidad provincial;46,29407
2014;tierra del fuego;impuesto a los combustibles liquidos ley 23966 y 24699;f.e.d.e.i.;16,64991
2014;tierra del fuego;impuesto a los combustibles liquidos ley 23966 y 24699;ley 24464 fo.na.vi;181,27851
2014;tierra del fuego;regimen de energia electrica ley 24065;fondo para compensaciones de tarifa electrica;7,78454
2014;tierra del fuego;regimen de energia electrica ley 24065;f.e.d.e.i.;7,7863
2014;tierra del fuego;fondo compensador de desequilibrios;fondo compensador de desequilibrios;36
2014;tierra del fuego;regimen simplificado para pequeños contribuyentes ley 24977 art 59 inciso a;regimen simplificado para pequeños contribuyentes ley 24977 art 59 inciso a;15,38129
2014;c.a.b.a;coparticipacion federal de impuestos neta ley 26075;coparticipacion federal de impuestos neta ley 26075;4291,89509
2014;c.a.b.a;financiamiento educativo ley 26075;financiamiento educativo ley 26075;1466,04509
2014;c.a.b.a;impuesto sobre los activos fondo educacion ley 23906;impuesto sobre los activos fondo educacion ley 23906;0,03717
2014;c.a.b.a;impuesto a los combustibles liquidos ley 23966 y 24699;ley 24464 fo.na.vi;88,92908
2014;tesoro nacional;coparticipacion federal de impuestos neta ley 26075;coparticipacion federal de impuestos neta ley 26075;165499,6522
2014;tesoro nacional;impuesto sobre los bienes personales;ley 24699;5589,23237
2014;tesoro nacional;impuesto sobre los activos fondo educacion ley 23906;impuesto sobre los activos fondo educacion ley 23906;0,56198
2014;tesoro nacional;impuesto a los combustibles liquidos ley 23966 y 24699;vialidad provincial;4723,33938
2014;seguridad social;coparticipacion federal de impuestos neta ley 26075;coparticipacion federal de impuestos neta ley 26075;72676,06621
2014;seguridad social;impuesto a las ganancias;obras de infraestructura basica social;53174,68466
2014;seguridad social;impuesto a las ganancias;ley 24699;120
2014;seguridad social;i.v.a.ley 23966 art 5 punto 2;i.v.a.ley 23966 art 5 punto 2;32721,57872
2014;seguridad social;regimen simplificado para pequeños contribuyentes ley 24977 art 59 inciso a;regimen simplificado para pequeños contribuyentes ley 24977 art 59 inciso a;2940,8134
2014;fondo a.t.n.;coparticipacion federal de impuestos neta ley 26075;coparticipacion federal de impuestos neta ley 26075;4112,81442
2014;fondo a.t.n.;impuesto a las ganancias;obras de infraestructura basica social;5317,46847
2014;fondo a.t.n.;impuesto a las ganancias;ley 24699;20
2014;fondo a.t.n.;impuesto sobre los bienes personales;ley 24699;134,22748
2015;buenos aires;coparticipacion federal de impuestos neta ley 26075;coparticipacion federal de impuestos neta ley 26075;48131,9741
2015;buenos aires;financiamiento educativo ley 26075;financiamiento educativo ley 26075;21610,4789
2015;buenos aires;transferencia de servicios ley 24049;transferencia de servicios ley 24049;420,1008
2015;buenos aires;impuesto a las ganancias;obras de infraestructura basica social;650
2015;buenos aires;impuesto a las ganancias;ley 24699;95,6088
2015;buenos aires;impuesto sobre los bienes personales;ley 24699;2130,2081
2015;buenos aires;impuesto sobre los bienes personales;ley 23966 art 30;507,1403
2015;buenos aires;impuesto sobre los activos fondo educacion ley 23906;impuesto sobre los activos fondo educacion ley 23906;0,2167
2015;buenos aires;i.v.a.ley 23966 art 5 punto 2;i.v.a.ley 23966 art 5 punto 2;1284,0112
2015;buenos aires;impuesto a los combustibles liquidos ley 23966 y 24699;obras de infraestructura;349,5641
2015;buenos aires;impuesto a los combustibles liquidos ley 23966 y 24699;vialidad provincial;763,713
2015;buenos aires;impuesto a los combustibles liquidos ley 23966 y 24699;f.e.d.e.i.;19,13407764
2015;buenos aires;impuesto a los combustibles liquidos ley 23966 y 24699;ley 24464 fo.na.vi;1222,7666
2015;buenos aires;regimen de energia electrica ley 24065;fondo para compensaciones de tarifa electrica;8,1298
2015;buenos aires;regimen de energia electrica ley 24065;f.e.d.e.i.;6,38093543
2015;buenos aires;regimen simplificado para pequeños contribuyentes ley 24977 art 59 inciso a;regimen simplificado para pequeños contribuyentes ley 24977 art 59 inciso a;369,6377
2015;catamarca;coparticipacion federal de impuestos neta ley 26075;coparticipacion federal de impuestos neta ley 26075;7611,7963
2015;catamarca;financiamiento educativo ley 26075;financiamiento educativo ley 26075;1135,6457
2015;catamarca;transferencia de servicios ley 24049;transferencia de servicios ley 24049;21,3996
2015;catamarca;impuesto a las ganancias;obras de infraestructura basica social;264,4712
2015;catamarca;impuesto a las ganancias;excedente obras de caracter social a buenos aires;1293,7655
2015;catamarca;impuesto a las ganancias;ley 24699;11,9916
2015;catamarca;impuesto sobre los bienes personales;ley 24699;267,1813
2015;catamarca;impuesto sobre los activos fondo educacion ley 23906;impuesto sobre los activos fondo educacion ley 23906;0,0162
2015;catamarca;impuesto a los combustibles liquidos ley 23966 y 24699;obras de infraestructura;47,6076
2015;catamarca;impuesto a los combustibles liquidos ley 23966 y 24699;vialidad provincial;84,9016
2015;catamarca;impuesto a los combustibles liquidos ley 23966 y 24699;f.e.d.e.i.;28,83783675
2015;catamarca;impuesto a los combustibles liquidos ley 23966 y 24699;ley 24464 fo.na.vi;177,0902
2015;catamarca;regimen de energia electrica ley 24065;fondo para compensaciones de tarifa electrica;12,2348
2015;catamarca;regimen de energia electrica ley 24065;f.e.d.e.i.;9,57178369
2015;catamarca;fondo compensador de desequilibrios;fondo compensador de desequilibrios;26,4
2015;catamarca;regimen simplificado para pequeños contribuyentes ley 24977 art 59 inciso a;regimen simplificado para pequeños contribuyentes ley 24977 art 59 inciso a;46,3625
2015;cordoba;coparticipacion federal de impuestos neta ley 26075;coparticipacion federal de impuestos neta ley 26075;23673,0396
2015;cordoba;financiamiento educativo ley 26075;financiamiento educativo ley 26075;4914,4914
2015;cordoba;transferencia de servicios ley 24049;transferencia de servicios ley 24049;125,3004
2015;cordoba;impuesto a las ganancias;obras de infraestructura basica social;1425,564
2015;cordoba;impuesto a las ganancias;excedente obras de caracter social a buenos aires;4170,7403
2015;cordoba;impuesto a las ganancias;ley 24699;38,658
2015;cordoba;impuesto sobre los bienes personales;ley 24699;861,3324
2015;cordoba;impuesto sobre los bienes personales;ley 23966 art 30;173,1905
2015;cordoba;impuesto sobre los activos fondo educacion ley 23906;impuesto sobre los activos fondo educacion ley 23906;0,0599
2015;cordoba;i.v.a.ley 23966 art 5 punto 2;i.v.a.ley 23966 art 5 punto 2;438,4953
2015;cordoba;impuesto a los combustibles liquidos ley 23966 y 24699;obras de infraestructura;153,4747
2015;cordoba;impuesto a los combustibles liquidos ley 23966 y 24699;vialidad provincial;268,9736
2015;cordoba;impuesto a los combustibles liquidos ley 23966 y 24699;f.e.d.e.i.;19,13407764
2015;cordoba;impuesto a los combustibles liquidos ley 23966 y 24699;ley 24464 fo.na.vi;476,4574
2015;cordoba;regimen de energia electrica ley 24065;fondo para compensaciones de tarifa electrica;7,6742
2015;cordoba;regimen de energia electrica ley 24065;f.e.d.e.i.;6,35093543
2015;cordoba;fondo compensador de desequilibrios;fondo compensador de desequilibrios;6
2015;cordoba;regimen simplificado para pequeños contribuyentes ley 24977 art 59 inciso a;regimen simplificado para pequeños contribuyentes ley 24977 art 59 inciso a;149,4607
2015;corrientes;coparticipacion federal de impuestos neta ley 26075;coparticipacion federal de impuestos neta ley 26075;9627,6735
2015;corrientes;financiamiento educativo ley 26075;financiamiento educativo ley 26075;2178,3151
2015;corrientes;transferencia de servicios ley 24049;transferencia de servicios ley 24049;38,6004
2015;corrientes;impuesto a las ganancias;obras de infraestructura basica social;973,6646
2015;corrientes;impuesto a las ganancias;excedente obras de caracter social a buenos aires;1746,1375
2015;corrientes;impuesto a las ganancias;ley 24699;16,1844
2015;corrientes;impuesto sobre los bienes personales;ley 24699;360,6012
2015;corrientes;impuesto sobre los bienes personales;ley 23966 art 30;55,3782
2015;corrientes;impuesto sobre los activos fondo educacion ley 23906;impuesto sobre los activos fondo educacion ley 23906;0,0269
2015;corrientes;i.v.a.ley 23966 art 5 punto 2;i.v.a.ley 23966 art 5 punto 2;140,2108
2015;corrientes;impuesto a los combustibles liquidos ley 23966 y 24699;obras de infraestructura;64,253
2015;corrientes;impuesto a los combustibles liquidos ley 23966 y 24699;vialidad provincial;109,7174
2015;corrientes;impuesto a los combustibles liquidos ley 23966 y 24699;f.e.d.e.i.;24,10792068
2015;corrientes;impuesto a los combustibles liquidos ley 23966 y 24699;ley 24464 fo.na.vi;417,4271
2015;corrientes;regimen de energia electrica ley 24065;fondo para compensaciones de tarifa electrica;10,5505
2015;corrientes;regimen de energia electrica ley 24065;f.e.d.e.i.;8,04025081
2015;corrientes;fondo compensador de desequilibrios;fondo compensador de desequilibrios;18
2015;corrientes;regimen simplificado para pequeños contribuyentes ley 24977 art 59 inciso a;regimen simplificado para pequeños contribuyentes ley 24977 art 59 inciso a;62,5724
2015;chaco;coparticipacion federal de impuestos neta ley 26075;coparticipacion federal de impuestos neta ley 26075;13412,5887
2015;chaco;financiamiento educativo ley 26075;financiamiento educativo ley 26075;2430,6804
2015;chaco;transferencia de servicios ley 24049;transferencia de servicios ley 24049;33,6
2015;chaco;impuesto a las ganancias;obras de infraestructura basica social;1213,8812
2015;chaco;impuesto a las ganancias;excedente obras de caracter social a buenos aires;2343,2317
2015;chaco;impuesto a las ganancias;ley 24699;21,7188
2015;chaco;impuesto sobre los bienes personales;ley 24699;483,9157
2015;chaco;impuesto sobre los bienes personales;ley 23966 art 30;43,5367
2015;chaco;impuesto sobre los activos fondo educacion ley 23906;impuesto sobre los activos fondo educacion ley 23906;0,0351
2015;chaco;i.v.a.ley 23966 art 5 punto 2;i.v.a.ley 23966 art 5 punto 2;110,2293
2015;chaco;impuesto a los combustibles liquidos ley 23966 y 24699;obras de infraestructura;86,226
2015;chaco;impuesto a los combustibles liquidos ley 23966 y 24699;vialidad provincial;132,5569
2015;chaco;impuesto a los combustibles liquidos ley 23966 y 24699;f.e.d.e.i.;25,72760141
2015;chaco;impuesto a los combustibles liquidos ley 23966 y 24699;ley 24464 fo.na.vi;387,9122
2015;chaco;regimen de energia electrica ley 24065;fondo para compensaciones de tarifa electrica;11,0874
2015;chaco;regimen de energia electrica ley 24065;f.e.d.e.i.;8,53944158
2015;chaco;fondo compensador de desequilibrios;fondo compensador de desequilibrios;6
2015;chaco;regimen simplificado para pequeños contribuyentes ley 24977 art 59 inciso a;regimen simplificado para pequeños contribuyentes ley 24977 art 59 inciso a;83,9709
2015;chubut;coparticipacion federal de impuestos neta ley 26075;coparticipacion federal de impuestos neta ley 26075;4026,4604
2015;chubut;financiamiento educativo ley 26075;financiamiento educativo ley 26075;996,1808
2015;chubut;transferencia de servicios ley 24049;transferencia de servicios ley 24049;24,2004
2015;chubut;impuesto a las ganancias;obras de infraestructura basica social;267,3061
2015;chubut;impuesto a las ganancias;excedente obras de caracter social a buenos aires;742,8563
2015;chubut;impuesto a las ganancias;ley 24699;6,8856
2015;chubut;impuesto sobre los bienes personales;ley 24699;153,4113
2015;chubut;impuesto sobre los bienes personales;ley 23966 art 30;17,0308
2015;chubut;impuesto sobre los activos fondo educacion ley 23906;impuesto sobre los activos fondo educacion ley 23906;0,0162
2015;chubut;i.v.a.ley 23966 art 5 punto 2;i.v.a.ley 23966 art 5 punto 2;43,1195
2015;chubut;impuesto a los combustibles liquidos ley 23966 y 24699;obras de infraestructura;27,3359
2015;chubut;impuesto a los combustibles liquidos ley 23966 y 24699;vialidad provincial;119,2181
2015;chubut;impuesto a los combustibles liquidos ley 23966 y 24699;f.e.d.e.i.;26,8574749
2015;chubut;impuesto a los combustibles liquidos ley 23966 y 24699;ley 24464 fo.na.vi;269,8517
2015;chubut;regimen de energia electrica ley 24065;fondo para compensaciones de tarifa electrica;17,2984
2015;chubut;regimen de energia electrica ley 24065;f.e.d.e.i.;8,95345918
2015;chubut;fondo compensador de desequilibrios;fondo compensador de desequilibrios;36
2015;chubut;regimen simplificado para pequeños contribuyentes ley 24977 art 59 inciso a;regimen simplificado para pequeños contribuyentes ley 24977 art 59 inciso a;26,6209
2015;entre rios;coparticipacion federal de impuestos neta ley 26075;coparticipacion federal de impuestos neta ley 26075;13341,7967
2015;entre rios;financiamiento educativo ley 26075;financiamiento educativo ley 26075;2165,0328
2015;entre rios;transferencia de servicios ley 24049;transferencia de servicios ley 24049;67,4988
2015;entre rios;impuesto a las ganancias;obras de infraestructura basica social;708,4276
2015;entre rios;impuesto a las ganancias;excedente obras de caracter social a buenos aires;2293,4801
2015;entre rios;impuesto a las ganancias;ley 24699;21,258
2015;entre rios;impuesto sobre los bienes personales;ley 24699;473,6395
2015;entre rios;impuesto sobre los bienes personales;ley 23966 art 30;75,161
2015;entre rios;impuesto sobre los activos fondo educacion ley 23906;impuesto sobre los activos fondo educacion ley 23906;0,0278
2015;entre rios;i.v.a.ley 23966 art 5 punto 2;i.v.a.ley 23966 art 5 punto 2;190,2971
2015;entre rios;impuesto a los combustibles liquidos ley 23966 y 24699;obras de infraestructura;84,3936
2015;entre rios;impuesto a los combustibles liquidos ley 23966 y 24699;vialidad provincial;207,6881
2015;entre rios;impuesto a los combustibles liquidos ley 23966 y 24699;f.e.d.e.i.;22,02539734
2015;entre rios;impuesto a los combustibles liquidos ley 23966 y 24699;ley 24464 fo.na.vi;328,882
2015;entre rios;regimen de energia electrica ley 24065;fondo para compensaciones de tarifa electrica;11,0988
2015;entre rios;regimen de energia electrica ley 24065;f.e.d.e.i.;7,34902511
2015;entre rios;fondo compensador de desequilibrios;fondo compensador de desequilibrios;21,6
2015;entre rios;regimen simplificado para pequeños contribuyentes ley 24977 art 59 inciso a;regimen simplificado para pequeños contribuyentes ley 24977 art 59 inciso a;82,1865
2015;formosa;coparticipacion federal de impuestos neta ley 26075;coparticipacion federal de impuestos neta ley 26075;10100,2397
2015;formosa;financiamiento educativo ley 26075;financiamiento educativo ley 26075;1461,0652
2015;formosa;transferencia de servicios ley 24049;transferencia de servicios ley 24049;20,7012
2015;formosa;impuesto a las ganancias;obras de infraestructura basica social;666,1962
2015;formosa;impuesto a las ganancias;excedente obras de caracter social a buenos aires;1709,9477
2015;formosa;impuesto a las ganancias;ley 24699;15,8496
2015;formosa;impuesto sobre los bienes personales;ley 24699;353,1276
2015;formosa;impuesto sobre los bienes personales;ley 23966 art 30;20,2803
2015;formosa;impuesto sobre los activos fondo educacion ley 23906;impuesto sobre los activos fondo educacion ley 23906;0,0189
2015;formosa;i.v.a.ley 23966 art 5 punto 2;i.v.a.ley 23966 art 5 punto 2;51,3468
2015;formosa;impuesto a los combustibles liquidos ley 23966 y 24699;obras de infraestructura;62,922
2015;formosa;impuesto a los combustibles liquidos ley 23966 y 24699;vialidad provincial;87,3505
2015;formosa;impuesto a los combustibles liquidos ley 23966 y 24699;f.e.d.e.i.;29,7295746
2015;formosa;impuesto a los combustibles liquidos ley 23966 y 24699;ley 24464 fo.na.vi;337,315
2015;formosa;regimen de energia electrica ley 24065;fondo para compensaciones de tarifa electrica;11,7798
2015;formosa;regimen de energia electrica ley 24065;f.e.d.e.i.;9,86776666
2015;formosa;fondo compensador de desequilibrios;fondo compensador de desequilibrios;26,4
2015;formosa;regimen simplificado para pequeños contribuyentes ley 24977 art 59 inciso a;regimen simplificado para pequeños contribuyentes ley 24977 art 59 inciso a;61,2763
2015;jujuy;coparticipacion federal de impuestos neta ley 26075;coparticipacion federal de impuestos neta ley 26075;7608,1348
2015;jujuy;financiamiento educativo ley 26075;financiamiento educativo ley 26075;1414,5766
2015;jujuy;transferencia de servicios ley 24049;transferencia de servicios ley 24049;33,3
2015;jujuy;impuesto a las ganancias;obras de infraestructura basica social;605,3967
2015;jujuy;impuesto a las ganancias;excedente obras de caracter social a buenos aires;1334,4884
2015;jujuy;impuesto a las ganancias;ley 24699;12,3696
2015;jujuy;impuesto sobre los bienes personales;ley 24699;275,5889
2015;jujuy;impuesto sobre los activos fondo educacion ley 23906;impuesto sobre los activos fondo educacion ley 23906;0,0172
2015;jujuy;impuesto a los combustibles liquidos ley 23966 y 24699;obras de infraestructura;49,1045
2015;jujuy;impuesto a los combustibles liquidos ley 23966 y 24699;vialidad provincial;81,3955
2015;jujuy;impuesto a los combustibles liquidos ley 23966 y 24699;f.e.d.e.i.;23,69000516
2015;jujuy;impuesto a los combustibles liquidos ley 23966 y 24699;ley 24464 fo.na.vi;252,9862
2015;jujuy;regimen de energia electrica ley 24065;fondo para compensaciones de tarifa electrica;13,0215
2015;jujuy;regimen de energia electrica ley 24065;f.e.d.e.i.;7,96293521
2015;jujuy;fondo compensador de desequilibrios;fondo compensador de desequilibrios;26,4
2015;jujuy;regimen simplificado para pequeños contribuyentes ley 24977 art 59 inciso a;regimen simplificado para pequeños contribuyentes ley 24977 art 59 inciso a;47,8202
2015;la pampa;coparticipacion federal de impuestos neta ley 26075;coparticipacion federal de impuestos neta ley 26075;5220,3501
2015;la pampa;financiamiento educativo ley 26075;financiamiento educativo ley 26075;743,815
2015;la pampa;transferencia de servicios ley 24049;transferencia de servicios ley 24049;19,2
2015;la pampa;impuesto a las ganancias;obras de infraestructura basica social;90,2292
2015;la pampa;impuesto a las ganancias;excedente obras de caracter social a buenos aires;882,1163
2015;la pampa;impuesto a las ganancias;ley 24699;8,1756
2015;la pampa;impuesto sobre los bienes personales;ley 24699;182,169
2015;la pampa;impuesto sobre los bienes personales;ley 23966 art 30;14,6713
2015;la pampa;impuesto sobre los activos fondo educacion ley 23906;impuesto sobre los activos fondo educacion ley 23906;0,0142
2015;la pampa;i.v.a.ley 23966 art 5 punto 2;i.v.a.ley 23966 art 5 punto 2;37,1454
2015;la pampa;impuesto a los combustibles liquidos ley 23966 y 24699;obras de infraestructura;32,4591
2015;la pampa;impuesto a los combustibles liquidos ley 23966 y 24699;vialidad provincial;94,6535
2015;la pampa;impuesto a los combustibles liquidos ley 23966 y 24699;f.e.d.e.i.;21,29706022
2015;la pampa;impuesto a los combustibles liquidos ley 23966 y 24699;ley 24464 fo.na.vi;168,6574
2015;la pampa;regimen de energia electrica ley 24065;fondo para compensaciones de tarifa electrica;14,8422
2015;la pampa;regimen de energia electrica ley 24065;f.e.d.e.i.;7,068867
2015;la pampa;fondo compensador de desequilibrios;fondo compensador de desequilibrios;30
2015;la pampa;regimen simplificado para pequeños contribuyentes ley 24977 art 59 inciso a;regimen simplificado para pequeños contribuyentes ley 24977 art 59 inciso a;31,6102
2015;la rioja;coparticipacion federal de impuestos neta ley 26075;coparticipacion federal de impuestos neta ley 26075;5679,3118
2015;la rioja;financiamiento educativo ley 26075;financiamiento educativo ley 26075;896,5626
2015;la rioja;transferencia de servicios ley 24049;transferencia de servicios ley 24049;20,2992
2015;la rioja;impuesto a las ganancias;obras de infraestructura basica social;257,1653
2015;la rioja;impuesto a las ganancias;excedente obras de caracter social a buenos aires;972,5906
2015;la rioja;impuesto a las ganancias;ley 24699;9,0144
2015;la rioja;impuesto sobre los bienes personales;ley 24699;200,8529
2015;la rioja;impuesto sobre los activos fondo educacion ley 23906;impuesto sobre los activos fondo educacion ley 23906;0,014
2015;la rioja;impuesto a los combustibles liquidos ley 23966 y 24699;obras de infraestructura;35,7886
2015;la rioja;impuesto a los combustibles liquidos ley 23966 y 24699;vialidad provincial;83,1025
2015;la rioja;impuesto a los combustibles liquidos ley 23966 y 24699;f.e.d.e.i.;28,05933996
2015;la rioja;impuesto a los combustibles liquidos ley 23966 y 24699;ley 24464 fo.na.vi;168,6574
2015;la rioja;regimen de energia electrica ley 24065;fondo para compensaciones de tarifa electrica;12,0913
2015;la rioja;regimen de energia electrica ley 24065;f.e.d.e.i.;9,31338668
2015;la rioja;fondo compensador de desequilibrios;fondo compensador de desequilibrios;26,4
2015;la rioja;regimen simplificado para pequeños contribuyentes ley 24977 art 59 inciso a;regimen simplificado para pequeños contribuyentes ley 24977 art 59 inciso a;34,8527
2015;mendoza;coparticipacion federal de impuestos neta ley 26075;coparticipacion federal de impuestos neta ley 26075;10268,2456
2015;mendoza;financiamiento educativo ley 26075;financiamiento educativo ley 26075;2975,2593
2015;mendoza;transferencia de servicios ley 24049;transferencia de servicios ley 24049;61,6992
2015;mendoza;impuesto a las ganancias;obras de infraestructura basica social;887,7295
2015;mendoza;impuesto a las ganancias;excedente obras de caracter social a buenos aires;1958,7433
2015;mendoza;impuesto a las ganancias;ley 24699;18,1548
2015;mendoza;impuesto sobre los bienes personales;ley 24699;404,5086
2015;mendoza;impuesto sobre los activos fondo educacion ley 23906;impuesto sobre los activos fondo educacion ley 23906;0,0296
2015;mendoza;impuesto a los combustibles liquidos ley 23966 y 24699;obras de infraestructura;72,0769
2015;mendoza;impuesto a los combustibles liquidos ley 23966 y 24699;vialidad provincial;164,7074
2015;mendoza;impuesto a los combustibles liquidos ley 23966 y 24699;f.e.d.e.i.;21,77948891
2015;mendoza;impuesto a los combustibles liquidos ley 23966 y 24699;ley 24464 fo.na.vi;337,315
2015;mendoza;regimen de energia electrica ley 24065;fondo para compensaciones de tarifa electrica;8,5042
2015;mendoza;regimen de energia electrica ley 24065;f.e.d.e.i.;7,22899358
2015;mendoza;fondo compensador de desequilibrios;fondo compensador de desequilibrios;26,4
2015;mendoza;regimen simplificado para pequeños contribuyentes ley 24977 art 59 inciso a;regimen simplificado para pequeños contribuyentes ley 24977 art 59 inciso a;70,192
2015;misiones;coparticipacion federal de impuestos neta ley 26075;coparticipacion federal de impuestos neta ley 26075;7953,8736
2015;misiones;financiamiento educativo ley 26075;financiamiento educativo ley 26075;2536,94
2015;misiones;transferencia de servicios ley 24049;transferencia de servicios ley 24049;34,1004
2015;misiones;impuesto a las ganancias;obras de infraestructura basica social;1046,164
2015;misiones;impuesto a las ganancias;excedente obras de caracter social a buenos aires;1551,5898
2015;misiones;impuesto a las ganancias;ley 24699;14,382
2015;misiones;impuesto sobre los bienes personales;ley 24699;320,4306
2015;misiones;impuesto sobre los bienes personales;ley 23966 art 30;23,7765
2015;misiones;impuesto sobre los activos fondo educacion ley 23906;impuesto sobre los activos fondo educacion ley 23906;0,0222
2015;misiones;i.v.a.ley 23966 art 5 punto 2;i.v.a.ley 23966 art 5 punto 2;60,1987
2015;misiones;impuesto a los combustibles liquidos ley 23966 y 24699;obras de infraestructura;57,0944
2015;misiones;impuesto a los combustibles liquidos ley 23966 y 24699;vialidad provincial;143,101
2015;misiones;impuesto a los combustibles liquidos ley 23966 y 24699;f.e.d.e.i.;37,43714191
2015;misiones;impuesto a los combustibles liquidos ley 23966 y 24699;ley 24464 fo.na.vi;396,345
2015;misiones;regimen de energia electrica ley 24065;fondo para compensaciones de tarifa electrica;15,5954
2015;misiones;regimen de energia electrica ley 24065;f.e.d.e.i.;13,10670862
2015;misiones;fondo compensador de desequilibrios;fondo compensador de desequilibrios;26,4
2015;misiones;regimen simplificado para pequeños contribuyentes ley 24977 art 59 inciso a;regimen simplificado para pequeños contribuyentes ley 24977 art 59 inciso a;55,6014
2015;neuquen;coparticipacion federal de impuestos neta ley 26075;coparticipacion federal de impuestos neta ley 26075;4462,6982
2015;neuquen;financiamiento educativo ley 26075;financiamiento educativo ley 26075;1049,3101
2015;neuquen;transferencia de servicios ley 24049;transferencia de servicios ley 24049;17,3988
2015;neuquen;impuesto a las ganancias;obras de infraestructura basica social;337,1143
2015;neuquen;impuesto a las ganancias;excedente obras de caracter social a buenos aires;815,2358
2015;neuquen;impuesto a las ganancias;ley 24699;7,5564
2015;neuquen;impuesto sobre los bienes personales;ley 24699;168,3583
2015;neuquen;impuesto sobre los bienes personales;ley 23966 art 30;10,6931
2015;neuquen;impuesto sobre los activos fondo educacion ley 23906;impuesto sobre los activos fondo educacion ley 23906;0,0195
2015;neuquen;i.v.a.ley 23966 art 5 punto 2;i.v.a.ley 23966 art 5 punto 2;27,0729
2015;neuquen;impuesto a los combustibles liquidos ley 23966 y 24699;obras de infraestructura;29,998
2015;neuquen;impuesto a los combustibles liquidos ley 23966 y 24699;vialidad provincial;111,1934
2015;neuquen;impuesto a los combustibles liquidos ley 23966 y 24699;f.e.d.e.i.;24,69967769
2015;neuquen;impuesto a los combustibles liquidos ley 23966 y 24699;ley 24464 fo.na.vi;362,6135
2015;neuquen;regimen de energia electrica ley 24065;fondo para compensaciones de tarifa electrica;14,6457
2015;neuquen;regimen de energia electrica ley 24065;f.e.d.e.i.;8,30353833
2015;neuquen;fondo compensador de desequilibrios;fondo compensador de desequilibrios;30
2015;neuquen;regimen simplificado para pequeños contribuyentes ley 24977 art 59 inciso a;regimen simplificado para pequeños contribuyentes ley 24977 art 59 inciso a;29,2134
2015;rio negro;coparticipacion federal de impuestos neta ley 26075;coparticipacion federal de impuestos neta ley 26075;6811,3333
2015;rio negro;financiamiento educativo ley 26075;financiamiento educativo ley 26075;1202,058
2015;rio negro;transferencia de servicios ley 24049;transferencia de servicios ley 24049;14,6004
2015;rio negro;impuesto a las ganancias;obras de infraestructura basica social;366,9253
2015;rio negro;impuesto a las ganancias;excedente obras de caracter social a buenos aires;1185,1963
2015;rio negro;impuesto a las ganancias;ley 24699;10,9848
2015;rio negro;impuesto sobre los bienes personales;ley 24699;244,7605
2015;rio negro;impuesto sobre los activos fondo educacion ley 23906;impuesto sobre los activos fondo educacion ley 23906;0,0226
2015;rio negro;impuesto a los combustibles liquidos ley 23966 y 24699;obras de infraestructura;43,6125
2015;rio negro;impuesto a los combustibles liquidos ley 23966 y 24699;vialidad provincial;86,5872
2015;rio negro;impuesto a los combustibles liquidos ley 23966 y 24699;f.e.d.e.i.;23,24515196
2015;rio negro;impuesto a los combustibles liquidos ley 23966 y 24699;ley 24464 fo.na.vi;379,4793
2015;rio negro;regimen de energia electrica ley 24065;fondo para compensaciones de tarifa electrica;8,958
2015;rio negro;regimen de energia electrica ley 24065;f.e.d.e.i.;7,71547356
2015;rio negro;fondo compensador de desequilibrios;fondo compensador de desequilibrios;30
2015;rio negro;regimen simplificado para pequeños contribuyentes ley 24977 art 59 inciso a;regimen simplificado para pequeños contribuyentes ley 24977 art 59 inciso a;42,472
2015;salta;coparticipacion federal de impuestos neta ley 26075;coparticipacion federal de impuestos neta ley 26075;9675,9211
2015;salta;financiamiento educativo ley 26075;financiamiento educativo ley 26075;2497,0928
2015;salta;transferencia de servicios ley 24049;transferencia de servicios ley 24049;39,8004
2015;salta;impuesto a las ganancias;obras de infraestructura basica social;1426,7523
2015;salta;impuesto a las ganancias;excedente obras de caracter social a buenos aires;1800,4222
2015;salta;impuesto a las ganancias;ley 24699;16,6872
2015;salta;impuesto sobre los bienes personales;ley 24699;371,8115
2015;salta;impuesto sobre los activos fondo educacion ley 23906;impuesto sobre los activos fondo educacion ley 23906;0,03
2015;salta;impuesto a los combustibles liquidos ley 23966 y 24699;obras de infraestructura;66,2512
2015;salta;impuesto a los combustibles liquidos ley 23966 y 24699;vialidad provincial;129,0518
2015;salta;impuesto a los combustibles liquidos ley 23966 y 24699;f.e.d.e.i.;23,78077871
2015;salta;impuesto a los combustibles liquidos ley 23966 y 24699;ley 24464 fo.na.vi;337,315
2015;salta;regimen de energia electrica ley 24065;fondo para compensaciones de tarifa electrica;11,9982
2015;salta;regimen de energia electrica ley 24065;f.e.d.e.i.;7,89325675
2015;salta;fondo compensador de desequilibrios;fondo compensador de desequilibrios;30
2015;salta;regimen simplificado para pequeños contribuyentes ley 24977 art 59 inciso a;regimen simplificado para pequeños contribuyentes ley 24977 art 59 inciso a;64,5185
2015;san juan;coparticipacion federal de impuestos neta ley 26075;coparticipacion federal de impuestos neta ley 26075;9168,1732
2015;san juan;financiamiento educativo ley 26075;financiamiento educativo ley 26075;1567,3242
2015;san juan;transferencia de servicios ley 24049;transferencia de servicios ley 24049;30,0996
2015;san juan;impuesto a las ganancias;obras de infraestructura basica social;473,3874
2015;san juan;impuesto a las ganancias;excedente obras de caracter social a buenos aires;1587,7795
2015;san juan;impuesto a las ganancias;ley 24699;14,7168
2015;san juan;impuesto sobre los bienes personales;ley 24699;327,9041
2015;san juan;impuesto sobre los activos fondo educacion ley 23906;impuesto sobre los activos fondo educacion ley 23906;0,017
2015;san juan;impuesto a los combustibles liquidos ley 23966 y 24699;obras de infraestructura;58,4273
2015;san juan;impuesto a los combustibles liquidos ley 23966 y 24699;vialidad provincial;89,6358
2015;san juan;impuesto a los combustibles liquidos ley 23966 y 24699;f.e.d.e.i.;21,84568796
2015;san juan;impuesto a los combustibles liquidos ley 23966 y 24699;ley 24464 fo.na.vi;307,7998
2015;san juan;regimen de energia electrica ley 24065;fondo para compensaciones de tarifa electrica;8,6154
2015;san juan;regimen de energia electrica ley 24065;f.e.d.e.i.;7,31250103
2015;san juan;fondo compensador de desequilibrios;fondo compensador de desequilibrios;26,4
2015;san juan;regimen simplificado para pequeños contribuyentes ley 24977 art 59 inciso a;regimen simplificado para pequeños contribuyentes ley 24977 art 59 inciso a;56,8991
2015;san luis;coparticipacion federal de impuestos neta ley 26075;coparticipacion federal de impuestos neta ley 26075;6448,2953
2015;san luis;financiamiento educativo ley 26075;financiamiento educativo ley 26075;949,6921
2015;san luis;transferencia de servicios ley 24049;transferencia de servicios ley 24049;18,9012
2015;san luis;impuesto a las ganancias;obras de infraestructura basica social;230,5055
2015;san luis;impuesto a las ganancias;excedente obras de caracter social a buenos aires;1072,0939
2015;san luis;impuesto a las ganancias;ley 24699;9,9372
2015;san luis;impuesto sobre los bienes personales;ley 24699;221,4053
2015;san luis;impuesto sobre los activos fondo educacion ley 23906;impuesto sobre los activos fondo educacion ley 23906;0,014
2015;san luis;impuesto a los combustibles liquidos ley 23966 y 24699;obras de infraestructura;39,4498
2015;san luis;impuesto a los combustibles liquidos ley 23966 y 24699;vialidad provincial;78,5869
2015;san luis;impuesto a los combustibles liquidos ley 23966 y 24699;f.e.d.e.i.;21,35815111
2015;san luis;impuesto a los combustibles liquidos ley 23966 y 24699;ley 24464 fo.na.vi;307,7998
2015;san luis;regimen de energia electrica ley 24065;fondo para compensaciones de tarifa electrica;9,5482
2015;san luis;regimen de energia electrica ley 24065;f.e.d.e.i.;7,16349303
2015;san luis;fondo compensador de desequilibrios;fondo compensador de desequilibrios;26,4
2015;san luis;regimen simplificado para pequeños contribuyentes ley 24977 art 59 inciso a;regimen simplificado para pequeños contribuyentes ley 24977 art 59 inciso a;38,4183
2015;santa cruz;coparticipacion federal de impuestos neta ley 26075;coparticipacion federal de impuestos neta ley 26075;4531,192
2015;santa cruz;financiamiento educativo ley 26075;financiamiento educativo ley 26075;491,4493
2015;santa cruz;transferencia de servicios ley 24049;transferencia de servicios ley 24049;8,4996
2015;santa cruz;impuesto a las ganancias;obras de infraestructura basica social;129,1336
2015;santa cruz;impuesto a las ganancias;excedente obras de caracter social a buenos aires;742,8563
2015;santa cruz;impuesto a las ganancias;ley 24699;6,8856
2015;santa cruz;impuesto sobre los bienes personales;ley 24699;153,4113
2015;santa cruz;impuesto sobre los bienes personales;ley 23966 art 30;13,8645
2015;santa cruz;impuesto sobre los activos fondo educacion ley 23906;impuesto sobre los activos fondo educacion ley 23906;0,014
2015;santa cruz;i.v.a.ley 23966 art 5 punto 2;i.v.a.ley 23966 art 5 punto 2;35,1031
2015;santa cruz;impuesto a los combustibles liquidos ley 23966 y 24699;obras de infraestructura;27,3359
2015;santa cruz;impuesto a los combustibles liquidos ley 23966 y 24699;vialidad provincial;102,4549
2015;santa cruz;impuesto a los combustibles liquidos ley 23966 y 24699;f.e.d.e.i.;30,3672946
2015;santa cruz;impuesto a los combustibles liquidos ley 23966 y 24699;ley 24464 fo.na.vi;269,8517
2015;santa cruz;regimen de energia electrica ley 24065;fondo para compensaciones de tarifa electrica;20,8778
2015;santa cruz;regimen de energia electrica ley 24065;transferencia a empresas de energia electrica;32
2015;santa cruz;regimen de energia electrica ley 24065;f.e.d.e.i.;10,07943694
2015;santa cruz;fondo compensador de desequilibrios;fondo compensador de desequilibrios;36
2015;santa cruz;regimen simplificado para pequeños contribuyentes ley 24977 art 59 inciso a;regimen simplificado para pequeños contribuyentes ley 24977 art 59 inciso a;26,6209
2015;santa fe;coparticipacion federal de impuestos neta ley 26075;coparticipacion federal de impuestos neta ley 26075;24611,0173
2015;santa fe;financiamiento educativo ley 26075;financiamiento educativo ley 26075;4356,6301
2015;santa fe;transferencia de servicios ley 24049;transferencia de servicios ley 24049;135,4896
2015;santa fe;impuesto a las ganancias;obras de infraestructura basica social;1501,0739
2015;santa fe;impuesto a las ganancias;excedente obras de caracter social a buenos aires;4197,9014
2015;santa fe;impuesto a las ganancias;ley 24699;38,91
2015;santa fe;impuesto sobre los bienes personales;ley 24699;866,9376
2015;santa fe;impuesto sobre los bienes personales;ley 23966 art 30;186,9888
2015;santa fe;impuesto sobre los activos fondo educacion ley 23906;impuesto sobre los activos fondo educacion ley 23906;0,0569
2015;santa fe;i.v.a.ley 23966 art 5 punto 2;i.v.a.ley 23966 art 5 punto 2;473,4309
2015;santa fe;impuesto a los combustibles liquidos ley 23966 y 24699;obras de infraestructura;184,474
2015;santa fe;impuesto a los combustibles liquidos ley 23966 y 24699;vialidad provincial;239,8924
2015;santa fe;impuesto a los combustibles liquidos ley 23966 y 24699;f.e.d.e.i.;19,13407764
2015;santa fe;impuesto a los combustibles liquidos ley 23966 y 24699;ley 24464 fo.na.vi;476,4574
2015;santa fe;regimen de energia electrica ley 24065;fondo para compensaciones de tarifa electrica;6,9861
2015;santa fe;regimen de energia electrica ley 24065;f.e.d.e.i.;6,35093543
2015;santa fe;fondo compensador de desequilibrios;fondo compensador de desequilibrios;6
2015;santa fe;regimen simplificado para pequeños contribuyentes ley 24977 art 59 inciso a;regimen simplificado para pequeños contribuyentes ley 24977 art 59 inciso a;150,4342
2015;sgo. del estero;coparticipacion federal de impuestos neta ley 26075;coparticipacion federal de impuestos neta ley 26075;10829,948
2015;sgo. del estero;financiamiento educativo ley 26075;financiamiento educativo ley 26075;2291,2156
2015;sgo. del estero;transferencia de servicios ley 24049;transferencia de servicios ley 24049;31,5996
2015;sgo. del estero;impuesto a las ganancias;obras de infraestructura basica social;987,5788
2015;sgo. del estero;impuesto a las ganancias;excedente obras de caracter social a buenos aires;1940,6483
2015;sgo. del estero;impuesto a las ganancias;ley 24699;17,988
2015;sgo. del estero;impuesto sobre los bienes personales;ley 24699;400,7718
2015;sgo. del estero;impuesto sobre los activos fondo educacion ley 23906;impuesto sobre los activos fondo educacion ley 23906;0,0283
2015;sgo. del estero;impuesto a los combustibles liquidos ley 23966 y 24699;obras de infraestructura;71,4112
2015;sgo. del estero;impuesto a los combustibles liquidos ley 23966 y 24699;vialidad provincial;148,1941
2015;sgo. del estero;impuesto a los combustibles liquidos ley 23966 y 24699;f.e.d.e.i.;25,51177232
2015;sgo. del estero;impuesto a los combustibles liquidos ley 23966 y 24699;ley 24464 fo.na.vi;362,6135
2015;sgo. del estero;regimen de energia electrica ley 24065;fondo para compensaciones de tarifa electrica;9,9571
2015;sgo. del estero;regimen de energia electrica ley 24065;f.e.d.e.i.;8,467804523
2015;sgo. del estero;fondo compensador de desequilibrios;fondo compensador de desequilibrios;26,4
2015;sgo. del estero;regimen simplificado para pequeños contribuyentes ley 24977 art 59 inciso a;regimen simplificado para pequeños contribuyentes ley 24977 art 59 inciso a;69,5438
2015;tucuman;coparticipacion federal de impuestos neta ley 26075;coparticipacion federal de impuestos neta ley 26075;12366,401
2015;tucuman;financiamiento educativo ley 26075;financiamiento educativo ley 26075;2742,8174
2015;tucuman;transferencia de servicios ley 24049;transferencia de servicios ley 24049;55,8
2015;tucuman;impuesto a las ganancias;obras de infraestructura basica social;1186,7111
2015;tucuman;impuesto a las ganancias;excedente obras de caracter social a buenos aires;2234,6625
2015;tucuman;impuesto a las ganancias;ley 24699;20,7132
2015;tucuman;impuesto sobre los bienes personales;ley 24699;461,4949
2015;tucuman;impuesto sobre los activos fondo educacion ley 23906;impuesto sobre los activos fondo educacion ley 23906;0,0256
2015;tucuman;impuesto a los combustibles liquidos ley 23966 y 24699;obras de infraestructura;82,2312
2015;tucuman;impuesto a los combustibles liquidos ley 23966 y 24699;vialidad provincial;110,7531
2015;tucuman;impuesto a los combustibles liquidos ley 23966 y 24699;f.e.d.e.i.;19,64961491
2015;tucuman;impuesto a los combustibles liquidos ley 23966 y 24699;ley 24464 fo.na.vi;354,1806
2015;tucuman;regimen de energia electrica ley 24065;fondo para compensaciones de tarifa electrica;8,181
2015;tucuman;regimen de energia electrica ley 24065;f.e.d.e.i.;6,52205074
2015;tucuman;fondo compensador de desequilibrios;fondo compensador de desequilibrios;26,4
2015;tucuman;regimen simplificado para pequeños contribuyentes ley 24977 art 59 inciso a;regimen simplificado para pequeños contribuyentes ley 24977 art 59 inciso a;80,0806
2015;tierra del fuego;coparticipacion federal de impuestos neta ley 26075;coparticipacion federal de impuestos neta ley 26075;3688,1838
2015;tierra del fuego;financiamiento educativo ley 26075;financiamiento educativo ley 26075;232,4422
2015;tierra del fuego;transferencia de servicios ley 24049;transferencia de servicios ley 24049;12
2015;tierra del fuego;impuesto a las ganancias;obras de infraestructura basica social;90,1838
2015;tierra del fuego;impuesto a las ganancias;excedente obras de caracter social a buenos aires;579,3337
2015;tierra del fuego;impuesto a las ganancias;ley 24699;5,37
2015;tierra del fuego;impuesto sobre los bienes personales;ley 24699;119,6377
2015;tierra del fuego;impuesto sobre los bienes personales;ley 23966 art 30;1,2298
2015;tierra del fuego;impuesto sobre los activos fondo educacion ley 23906;impuesto sobre los activos fondo educacion ley 23906;0,0067
2015;tierra del fuego;i.v.a.ley 23966 art 5 punto 2;i.v.a.ley 23966 art 5 punto 2;3,1138
2015;tierra del fuego;impuesto a los combustibles liquidos ley 23966 y 24699;obras de infraestructura;21,3178
2015;tierra del fuego;impuesto a los combustibles liquidos ley 23966 y 24699;vialidad provincial;56,1888
2015;tierra del fuego;impuesto a los combustibles liquidos ley 23966 y 24699;f.e.d.e.i.;22,33189172
2015;tierra del fuego;impuesto a los combustibles liquidos ley 23966 y 24699;ley 24464 fo.na.vi;223,471
2015;tierra del fuego;regimen de energia electrica ley 24065;fondo para compensaciones de tarifa electrica;6,9055
2015;tierra del fuego;regimen de energia electrica ley 24065;f.e.d.e.i.;7,41234665
2015;tierra del fuego;fondo compensador de desequilibrios;fondo compensador de desequilibrios;36
2015;tierra del fuego;regimen simplificado para pequeños contribuyentes ley 24977 art 59 inciso a;regimen simplificado para pequeños contribuyentes ley 24977 art 59 inciso a;20,7604
2015;c.a.b.a;coparticipacion federal de impuestos neta ley 26075;coparticipacion federal de impuestos neta ley 26075;4292,2839
2015;c.a.b.a;financiamiento educativo ley 26075;financiamiento educativo ley 26075;3572,9678
2015;c.a.b.a;impuesto sobre los activos fondo educacion ley 23906;impuesto sobre los activos fondo educacion ley 23906;0,0243
2015;c.a.b.a;impuesto a los combustibles liquidos ley 23966 y 24699;ley 24464 fo.na.vi;109,6274
2015;tesoro nacional;coparticipacion federal de impuestos neta ley 26075;coparticipacion federal de impuestos neta ley 26075;226069,8128
2015;tesoro nacional;impuesto sobre los bienes personales;ley 24699;7116,7382
2015;tesoro nacional;impuesto sobre los activos fondo educacion ley 23906;impuesto sobre los activos fondo educacion ley 23906;0,369
2015;tesoro nacional;impuesto a los combustibles liquidos ley 23966 y 24699;vialidad provincial;5822,695833
2015;seguridad social;coparticipacion federal de impuestos neta ley 26075;coparticipacion federal de impuestos neta ley 26075;95600,3162
2015;seguridad social;impuesto a las ganancias;obras de infraestructura basica social;75677,8094
2015;seguridad social;impuesto a las ganancias;ley 24699;120
2015;seguridad social;i.v.a.ley 23966 art 5 punto 2;i.v.a.ley 23966 art 5 punto 2;43272,3927
2015;seguridad social;regimen simplificado para pequeños contribuyentes ley 24977 art 59 inciso a;regimen simplificado para pequeños contribuyentes ley 24977 art 59 inciso a;3969,2947
2015;fondo a.t.n.;coparticipacion federal de impuestos neta ley 26075;coparticipacion federal de impuestos neta ley 26075;5618,0373
2015;fondo a.t.n.;impuesto a las ganancias;obras de infraestructura basica social;7567,7811
2015;fondo a.t.n.;impuesto a las ganancias;ley 24699;20
2015;fondo a.t.n.;impuesto sobre los bienes personales;ley 24699;170,9109
2016;buenos aires;coparticipacion federal de impuestos neta ley 26075;coparticipacion federal de impuestos neta ley 26075;63573,1919
2016;buenos aires;financiamiento educativo ley 26075;financiamiento educativo ley 26075;28356,8015
2016;buenos aires;transferencia de servicios ley 24049;transferencia de servicios ley 24049;420,1008
2016;buenos aires;impuesto a las ganancias;obras de infraestructura basica social;650
2016;buenos aires;impuesto a las ganancias;ley 24699;95,6088
2016;buenos aires;impuesto sobre los bienes personales;ley 24699;2282,2279
2016;buenos aires;impuesto sobre los bienes personales;ley 23966 art 30;543,3317
2016;buenos aires;impuesto sobre los activos fondo educacion ley 23906;impuesto sobre los activos fondo educacion ley 23906;0,3014
2016;buenos aires;i.v.a.ley 23966 art 5 punto 2;i.v.a.ley 23966 art 5 punto 2;1728,7202
2016;buenos aires;impuesto a los combustibles liquidos ley 23966 y 24699;obras de infraestructura;449,8761
2016;buenos aires;impuesto a los combustibles liquidos ley 23966 y 24699;vialidad provincial;1040,1972
2016;buenos aires;impuesto a los combustibles liquidos ley 23966 y 24699;f.e.d.e.i.;20,587515
2016;buenos aires;impuesto a los combustibles liquidos ley 23966 y 24699;ley 24464 fo.na.vi;1545,9212
2016;buenos aires;regimen de energia electrica ley 24065;fondo para compensaciones de tarifa electrica;8,2457
2016;buenos aires;regimen de energia electrica ley 24065;f.e.d.e.i.;5,44319679
2016;buenos aires;regimen simplificado para pequeños contribuyentes ley 24977 art 59 inciso a;regimen simplificado para pequeños contribuyentes ley 24977 art 59 inciso a;447,9366
2016;catamarca;coparticipacion federal de impuestos neta ley 26075;coparticipacion federal de impuestos neta ley 26075;10048,8574
2016;catamarca;financiamiento educativo ley 26075;financiamiento educativo ley 26075;1481,4552
2016;catamarca;transferencia de servicios ley 24049;transferencia de servicios ley 24049;21,3996
2016;catamarca;impuesto a las ganancias;obras de infraestructura basica social;301,8231
2016;catamarca;impuesto a las ganancias;excedente obras de caracter social a buenos aires;1482,1501
2016;catamarca;impuesto a las ganancias;ley 24699;11,9916
2016;catamarca;impuesto sobre los bienes personales;ley 24699;286,2481
2016;catamarca;impuesto sobre los activos fondo educacion ley 23906;impuesto sobre los activos fondo educacion ley 23906;0,0226
2016;catamarca;impuesto a los combustibles liquidos ley 23966 y 24699;obras de infraestructura;60,1893
2016;catamarca;impuesto a los combustibles liquidos ley 23966 y 24699;vialidad provincial;96,2832
2016;catamarca;impuesto a los combustibles liquidos ley 23966 y 24699;f.e.d.e.i.;37,68814262
2016;catamarca;impuesto a los combustibles liquidos ley 23966 y 24699;ley 24464 fo.na.vi;223,8921
2016;catamarca;regimen de energia electrica ley 24065;fondo para compensaciones de tarifa electrica;12,8958
2016;catamarca;regimen de energia electrica ley 24065;f.e.d.e.i.;10,16144204
2016;catamarca;fondo compensador de desequilibrios;fondo compensador de desequilibrios;26,4
2016;catamarca;regimen simplificado para pequeños contribuyentes ley 24977 art 59 inciso a;regimen simplificado para pequeños contribuyentes ley 24977 art 59 inciso a;56,1835
2016;cordoba;coparticipacion federal de impuestos neta ley 26075;coparticipacion federal de impuestos neta ley 26075;35701,3796
2016;cordoba;financiamiento educativo ley 26075;financiamiento educativo ley 26075;6483,5467
2016;cordoba;transferencia de servicios ley 24049;transferencia de servicios ley 24049;125,3004
2016;cordoba;impuesto a las ganancias;obras de infraestructura basica social;1626,8994
2016;cordoba;impuesto a las ganancias;excedente obras de caracter social a buenos aires;4778,0399
2016;cordoba;impuesto a las ganancias;ley 24699;38,658
2016;cordoba;impuesto sobre los bienes personales;ley 24699;922,8004
2016;cordoba;impuesto sobre los bienes personales;ley 23966 art 30;185,5502
2016;cordoba;impuesto sobre los activos fondo educacion ley 23906;impuesto sobre los activos fondo educacion ley 23906;0,0834
2016;cordoba;i.v.a.ley 23966 art 5 punto 2;i.v.a.ley 23966 art 5 punto 2;590,3654
2016;cordoba;impuesto a los combustibles liquidos ley 23966 y 24699;obras de infraestructura;194,0351
2016;cordoba;impuesto a los combustibles liquidos ley 23966 y 24699;vialidad provincial;350,2216
2016;cordoba;impuesto a los combustibles liquidos ley 23966 y 24699;f.e.d.e.i.;25,00630798
2016;cordoba;impuesto a los combustibles liquidos ley 23966 y 24699;ley 24464 fo.na.vi;602,3763
2016;cordoba;regimen de energia electrica ley 24065;fondo para compensaciones de tarifa electrica;8,7876
2016;cordoba;regimen de energia electrica ley 24065;f.e.d.e.i.;6,74217753
2016;cordoba;fondo compensador de desequilibrios;fondo compensador de desequilibrios;6
2016;cordoba;regimen simplificado para pequeños contribuyentes ley 24977 art 59 inciso a;regimen simplificado para pequeños contribuyentes ley 24977 art 59 inciso a;181,1207
2016;corrientes;coparticipacion federal de impuestos neta ley 26075;coparticipacion federal de impuestos neta ley 26075;12755,8399
2016;corrientes;financiamiento educativo ley 26075;financiamiento educativo ley 26075;2806,0511
2016;corrientes;transferencia de servicios ley 24049;transferencia de servicios ley 24049;38,6004
2016;corrientes;impuesto a las ganancias;obras de infraestructura basica social;1111,1772
2016;corrientes;impuesto a las ganancias;excedente obras de caracter social a buenos aires;2000,392
2016;corrientes;impuesto a las ganancias;ley 24699;16,1844
2016;corrientes;impuesto sobre los bienes personales;ley 24699;386,335
2016;corrientes;impuesto sobre los bienes personales;ley 23966 art 30;59,3303
2016;corrientes;impuesto sobre los activos fondo educacion ley 23906;impuesto sobre los activos fondo educacion ley 23906;0,0374
2016;corrientes;i.v.a.ley 23966 art 5 punto 2;i.v.a.ley 23966 art 5 punto 2;188,7714
2016;corrientes;impuesto a los combustibles liquidos ley 23966 y 24699;obras de infraestructura;81,2337
2016;corrientes;impuesto a los combustibles liquidos ley 23966 y 24699;vialidad provincial;124,2311
2016;corrientes;impuesto a los combustibles liquidos ley 23966 y 24699;f.e.d.e.i.;31,65714192
2016;corrientes;impuesto a los combustibles liquidos ley 23966 y 24699;ley 24464 fo.na.vi;527,7453
2016;corrientes;regimen de energia electrica ley 24065;fondo para compensaciones de tarifa electrica;12,2169
2016;corrientes;regimen de energia electrica ley 24065;f.e.d.e.i.;8,53556038
2016;corrientes;fondo compensador de desequilibrios;fondo compensador de desequilibrios;18
2016;corrientes;regimen simplificado para pequeños contribuyentes ley 24977 art 59 inciso a;regimen simplificado para pequeños contribuyentes ley 24977 art 59 inciso a;75,827
2016;chaco;coparticipacion federal de impuestos neta ley 26075;coparticipacion federal de impuestos neta ley 26075;17702,8017
2016;chaco;financiamiento educativo ley 26075;financiamiento educativo ley 26075;3180,7724
2016;chaco;transferencia de servicios ley 24049;transferencia de servicios ley 24049;33,6
2016;chaco;impuesto a las ganancias;obras de infraestructura basica social;1385,32
2016;chaco;impuesto a las ganancias;excedente obras de caracter social a buenos aires;2684,4284
2016;chaco;impuesto a las ganancias;ley 24699;21,7188
2016;chaco;impuesto sobre los bienes personales;ley 24699;518,4495
2016;chaco;impuesto sobre los bienes personales;ley 23966 art 30;46,6437
2016;chaco;impuesto sobre los activos fondo educacion ley 23906;impuesto sobre los activos fondo educacion ley 23906;0,0488
2016;chaco;i.v.a.ley 23966 art 5 punto 2;i.v.a.ley 23966 art 5 punto 2;148,4063
2016;chaco;impuesto a los combustibles liquidos ley 23966 y 24699;obras de infraestructura;109,0141
2016;chaco;impuesto a los combustibles liquidos ley 23966 y 24699;vialidad provincial;167,9647
2016;chaco;impuesto a los combustibles liquidos ley 23966 y 24699;f.e.d.e.i.;33,623378
2016;chaco;impuesto a los combustibles liquidos ley 23966 y 24699;ley 24464 fo.na.vi;490,4302
2016;chaco;regimen de energia electrica ley 24065;fondo para compensaciones de tarifa electrica;12,6705
2016;chaco;regimen de energia electrica ley 24065;f.e.d.e.i.;9,06550343
2016;chaco;fondo compensador de desequilibrios;fondo compensador de desequilibrios;6
2016;chaco;regimen simplificado para pequeños contribuyentes ley 24977 art 59 inciso a;regimen simplificado para pequeños contribuyentes ley 24977 art 59 inciso a;101,7585
2016;chubut;coparticipacion federal de impuestos neta ley 26075;coparticipacion federal de impuestos neta ley 26075;5313,354
2016;chubut;financiamiento educativo ley 26075;financiamiento educativo ley 26075;1307,1667
2016;chubut;transferencia de servicios ley 24049;transferencia de servicios ley 24049;24,2004
2016;chubut;impuesto a las ganancias;obras de infraestructura basica social;305,0584
2016;chubut;impuesto a las ganancias;excedente obras de caracter social a buenos aires;851,0234
2016;chubut;impuesto a las ganancias;ley 24699;6,8856
2016;chubut;impuesto sobre los bienes personales;ley 24699;164,3591
2016;chubut;impuesto sobre los bienes personales;ley 23966 art 30;18,2461
2016;chubut;impuesto sobre los activos fondo educacion ley 23906;impuesto sobre los activos fondo educacion ley 23906;0,0226
2016;chubut;i.v.a.ley 23966 art 5 punto 2;i.v.a.ley 23966 art 5 punto 2;58,0538
2016;chubut;impuesto a los combustibles liquidos ley 23966 y 24699;obras de infraestructura;34,5602
2016;chubut;impuesto a los combustibles liquidos ley 23966 y 24699;vialidad provincial;148,7736
2016;chubut;impuesto a los combustibles liquidos ley 23966 y 24699;f.e.d.e.i.;35,25281736
2016;chubut;impuesto a los combustibles liquidos ley 23966 y 24699;ley 24464 fo.na.vi;341,1688
2016;chubut;regimen de energia electrica ley 24065;fondo para compensaciones de tarifa electrica;20,9325
2016;chubut;regimen de energia electrica ley 24065;f.e.d.e.i.;9,50502647
2016;chubut;fondo compensador de desequilibrios;fondo compensador de desequilibrios;36
2016;chubut;regimen simplificado para pequeños contribuyentes ley 24977 art 59 inciso a;regimen simplificado para pequeños contribuyentes ley 24977 art 59 inciso a;32,2599
2016;entre rios;coparticipacion federal de impuestos neta ley 26075;coparticipacion federal de impuestos neta ley 26075;17599,1915
2016;entre rios;financiamiento educativo ley 26075;financiamiento educativo ley 26075;2840,9089
2016;entre rios;transferencia de servicios ley 24049;transferencia de servicios ley 24049;67,4988
2016;entre rios;impuesto a las ganancias;obras de infraestructura basica social;808,48
2016;entre rios;impuesto a las ganancias;excedente obras de caracter social a buenos aires;2627,4326
2016;entre rios;impuesto a las ganancias;ley 24699;21,258
2016;entre rios;impuesto sobre los bienes personales;ley 24699;507,4402
2016;entre rios;impuesto sobre los bienes personales;ley 23966 art 30;80,5247
2016;entre rios;impuesto sobre los activos fondo educacion ley 23906;impuesto sobre los activos fondo educacion ley 23906;0,0387
2016;entre rios;i.v.a.ley 23966 art 5 punto 2;i.v.a.ley 23966 art 5 punto 2;256,2055
2016;entre rios;impuesto a los combustibles liquidos ley 23966 y 24699;obras de infraestructura;106,6972
2016;entre rios;impuesto a los combustibles liquidos ley 23966 y 24699;vialidad provincial;242,7363
2016;entre rios;impuesto a los combustibles liquidos ley 23966 y 24699;f.e.d.e.i.;28,93549464
2016;entre rios;impuesto a los combustibles liquidos ley 23966 y 24699;ley 24464 fo.na.vi;415,7995
2016;entre rios;regimen de energia electrica ley 24065;fondo para compensaciones de tarifa electrica;12,6336
2016;entre rios;regimen de energia electrica ley 24065;f.e.d.e.i.;7,80175197
2016;entre rios;fondo compensador de desequilibrios;fondo compensador de desequilibrios;21,6
2016;entre rios;regimen simplificado para pequeños contribuyentes ley 24977 art 59 inciso a;regimen simplificado para pequeños contribuyentes ley 24977 art 59 inciso a;99,596
2016;formosa;coparticipacion federal de impuestos neta ley 26075;coparticipacion federal de impuestos neta ley 26075;13330,9015
2016;formosa;financiamiento educativo ley 26075;financiamiento educativo ley 26075;1908,463
2016;formosa;transferencia de servicios ley 24049;transferencia de servicios ley 24049;20,7012
2016;formosa;impuesto a las ganancias;obras de infraestructura basica social;760,2844
2016;formosa;impuesto a las ganancias;excedente obras de caracter social a buenos aires;1958,9326
2016;formosa;impuesto a las ganancias;ley 24699;15,8496
2016;formosa;impuesto sobre los bienes personales;ley 24699;378,3282
2016;formosa;impuesto sobre los bienes personales;ley 23966 art 30;21,7277
2016;formosa;impuesto sobre los activos fondo educacion ley 23906;impuesto sobre los activos fondo educacion ley 23906;0,0263
2016;formosa;i.v.a.ley 23966 art 5 punto 2;i.v.a.ley 23966 art 5 punto 2;69,1305
2016;formosa;impuesto a los combustibles liquidos ley 23966 y 24699;obras de infraestructura;79,5509
2016;formosa;impuesto a los combustibles liquidos ley 23966 y 24699;vialidad provincial;99,1627
2016;formosa;impuesto a los combustibles liquidos ley 23966 y 24699;f.e.d.e.i.;38,85355314
2016;formosa;impuesto a los combustibles liquidos ley 23966 y 24699;ley 24464 fo.na.vi;426,461
2016;formosa;regimen de energia electrica ley 24065;fondo para compensaciones de tarifa electrica;13,3424
2016;formosa;regimen de energia electrica ley 24065;f.e.d.e.i.;10,4756587
2016;formosa;fondo compensador de desequilibrios;fondo compensador de desequilibrios;26,4
2016;formosa;regimen simplificado para pequeños contribuyentes ley 24977 art 59 inciso a;regimen simplificado para pequeños contribuyentes ley 24977 art 59 inciso a;74,256
2016;jujuy;coparticipacion federal de impuestos neta ley 26075;coparticipacion federal de impuestos neta ley 26075;10036,9783
2016;jujuy;financiamiento educativo ley 26075;financiamiento educativo ley 26075;1856,1765
2016;jujuy;transferencia de servicios ley 24049;transferencia de servicios ley 24049;33,3
2016;jujuy;impuesto a las ganancias;obras de infraestructura basica social;690,8982
2016;jujuy;impuesto a las ganancias;excedente obras de caracter social a buenos aires;1528,8025
2016;jujuy;impuesto a las ganancias;ley 24699;12,3696
2016;jujuy;impuesto sobre los bienes personales;ley 24699;295,256
2016;jujuy;impuesto sobre los activos fondo educacion ley 23906;impuesto sobre los activos fondo educacion ley 23906;0,0241
2016;jujuy;impuesto a los combustibles liquidos ley 23966 y 24699;obras de infraestructura;62,0821
2016;jujuy;impuesto a los combustibles liquidos ley 23966 y 24699;vialidad provincial;101,4564
2016;jujuy;impuesto a los combustibles liquidos ley 23966 y 24699;f.e.d.e.i.;31,35163557
2016;jujuy;impuesto a los combustibles liquidos ley 23966 y 24699;ley 24464 fo.na.vi;319,8457
2016;jujuy;regimen de energia electrica ley 24065;fondo para compensaciones de tarifa electrica;14,8067
2016;jujuy;regimen de energia electrica ley 24065;f.e.d.e.i.;8,4534816
2016;jujuy;fondo compensador de desequilibrios;fondo compensador de desequilibrios;26,4
2016;jujuy;regimen simplificado para pequeños contribuyentes ley 24977 art 59 inciso a;regimen simplificado para pequeños contribuyentes ley 24977 art 59 inciso a;57,9499
2016;la pampa;coparticipacion federal de impuestos neta ley 26075;coparticipacion federal de impuestos neta ley 26075;6868,1301
2016;la pampa;financiamiento educativo ley 26075;financiamiento educativo ley 26075;993,4467
2016;la pampa;transferencia de servicios ley 24049;transferencia de servicios ley 24049;19,2
2016;la pampa;impuesto a las ganancias;obras de infraestructura basica social;102,9722
2016;la pampa;impuesto a las ganancias;excedente obras de caracter social a buenos aires;1010,5608
2016;la pampa;impuesto a las ganancias;ley 24699;8,1756
2016;la pampa;impuesto sobre los bienes personales;ley 24699;195,1693
2016;la pampa;impuesto sobre los bienes personales;ley 23966 art 30;15,7183
2016;la pampa;impuesto sobre los activos fondo educacion ley 23906;impuesto sobre los activos fondo educacion ley 23906;0,0199
2016;la pampa;i.v.a.ley 23966 art 5 punto 2;i.v.a.ley 23966 art 5 punto 2;50,0104
2016;la pampa;impuesto a los combustibles liquidos ley 23966 y 24699;obras de infraestructura;41,0376
2016;la pampa;impuesto a los combustibles liquidos ley 23966 y 24699;vialidad provincial;121,7054
2016;la pampa;impuesto a los combustibles liquidos ley 23966 y 24699;f.e.d.e.i.;27,83310449
2016;la pampa;impuesto a los combustibles liquidos ley 23966 y 24699;ley 24464 fo.na.vi;213,2305
2016;la pampa;regimen de energia electrica ley 24065;fondo para compensaciones de tarifa electrica;17,0383
2016;la pampa;regimen de energia electrica ley 24065;f.e.d.e.i.;7,50433685
2016;la pampa;fondo compensador de desequilibrios;fondo compensador de desequilibrios;30
2016;la pampa;regimen simplificado para pequeños contribuyentes ley 24977 art 59 inciso a;regimen simplificado para pequeños contribuyentes ley 24977 art 59 inciso a;38,3061
2016;la rioja;coparticipacion federal de impuestos neta ley 26075;coparticipacion federal de impuestos neta ley 26075;7517,586
2016;la rioja;financiamiento educativo ley 26075;financiamiento educativo ley 26075;1150,3067
2016;la rioja;transferencia de servicios ley 24049;transferencia de servicios ley 24049;20,2992
2016;la rioja;impuesto a las ganancias;obras de infraestructura basica social;293,4852
2016;la rioja;impuesto a las ganancias;excedente obras de caracter social a buenos aires;1114,2093
2016;la rioja;impuesto a las ganancias;ley 24699;9,0144
2016;la rioja;impuesto sobre los bienes personales;ley 24699;215,1866
2016;la rioja;impuesto sobre los activos fondo educacion ley 23906;impuesto sobre los activos fondo educacion ley 23906;0,0194
2016;la rioja;impuesto a los combustibles liquidos ley 23966 y 24699;obras de infraestructura;45,2469
2016;la rioja;impuesto a los combustibles liquidos ley 23966 y 24699;vialidad provincial;105,3581
2016;la rioja;impuesto a los combustibles liquidos ley 23966 y 24699;f.e.d.e.i.;36,67072492
2016;la rioja;impuesto a los combustibles liquidos ley 23966 y 24699;ley 24464 fo.na.vi;213,2305
2016;la rioja;regimen de energia electrica ley 24065;fondo para compensaciones de tarifa electrica;13,5803
2016;la rioja;regimen de energia electrica ley 24065;f.e.d.e.i.;9,88712664
2016;la rioja;fondo compensador de desequilibrios;fondo compensador de desequilibrios;26,4
2016;la rioja;regimen simplificado para pequeños contribuyentes ley 24977 art 59 inciso a;regimen simplificado para pequeños contribuyentes ley 24977 art 59 inciso a;42,2352
2016;mendoza;coparticipacion federal de impuestos neta ley 26075;coparticipacion federal de impuestos neta ley 26075;13552,6616
2016;mendoza;financiamiento educativo ley 26075;financiamiento educativo ley 26075;3904,0711
2016;mendoza;transferencia de servicios ley 24049;transferencia de servicios ley 24049;61,6992
2016;mendoza;impuesto a las ganancias;obras de infraestructura basica social;1013,1053
2016;mendoza;impuesto a las ganancias;excedente obras de caracter social a buenos aires;2243,9549
2016;mendoza;impuesto a las ganancias;ley 24699;18,1548
2016;mendoza;impuesto sobre los bienes personales;ley 24699;433,3758
2016;mendoza;impuesto sobre los activos fondo educacion ley 23906;impuesto sobre los activos fondo educacion ley 23906;0,0411
2016;mendoza;impuesto a los combustibles liquidos ley 23966 y 24699;obras de infraestructura;91,1254
2016;mendoza;impuesto a los combustibles liquidos ley 23966 y 24699;vialidad provincial;195,1767
2016;mendoza;impuesto a los combustibles liquidos ley 23966 y 24699;f.e.d.e.i.;28,46359337
2016;mendoza;impuesto a los combustibles liquidos ley 23966 y 24699;ley 24464 fo.na.vi;426,461
2016;mendoza;regimen de energia electrica ley 24065;fondo para compensaciones de tarifa electrica;9,7769
2016;mendoza;regimen de energia electrica ley 24065;f.e.d.e.i.;7,6743272
2016;mendoza;fondo compensador de desequilibrios;fondo compensador de desequilibrios;26,4
2016;mendoza;regimen simplificado para pequeños contribuyentes ley 24977 art 59 inciso a;regimen simplificado para pequeños contribuyentes ley 24977 art 59 inciso a;85,0602
2016;misiones;coparticipacion federal de impuestos neta ley 26075;coparticipacion federal de impuestos neta ley 26075;10525,538
2016;misiones;financiamiento educativo ley 26075;financiamiento educativo ley 26075;3302,7743
2016;misiones;transferencia de servicios ley 24049;transferencia de servicios ley 24049;34,1004
2016;misiones;impuesto a las ganancias;obras de infraestructura basica social;1193,9159
2016;misiones;impuesto a las ganancias;excedente obras de caracter social a buenos aires;1777,516
2016;misiones;impuesto a las ganancias;ley 24699;14,382
2016;misiones;impuesto sobre los bienes personales;ley 24699;343,2979
2016;misiones;impuesto sobre los bienes personales;ley 23966 art 30;25,4733
2016;misiones;impuesto sobre los activos fondo educacion ley 23906;impuesto sobre los activos fondo educacion ley 23906;0,0306
2016;misiones;i.v.a.ley 23966 art 5 punto 2;i.v.a.ley 23966 art 5 punto 2;81,0483
2016;misiones;impuesto a los combustibles liquidos ley 23966 y 24699;obras de infraestructura;72,1832
2016;misiones;impuesto a los combustibles liquidos ley 23966 y 24699;vialidad provincial;188,7731
2016;misiones;impuesto a los combustibles liquidos ley 23966 y 24699;f.e.d.e.i.;45,55425866
2016;misiones;impuesto a los combustibles liquidos ley 23966 y 24699;ley 24464 fo.na.vi;501,0917
2016;misiones;regimen de energia electrica ley 24065;fondo para compensaciones de tarifa electrica;16,6071
2016;misiones;regimen de energia electrica ley 24065;f.e.d.e.i.;13,11503855
2016;misiones;fondo compensador de desequilibrios;fondo compensador de desequilibrios;26,4
2016;misiones;regimen simplificado para pequeños contribuyentes ley 24977 art 59 inciso a;regimen simplificado para pequeños contribuyentes ley 24977 art 59 inciso a;67,3791
2016;neuquen;coparticipacion federal de impuestos neta ley 26075;coparticipacion federal de impuestos neta ley 26075;5879,9766
2016;neuquen;financiamiento educativo ley 26075;financiamiento educativo ley 26075;1385,5965
2016;neuquen;transferencia de servicios ley 24049;transferencia de servicios ley 24049;17,3988
2016;neuquen;impuesto a las ganancias;obras de infraestructura basica social;384,7258
2016;neuquen;impuesto a las ganancias;excedente obras de caracter social a buenos aires;933,9419
2016;neuquen;impuesto a las ganancias;ley 24699;7,5564
2016;neuquen;impuesto sobre los bienes personales;ley 24699;180,373
2016;neuquen;impuesto sobre los bienes personales;ley 23966 art 30;11,4563
2016;neuquen;impuesto sobre los activos fondo educacion ley 23906;impuesto sobre los activos fondo educacion ley 23906;0,0271
2016;neuquen;i.v.a.ley 23966 art 5 punto 2;i.v.a.ley 23966 art 5 punto 2;36,4497
2016;neuquen;impuesto a los combustibles liquidos ley 23966 y 24699;obras de infraestructura;37,926
2016;neuquen;impuesto a los combustibles liquidos ley 23966 y 24699;vialidad provincial;144,0093
2016;neuquen;impuesto a los combustibles liquidos ley 23966 y 24699;f.e.d.e.i.;32,69257797
2016;neuquen;impuesto a los combustibles liquidos ley 23966 y 24699;ley 24464 fo.na.vi;458,4455
2016;neuquen;regimen de energia electrica ley 24065;fondo para compensaciones de tarifa electrica;16,4914
2016;neuquen;regimen de energia electrica ley 24065;f.e.d.e.i.;8,8150669
2016;neuquen;fondo compensador de desequilibrios;fondo compensador de desequilibrios;30
2016;neuquen;regimen simplificado para pequeños contribuyentes ley 24977 art 59 inciso a;regimen simplificado para pequeños contribuyentes ley 24977 art 59 inciso a;35,4016
2016;rio negro;coparticipacion federal de impuestos neta ley 26075;coparticipacion federal de impuestos neta ley 26075;8985,4198
2016;rio negro;financiamiento educativo ley 26075;financiamiento educativo ley 26075;1577,3145
2016;rio negro;transferencia de servicios ley 24049;transferencia de servicios ley 24049;14,6004
2016;rio negro;impuesto a las ganancias;obras de infraestructura basica social;418,7471
2016;rio negro;impuesto a las ganancias;excedente obras de caracter social a buenos aires;1357,7723
2016;rio negro;impuesto a las ganancias;ley 24699;10,9848
2016;rio negro;impuesto sobre los bienes personales;ley 24699;262,2276
2016;rio negro;impuesto sobre los activos fondo educacion ley 23906;impuesto sobre los activos fondo educacion ley 23906;0,0314
2016;rio negro;impuesto a los combustibles liquidos ley 23966 y 24699;obras de infraestructura;55,1387
2016;rio negro;impuesto a los combustibles liquidos ley 23966 y 24699;vialidad provincial;110,2955
2016;rio negro;impuesto a los combustibles liquidos ley 23966 y 24699;f.e.d.e.i.;30,37906645
2016;rio negro;impuesto a los combustibles liquidos ley 23966 y 24699;ley 24464 fo.na.vi;479,7687
2016;rio negro;regimen de energia electrica ley 24065;fondo para compensaciones de tarifa electrica;10,2506
2016;rio negro;regimen de energia electrica ley 24065;f.e.d.e.i.;8,19077562
2016;rio negro;fondo compensador de desequilibrios;fondo compensador de desequilibrios;30
2016;rio negro;regimen simplificado para pequeños contribuyentes ley 24977 art 59 inciso a;regimen simplificado para pequeños contribuyentes ley 24977 art 59 inciso a;51,4685
2016;salta;coparticipacion federal de impuestos neta ley 26075;coparticipacion federal de impuestos neta ley 26075;12716,7624
2016;salta;financiamiento educativo ley 26075;financiamiento educativo ley 26075;3328,9178
2016;salta;transferencia de servicios ley 24049;transferencia de servicios ley 24049;39,8004
2016;salta;impuesto a las ganancias;obras de infraestructura basica social;1628,2553
2016;salta;impuesto a las ganancias;excedente obras de caracter social a buenos aires;2062,5809
2016;salta;impuesto a las ganancias;ley 24699;16,6872
2016;salta;impuesto sobre los bienes personales;ley 24699;398,3455
2016;salta;impuesto sobre los activos fondo educacion ley 23906;impuesto sobre los activos fondo educacion ley 23906;0,0417
2016;salta;impuesto a los combustibles liquidos ley 23966 y 24699;obras de infraestructura;83,7603
2016;salta;impuesto a los combustibles liquidos ley 23966 y 24699;vialidad provincial;161,8604
2016;salta;impuesto a los combustibles liquidos ley 23966 y 24699;f.e.d.e.i.;31,07907769
2016;salta;impuesto a los combustibles liquidos ley 23966 y 24699;ley 24464 fo.na.vi;426,461
2016;salta;regimen de energia electrica ley 24065;fondo para compensaciones de tarifa electrica;15,7691
2016;salta;regimen de energia electrica ley 24065;f.e.d.e.i.;8,33950476
2016;salta;fondo compensador de desequilibrios;fondo compensador de desequilibrios;30
2016;salta;regimen simplificado para pequeños contribuyentes ley 24977 art 59 inciso a;regimen simplificado para pequeños contribuyentes ley 24977 art 59 inciso a;78,1854
2016;san juan;coparticipacion federal de impuestos neta ley 26075;coparticipacion federal de impuestos neta ley 26075;12076,801
2016;san juan;financiamiento educativo ley 26075;financiamiento educativo ley 26075;2074,0379
2016;san juan;transferencia de servicios ley 24049;transferencia de servicios ley 24049;30,0996
2016;san juan;impuesto a las ganancias;obras de infraestructura basica social;540,2447
2016;san juan;impuesto a las ganancias;excedente obras de caracter social a buenos aires;1818,9752
2016;san juan;impuesto a las ganancias;ley 24699;14,7168
2016;san juan;impuesto sobre los bienes personales;ley 24699;351,3046
2016;san juan;impuesto sobre los activos fondo educacion ley 23906;impuesto sobre los activos fondo educacion ley 23906;0,0236
2016;san juan;impuesto a los combustibles liquidos ley 23966 y 24699;obras de infraestructura;73,8685
2016;san juan;impuesto a los combustibles liquidos ley 23966 y 24699;vialidad provincial;115,0074
2016;san juan;impuesto a los combustibles liquidos ley 23966 y 24699;f.e.d.e.i.;28,79125638
2016;san juan;impuesto a los combustibles liquidos ley 23966 y 24699;ley 24464 fo.na.vi;389,1455
2016;san juan;regimen de energia electrica ley 24065;fondo para compensaciones de tarifa electrica;9,8332
2016;san juan;regimen de energia electrica ley 24065;f.e.d.e.i.;7,76297813
2016;san juan;fondo compensador de desequilibrios;fondo compensador de desequilibrios;26,4
2016;san juan;regimen simplificado para pequeños contribuyentes ley 24977 art 59 inciso a;regimen simplificado para pequeños contribuyentes ley 24977 art 59 inciso a;68,952
2016;san luis;coparticipacion federal de impuestos neta ley 26075;coparticipacion federal de impuestos neta ley 26075;9964,2838
2016;san luis;financiamiento educativo ley 26075;financiamiento educativo ley 26075;1281,023
2016;san luis;transferencia de servicios ley 24049;transferencia de servicios ley 24049;18,9012
2016;san luis;impuesto a las ganancias;obras de infraestructura basica social;263,0601
2016;san luis;impuesto a las ganancias;excedente obras de caracter social a buenos aires;1228,2012
2016;san luis;impuesto a las ganancias;ley 24699;9,9372
2016;san luis;impuesto sobre los bienes personales;ley 24699;237,2058
2016;san luis;impuesto sobre los activos fondo educacion ley 23906;impuesto sobre los activos fondo educacion ley 23906;0,0195
2016;san luis;impuesto a los combustibles liquidos ley 23966 y 24699;obras de infraestructura;49,8759
2016;san luis;impuesto a los combustibles liquidos ley 23966 y 24699;vialidad provincial;88,6938
2016;san luis;impuesto a los combustibles liquidos ley 23966 y 24699;f.e.d.e.i.;28,20431094
2016;san luis;impuesto a los combustibles liquidos ley 23966 y 24699;ley 24464 fo.na.vi;389,1455
2016;san luis;regimen de energia electrica ley 24065;fondo para compensaciones de tarifa electrica;10,9822
2016;san luis;regimen de energia electrica ley 24065;f.e.d.e.i.;7,60479074
2016;san luis;fondo compensador de desequilibrios;fondo compensador de desequilibrios;26,4
2016;san luis;regimen simplificado para pequeños contribuyentes ley 24977 art 59 inciso a;regimen simplificado para pequeños contribuyentes ley 24977 art 59 inciso a;46,5563
2016;santa cruz;coparticipacion federal de impuestos neta ley 26075;coparticipacion federal de impuestos neta ley 26075;5958,223
2016;santa cruz;financiamiento educativo ley 26075;financiamiento educativo ley 26075;662,2979
2016;santa cruz;transferencia de servicios ley 24049;transferencia de servicios ley 24049;8,4996
2016;santa cruz;impuesto a las ganancias;obras de infraestructura basica social;147,3712
2016;santa cruz;impuesto a las ganancias;excedente obras de caracter social a buenos aires;851,0234
2016;santa cruz;impuesto a las ganancias;ley 24699;6,8856
2016;santa cruz;impuesto sobre los bienes personales;ley 24699;164,3591
2016;santa cruz;impuesto sobre los bienes personales;ley 23966 art 30;14,854
2016;santa cruz;impuesto sobre los activos fondo educacion ley 23906;impuesto sobre los activos fondo educacion ley 23906;0,0195
2016;santa cruz;i.v.a.ley 23966 art 5 punto 2;i.v.a.ley 23966 art 5 punto 2;47,2611
2016;santa cruz;impuesto a los combustibles liquidos ley 23966 y 24699;obras de infraestructura;34,5602
2016;santa cruz;impuesto a los combustibles liquidos ley 23966 y 24699;vialidad provincial;112,0436
2016;santa cruz;impuesto a los combustibles liquidos ley 23966 y 24699;f.e.d.e.i.;39,6869883
2016;santa cruz;impuesto a los combustibles liquidos ley 23966 y 24699;ley 24464 fo.na.vi;341,1688
2016;santa cruz;regimen de energia electrica ley 24065;fondo para compensaciones de tarifa electrica;25,0819
2016;santa cruz;regimen de energia electrica ley 24065;transferencia a empresas de energia electrica;43
2016;santa cruz;regimen de energia electrica ley 24065;f.e.d.e.i.;10,70036893
2016;santa cruz;fondo compensador de desequilibrios;fondo compensador de desequilibrios;36
2016;santa cruz;regimen simplificado para pequeños contribuyentes ley 24977 art 59 inciso a;regimen simplificado para pequeños contribuyentes ley 24977 art 59 inciso a;32,2599
2016;santa fe;coparticipacion federal de impuestos neta ley 26075;coparticipacion federal de impuestos neta ley 26075;38350,4399
2016;santa fe;financiamiento educativo ley 26075;financiamiento educativo ley 26075;5681,8178
2016;santa fe;transferencia de servicios ley 24049;transferencia de servicios ley 24049;135,4896
2016;santa fe;impuesto a las ganancias;obras de infraestructura basica social;1713,0738
2016;santa fe;impuesto a las ganancias;excedente obras de caracter social a buenos aires;4809,1558
2016;santa fe;impuesto a las ganancias;ley 24699;38,91
2016;santa fe;impuesto sobre los bienes personales;ley 24699;928,8056
2016;santa fe;impuesto sobre los bienes personales;ley 23966 art 30;200,3335
2016;santa fe;impuesto sobre los activos fondo educacion ley 23906;impuesto sobre los activos fondo educacion ley 23906;0,0791
2016;santa fe;i.v.a.ley 23966 art 5 punto 2;i.v.a.ley 23966 art 5 punto 2;637,4008
2016;santa fe;impuesto a los combustibles liquidos ley 23966 y 24699;obras de infraestructura;225,2984
2016;santa fe;impuesto a los combustibles liquidos ley 23966 y 24699;vialidad provincial;313,2655
2016;santa fe;impuesto a los combustibles liquidos ley 23966 y 24699;f.e.d.e.i.;25,00630798
2016;santa fe;impuesto a los combustibles liquidos ley 23966 y 24699;ley 24464 fo.na.vi;602,3763
2016;santa fe;regimen de energia electrica ley 24065;fondo para compensaciones de tarifa electrica;8,0123
2016;santa fe;regimen de energia electrica ley 24065;f.e.d.e.i.;6,74217753
2016;santa fe;fondo compensador de desequilibrios;fondo compensador de desequilibrios;6
2016;santa fe;regimen simplificado para pequeños contribuyentes ley 24977 art 59 inciso a;regimen simplificado para pequeños contribuyentes ley 24977 art 59 inciso a;182,2998
2016;sgo. del estero;coparticipacion federal de impuestos neta ley 26075;coparticipacion federal de impuestos neta ley 26075;14280,2716
2016;sgo. del estero;financiamiento educativo ley 26075;financiamiento educativo ley 26075;3015,1978
2016;sgo. del estero;transferencia de servicios ley 24049;transferencia de servicios ley 24049;31,5996
2016;sgo. del estero;impuesto a las ganancias;obras de infraestructura basica social;1127,0564
2016;sgo. del estero;impuesto a las ganancias;excedente obras de caracter social a buenos aires;2223,2253
2016;sgo. del estero;impuesto a las ganancias;ley 24699;17,988
2016;sgo. del estero;impuesto sobre los bienes personales;ley 24699;429,3727
2016;sgo. del estero;impuesto sobre los activos fondo educacion ley 23906;impuesto sobre los activos fondo educacion ley 23906;0,0393
2016;sgo. del estero;impuesto a los combustibles liquidos ley 23966 y 24699;obras de infraestructura;90,284
2016;sgo. del estero;impuesto a los combustibles liquidos ley 23966 y 24699;vialidad provincial;180,6405
2016;sgo. del estero;impuesto a los combustibles liquidos ley 23966 y 24699;f.e.d.e.i.;33,34131134
2016;sgo. del estero;impuesto a los combustibles liquidos ley 23966 y 24699;ley 24464 fo.na.vi;458,4455
2016;sgo. del estero;regimen de energia electrica ley 24065;fondo para compensaciones de tarifa electrica;10,5954
2016;sgo. del estero;regimen de energia electrica ley 24065;f.e.d.e.i.;8,98945293
2016;sgo. del estero;fondo compensador de desequilibrios;fondo compensador de desequilibrios;26,4
2016;sgo. del estero;regimen simplificado para pequeños contribuyentes ley 24977 art 59 inciso a;regimen simplificado para pequeños contribuyentes ley 24977 art 59 inciso a;84,2749
2016;tucuman;coparticipacion federal de impuestos neta ley 26075;coparticipacion federal de impuestos neta ley 26075;16273,3574
2016;tucuman;financiamiento educativo ley 26075;financiamiento educativo ley 26075;3642,6378
2016;tucuman;transferencia de servicios ley 24049;transferencia de servicios ley 24049;55,8
2016;tucuman;impuesto a las ganancias;obras de infraestructura basica social;1354,3131
2016;tucuman;impuesto a las ganancias;excedente obras de caracter social a buenos aires;2560,0502
2016;tucuman;impuesto a las ganancias;ley 24699;20,7132
2016;tucuman;impuesto sobre los bienes personales;ley 24699;494,4288
2016;tucuman;impuesto sobre los activos fondo educacion ley 23906;impuesto sobre los activos fondo educacion ley 23906;0,0357
2016;tucuman;impuesto a los combustibles liquidos ley 23966 y 24699;obras de infraestructura;103,9634
2016;tucuman;impuesto a los combustibles liquidos ley 23966 y 24699;vialidad provincial;137,3395
2016;tucuman;impuesto a los combustibles liquidos ley 23966 y 24699;f.e.d.e.i.;25,68006599
2016;tucuman;impuesto a los combustibles liquidos ley 23966 y 24699;ley 24464 fo.na.vi;447,7839
2016;tucuman;regimen de energia electrica ley 24065;fondo para compensaciones de tarifa electrica;7,3876
2016;tucuman;regimen de energia electrica ley 24065;f.e.d.e.i.;6,92383337
2016;tucuman;fondo compensador de desequilibrios;fondo compensador de desequilibrios;26,4
2016;tucuman;regimen simplificado para pequeños contribuyentes ley 24977 art 59 inciso a;regimen simplificado para pequeños contribuyentes ley 24977 art 59 inciso a;97,0435
2016;tierra del fuego;coparticipacion federal de impuestos neta ley 26075;coparticipacion federal de impuestos neta ley 26075;4853,0132
2016;tierra del fuego;financiamiento educativo ley 26075;financiamiento educativo ley 26075;313,72
2016;tierra del fuego;transferencia de servicios ley 24049;transferencia de servicios ley 24049;12
2016;tierra del fuego;impuesto a las ganancias;obras de infraestructura basica social;102,9204
2016;tierra del fuego;impuesto a las ganancias;excedente obras de caracter social a buenos aires;663,6899
2016;tierra del fuego;impuesto a las ganancias;ley 24699;5,37
2016;tierra del fuego;impuesto sobre los bienes personales;ley 24699;128,1757
2016;tierra del fuego;impuesto sobre los bienes personales;ley 23966 art 30;1,3175
2016;tierra del fuego;impuesto sobre los activos fondo educacion ley 23906;impuesto sobre los activos fondo educacion ley 23906;0,0093
2016;tierra del fuego;i.v.a.ley 23966 art 5 punto 2;i.v.a.ley 23966 art 5 punto 2;4,1921
2016;tierra del fuego;impuesto a los combustibles liquidos ley 23966 y 24699;obras de infraestructura;26,9522
2016;tierra del fuego;impuesto a los combustibles liquidos ley 23966 y 24699;vialidad provincial;71,7219
2016;tierra del fuego;impuesto a los combustibles liquidos ley 23966 y 24699;f.e.d.e.i.;29,18552879
2016;tierra del fuego;impuesto a los combustibles liquidos ley 23966 y 24699;ley 24464 fo.na.vi;282,5303
2016;tierra del fuego;regimen de energia electrica ley 24065;fondo para compensaciones de tarifa electrica;7,9185
2016;tierra del fuego;regimen de energia electrica ley 24065;f.e.d.e.i.;7,86897448
2016;tierra del fuego;fondo compensador de desequilibrios;fondo compensador de desequilibrios;36
2016;tierra del fuego;regimen simplificado para pequeños contribuyentes ley 24977 art 59 inciso a;regimen simplificado para pequeños contribuyentes ley 24977 art 59 inciso a;25,1581
2016;c.a.b.a;coparticipacion federal de impuestos neta ley 26075;coparticipacion federal de impuestos neta ley 26075;23133,2724
2016;c.a.b.a;financiamiento educativo ley 26075;financiamiento educativo ley 26075;4609,9409
2016;c.a.b.a;impuesto sobre los activos fondo educacion ley 23906;impuesto sobre los activos fondo educacion ley 23906;0,0339
2016;c.a.b.a;impuesto a los combustibles liquidos ley 23966 y 24699;ley 24464 fo.na.vi;138,5997
2016;tesoro nacional;coparticipacion federal de impuestos neta ley 26075;coparticipacion federal de impuestos neta ley 26075;275002,0609
2016;tesoro nacional;impuesto sobre los bienes personales;ley 24699;7624,6153
2016;tesoro nacional;impuesto sobre los activos fondo educacion ley 23906;impuesto sobre los activos fondo educacion ley 23906;0,5132
2016;tesoro nacional;impuesto a los combustibles liquidos ley 23966 y 24699;vialidad provincial;7361,529167
2016;seguridad social;coparticipacion federal de impuestos neta ley 26075;coparticipacion federal de impuestos neta ley 26075;101970,1123
2016;seguridad social;impuesto a las ganancias;obras de infraestructura basica social;86365,9406
2016;seguridad social;impuesto a las ganancias;ley 24699;120
2016;seguridad social;i.v.a.ley 23966 art 5 punto 2;i.v.a.ley 23966 art 5 punto 2;58259,5107
2016;seguridad social;regimen simplificado para pequeños contribuyentes ley 24977 art 59 inciso a;regimen simplificado para pequeños contribuyentes ley 24977 art 59 inciso a;4810,0941
2016;fondo a.t.n.;coparticipacion federal de impuestos neta ley 26075;coparticipacion federal de impuestos neta ley 26075;7257,9062
2016;fondo a.t.n.;impuesto a las ganancias;obras de infraestructura basica social;8636,5938
2016;fondo a.t.n.;impuesto a las ganancias;ley 24699;20
2016;fondo a.t.n.;impuesto sobre los bienes personales;ley 24699;183,1081
2017;buenos aires;coparticipacion federal de impuestos neta ley 26075;coparticipacion federal de impuestos neta ley 26075;91194,2099
2017;buenos aires;financiamiento educativo ley 26075;financiamiento educativo ley 26075;34325,9266
2017;buenos aires;transferencia de servicios ley 24049;transferencia de servicios ley 24049;420,1008
2017;buenos aires;impuesto a las ganancias;obras de infraestructura basica social;650
2017;buenos aires;impuesto a las ganancias;ley 24699;95,6088
2017;buenos aires;impuesto sobre los bienes personales;ley 24699;2549,4807
2017;buenos aires;impuesto sobre los bienes personales;ley 23966 art 30;606,957
2017;buenos aires;impuesto sobre los activos fondo educacion ley 23906;impuesto sobre los activos fondo educacion ley 23906;0,1325
2017;buenos aires;i.v.a.ley 23966 art 5 punto 2;i.v.a.ley 23966 art 5 punto 2;2217,3715
2017;buenos aires;impuesto a los combustibles liquidos ley 23966 y 24699;obras de infraestructura;656,933
2017;buenos aires;impuesto a los combustibles liquidos ley 23966 y 24699;vialidad provincial;1622,5439
2017;buenos aires;impuesto a los combustibles liquidos ley 23966 y 24699;f.e.d.e.i.;28,11536243
2017;buenos aires;impuesto a los combustibles liquidos ley 23966 y 24699;ley 24464 fo.na.vi;2212,9553
2017;buenos aires;regimen de energia electrica ley 24065;fondo para compensaciones de tarifa electrica;15,3737
2017;buenos aires;regimen de energia electrica ley 24065;f.e.d.e.i.;13,3381343
2017;buenos aires;regimen simplificado para pequeños contribuyentes ley 24977 art 59 inciso a;regimen simplificado para pequeños contribuyentes ley 24977 art 59 inciso a;678,1283
2017;catamarca;coparticipacion federal de impuestos neta ley 26075;coparticipacion federal de impuestos neta ley 26075;13920,5511
2017;catamarca;financiamiento educativo ley 26075;financiamiento educativo ley 26075;1822,8033
2017;catamarca;transferencia de servicios ley 24049;transferencia de servicios ley 24049;21,3996
2017;catamarca;impuesto a las ganancias;obras de infraestructura basica social;381,3619
2017;catamarca;impuesto a las ganancias;excedente obras de caracter social a buenos aires;1877,2478
2017;catamarca;impuesto a las ganancias;ley 24699;11,9916
2017;catamarca;impuesto sobre los bienes personales;ley 24699;319,7685
2017;catamarca;impuesto sobre los activos fondo educacion ley 23906;impuesto sobre los activos fondo educacion ley 23906;0,01
2017;catamarca;impuesto a los combustibles liquidos ley 23966 y 24699;obras de infraestructura;86,1599
2017;catamarca;impuesto a los combustibles liquidos ley 23966 y 24699;vialidad provincial;135,9518
2017;catamarca;impuesto a los combustibles liquidos ley 23966 y 24699;f.e.d.e.i.;35,71417725
2017;catamarca;impuesto a los combustibles liquidos ley 23966 y 24699;ley 24464 fo.na.vi;320,4971
2017;catamarca;regimen de energia electrica ley 24065;fondo para compensaciones de tarifa electrica;18,0499
2017;catamarca;regimen de energia electrica ley 24065;f.e.d.e.i.;18,18996959
2017;catamarca;fondo compensador de desequilibrios;fondo compensador de desequilibrios;26,4
2017;catamarca;regimen simplificado para pequeños contribuyentes ley 24977 art 59 inciso a;regimen simplificado para pequeños contribuyentes ley 24977 art 59 inciso a;85,0555
2017;cordoba;coparticipacion federal de impuestos neta ley 26075;coparticipacion federal de impuestos neta ley 26075;47944,2215
2017;cordoba;financiamiento educativo ley 26075;financiamiento educativo ley 26075;7842,2925
2017;cordoba;transferencia de servicios ley 24049;transferencia de servicios ley 24049;125,3004
2017;cordoba;impuesto a las ganancias;obras de infraestructura basica social;2055,634
2017;cordoba;impuesto a las ganancias;excedente obras de caracter social a buenos aires;6051,725
2017;cordoba;impuesto a las ganancias;ley 24699;38,658
2017;cordoba;impuesto sobre los bienes personales;ley 24699;1030,8619
2017;cordoba;impuesto sobre los bienes personales;ley 23966 art 30;207,2783
2017;cordoba;impuesto sobre los activos fondo educacion ley 23906;impuesto sobre los activos fondo educacion ley 23906;0,0366
2017;cordoba;i.v.a.ley 23966 art 5 punto 2;i.v.a.ley 23966 art 5 punto 2;757,2422
2017;cordoba;impuesto a los combustibles liquidos ley 23966 y 24699;obras de infraestructura;277,7575
2017;cordoba;impuesto a los combustibles liquidos ley 23966 y 24699;vialidad provincial;476,7482
2017;cordoba;impuesto a los combustibles liquidos ley 23966 y 24699;f.e.d.e.i.;23,69656945
2017;cordoba;impuesto a los combustibles liquidos ley 23966 y 24699;ley 24464 fo.na.vi;862,2897
2017;cordoba;regimen de energia electrica ley 24065;fondo para compensaciones de tarifa electrica;13,1082
2017;cordoba;regimen de energia electrica ley 24065;f.e.d.e.i.;12,06915356
2017;cordoba;fondo compensador de desequilibrios;fondo compensador de desequilibrios;6
2017;cordoba;regimen simplificado para pequeños contribuyentes ley 24977 art 59 inciso a;regimen simplificado para pequeños contribuyentes ley 24977 art 59 inciso a;274,1975
2017;corrientes;coparticipacion federal de impuestos neta ley 26075;coparticipacion federal de impuestos neta ley 26075;17824,9688
2017;corrientes;financiamiento educativo ley 26075;financiamiento educativo ley 26075;3423,0546
2017;corrientes;transferencia de servicios ley 24049;transferencia de servicios ley 24049;38,6004
2017;corrientes;impuesto a las ganancias;obras de infraestructura basica social;1404,0041
2017;corrientes;impuesto a las ganancias;excedente obras de caracter social a buenos aires;2533,6375
2017;corrientes;impuesto a las ganancias;ley 24699;16,1844
2017;corrientes;impuesto sobre los bienes personales;ley 24699;431,5755
2017;corrientes;impuesto sobre los bienes personales;ley 23966 art 30;66,278
2017;corrientes;impuesto sobre los activos fondo educacion ley 23906;impuesto sobre los activos fondo educacion ley 23906;0,0165
2017;corrientes;i.v.a.ley 23966 art 5 punto 2;i.v.a.ley 23966 art 5 punto 2;242,1309
2017;corrientes;impuesto a los combustibles liquidos ley 23966 y 24699;obras de infraestructura;116,2844
2017;corrientes;impuesto a los combustibles liquidos ley 23966 y 24699;vialidad provincial;187,8885
2017;corrientes;impuesto a los combustibles liquidos ley 23966 y 24699;f.e.d.e.i.;29,99973132
2017;corrientes;impuesto a los combustibles liquidos ley 23966 y 24699;ley 24464 fo.na.vi;755,4574
2017;corrientes;regimen de energia electrica ley 24065;fondo para compensaciones de tarifa electrica;18,3701
2017;corrientes;regimen de energia electrica ley 24065;f.e.d.e.i.;15,27948399
2017;corrientes;fondo compensador de desequilibrios;fondo compensador de desequilibrios;18
2017;corrientes;regimen simplificado para pequeños contribuyentes ley 24977 art 59 inciso a;regimen simplificado para pequeños contribuyentes ley 24977 art 59 inciso a;114,794
2017;chaco;coparticipacion federal de impuestos neta ley 26075;coparticipacion federal de impuestos neta ley 26075;24603,6384
2017;chaco;financiamiento educativo ley 26075;financiamiento educativo ley 26075;3910,5487
2017;chaco;transferencia de servicios ley 24049;transferencia de servicios ley 24049;33,6
2017;chaco;impuesto a las ganancias;obras de infraestructura basica social;1750,3916
2017;chaco;impuesto a las ganancias;excedente obras de caracter social a buenos aires;3400,018
2017;chaco;impuesto a las ganancias;ley 24699;21,7188
2017;chaco;impuesto sobre los bienes personales;ley 24699;579,161
2017;chaco;impuesto sobre los bienes personales;ley 23966 art 30;52,1057
2017;chaco;impuesto sobre los activos fondo educacion ley 23906;impuesto sobre los activos fondo educacion ley 23906;0,0214
2017;chaco;i.v.a.ley 23966 art 5 punto 2;i.v.a.ley 23966 art 5 punto 2;190,356
2017;chaco;impuesto a los combustibles liquidos ley 23966 y 24699;obras de infraestructura;156,0513
2017;chaco;impuesto a los combustibles liquidos ley 23966 y 24699;vialidad provincial;247,3517
2017;chaco;impuesto a los combustibles liquidos ley 23966 y 24699;f.e.d.e.i.;31,8623095
2017;chaco;impuesto a los combustibles liquidos ley 23966 y 24699;ley 24464 fo.na.vi;702,0411
2017;chaco;regimen de energia electrica ley 24065;fondo para compensaciones de tarifa electrica;18,7585
2017;chaco;regimen de energia electrica ley 24065;f.e.d.e.i.;16,22813366
2017;chaco;fondo compensador de desequilibrios;fondo compensador de desequilibrios;6
2017;chaco;regimen simplificado para pequeños contribuyentes ley 24977 art 59 inciso a;regimen simplificado para pequeños contribuyentes ley 24977 art 59 inciso a;154,0512
2017;chubut;coparticipacion federal de impuestos neta ley 26075;coparticipacion federal de impuestos neta ley 26075;7421,4839
2017;chubut;financiamiento educativo ley 26075;financiamiento educativo ley 26075;1600,2516
2017;chubut;transferencia de servicios ley 24049;transferencia de servicios ley 24049;24,2004
2017;chubut;impuesto a las ganancias;obras de infraestructura basica social;385,4499
2017;chubut;impuesto a las ganancias;excedente obras de caracter social a buenos aires;1077,8812
2017;chubut;impuesto a las ganancias;ley 24699;6,8856
2017;chubut;impuesto sobre los bienes personales;ley 24699;183,606
2017;chubut;impuesto sobre los bienes personales;ley 23966 art 30;20,3826
2017;chubut;impuesto sobre los activos fondo educacion ley 23906;impuesto sobre los activos fondo educacion ley 23906;0,01
2017;chubut;i.v.a.ley 23966 art 5 punto 2;i.v.a.ley 23966 art 5 punto 2;74,4637
2017;chubut;impuesto a los combustibles liquidos ley 23966 y 24699;obras de infraestructura;49,4721
2017;chubut;impuesto a los combustibles liquidos ley 23966 y 24699;vialidad provincial;206,8695
2017;chubut;impuesto a los combustibles liquidos ley 23966 y 24699;f.e.d.e.i.;33,40708851
2017;chubut;impuesto a los combustibles liquidos ley 23966 y 24699;ley 24464 fo.na.vi;488,3763
2017;chubut;regimen de energia electrica ley 24065;fondo para compensaciones de tarifa electrica;28,3007
2017;chubut;regimen de energia electrica ley 24065;f.e.d.e.i.;17,01492152
2017;chubut;fondo compensador de desequilibrios;fondo compensador de desequilibrios;36
2017;chubut;regimen simplificado para pequeños contribuyentes ley 24977 art 59 inciso a;regimen simplificado para pequeños contribuyentes ley 24977 art 59 inciso a;48,8381
2017;entre rios;coparticipacion federal de impuestos neta ley 26075;coparticipacion federal de impuestos neta ley 26075;24432,6302
2017;entre rios;financiamiento educativo ley 26075;financiamiento educativo ley 26075;3476,0435
2017;entre rios;transferencia de servicios ley 24049;transferencia de servicios ley 24049;67,4988
2017;entre rios;impuesto a las ganancias;obras de infraestructura basica social;1021,5379
2017;entre rios;impuesto a las ganancias;excedente obras de caracter social a buenos aires;3327,8288
2017;entre rios;impuesto a las ganancias;ley 24699;21,258
2017;entre rios;impuesto sobre los bienes personales;ley 24699;566,8622
2017;entre rios;impuesto sobre los bienes personales;ley 23966 art 30;89,9541
2017;entre rios;impuesto sobre los activos fondo educacion ley 23906;impuesto sobre los activos fondo educacion ley 23906;0,0171
2017;entre rios;i.v.a.ley 23966 art 5 punto 2;i.v.a.ley 23966 art 5 punto 2;328,6264
2017;entre rios;impuesto a los combustibles liquidos ley 23966 y 24699;obras de infraestructura;152,7351
2017;entre rios;impuesto a los combustibles liquidos ley 23966 y 24699;vialidad provincial;238,3376
2017;entre rios;impuesto a los combustibles liquidos ley 23966 y 24699;f.e.d.e.i.;27,38424955
2017;entre rios;impuesto a los combustibles liquidos ley 23966 y 24699;ley 24464 fo.na.vi;595,2086
2017;entre rios;regimen de energia electrica ley 24065;fondo para compensaciones de tarifa electrica;18,8064
2017;entre rios;regimen de energia electrica ley 24065;f.e.d.e.i.;13,96589624
2017;entre rios;fondo compensador de desequilibrios;fondo compensador de desequilibrios;21,6
2017;entre rios;regimen simplificado para pequeños contribuyentes ley 24977 art 59 inciso a;regimen simplificado para pequeños contribuyentes ley 24977 art 59 inciso a;150,7774
2017;formosa;coparticipacion federal de impuestos neta ley 26075;coparticipacion federal de impuestos neta ley 26075;18497,353
2017;formosa;financiamiento educativo ley 26075;financiamiento educativo ley 26075;2310,2971
2017;formosa;transferencia de servicios ley 24049;transferencia de servicios ley 24049;20,7012
2017;formosa;impuesto a las ganancias;obras de infraestructura basica social;960,6412
2017;formosa;impuesto a las ganancias;excedente obras de caracter social a buenos aires;2481,1263
2017;formosa;impuesto a las ganancias;ley 24699;15,8496
2017;formosa;impuesto sobre los bienes personales;ley 24699;422,631
2017;formosa;impuesto sobre los bienes personales;ley 23966 art 30;24,2718
2017;formosa;impuesto sobre los activos fondo educacion ley 23906;impuesto sobre los activos fondo educacion ley 23906;0,0116
2017;formosa;i.v.a.ley 23966 art 5 punto 2;i.v.a.ley 23966 art 5 punto 2;88,6715
2017;formosa;impuesto a los combustibles liquidos ley 23966 y 24699;obras de infraestructura;113,8756
2017;formosa;impuesto a los combustibles liquidos ley 23966 y 24699;vialidad provincial;157,6447
2017;formosa;impuesto a los combustibles liquidos ley 23966 y 24699;f.e.d.e.i.;36,81854779
2017;formosa;impuesto a los combustibles liquidos ley 23966 y 24699;ley 24464 fo.na.vi;610,4705
2017;formosa;regimen de energia electrica ley 24065;fondo para compensaciones de tarifa electrica;19,8701
2017;formosa;regimen de energia electrica ley 24065;f.e.d.e.i.;18,75244884
2017;formosa;fondo compensador de desequilibrios;fondo compensador de desequilibrios;26,4
2017;formosa;regimen simplificado para pequeños contribuyentes ley 24977 art 59 inciso a;regimen simplificado para pequeños contribuyentes ley 24977 art 59 inciso a;112,4158
2017;jujuy;coparticipacion federal de impuestos neta ley 26075;coparticipacion federal de impuestos neta ley 26075;14023,8566
2017;jujuy;financiamiento educativo ley 26075;financiamiento educativo ley 26075;2214,918
2017;jujuy;transferencia de servicios ley 24049;transferencia de servicios ley 24049;33,3
2017;jujuy;impuesto a las ganancias;obras de infraestructura basica social;872,9697
2017;jujuy;impuesto a las ganancias;excedente obras de caracter social a buenos aires;1936,3362
2017;jujuy;impuesto a las ganancias;ley 24699;12,3696
2017;jujuy;impuesto sobre los bienes personales;ley 24699;329,8312
2017;jujuy;impuesto sobre los activos fondo educacion ley 23906;impuesto sobre los activos fondo educacion ley 23906;0,0106
2017;jujuy;impuesto a los combustibles liquidos ley 23966 y 24699;obras de infraestructura;88,8693
2017;jujuy;impuesto a los combustibles liquidos ley 23966 y 24699;vialidad provincial;147,9557
2017;jujuy;impuesto a los combustibles liquidos ley 23966 y 24699;f.e.d.e.i.;29,27912366
2017;jujuy;impuesto a los combustibles liquidos ley 23966 y 24699;ley 24464 fo.na.vi;457,8529
2017;jujuy;regimen de energia electrica ley 24065;fondo para compensaciones de tarifa electrica;19,7694
2017;jujuy;regimen de energia electrica ley 24065;f.e.d.e.i.;15,13255535
2017;jujuy;fondo compensador de desequilibrios;fondo compensador de desequilibrios;26,4
2017;jujuy;regimen simplificado para pequeños contribuyentes ley 24977 art 59 inciso a;regimen simplificado para pequeños contribuyentes ley 24977 art 59 inciso a;87,73
2017;la pampa;coparticipacion federal de impuestos neta ley 26075;coparticipacion federal de impuestos neta ley 26075;9412,6602
2017;la pampa;financiamiento educativo ley 26075;financiamiento educativo ley 26075;1208,1371
2017;la pampa;transferencia de servicios ley 24049;transferencia de servicios ley 24049;19,2
2017;la pampa;impuesto a las ganancias;obras de infraestructura basica social;131,9776
2017;la pampa;impuesto a las ganancias;excedente obras de caracter social a buenos aires;1298,5593
2017;la pampa;impuesto a las ganancias;ley 24699;8,1756
2017;la pampa;impuesto sobre los bienes personales;ley 24699;221,5828
2017;la pampa;impuesto sobre los bienes personales;ley 23966 art 30;17,8455
2017;la pampa;impuesto sobre los activos fondo educacion ley 23906;impuesto sobre los activos fondo educacion ley 23906;0,0089
2017;la pampa;i.v.a.ley 23966 art 5 punto 2;i.v.a.ley 23966 art 5 punto 2;65,0466
2017;la pampa;impuesto a los combustibles liquidos ley 23966 y 24699;obras de infraestructura;59,5236
2017;la pampa;impuesto a los combustibles liquidos ley 23966 y 24699;vialidad provincial;152,0016
2017;la pampa;impuesto a los combustibles liquidos ley 23966 y 24699;f.e.d.e.i.;26,37531244
2017;la pampa;impuesto a los combustibles liquidos ley 23966 y 24699;ley 24464 fo.na.vi;309,2834
2017;la pampa;regimen de energia electrica ley 24065;fondo para compensaciones de tarifa electrica;25,4886
2017;la pampa;regimen de energia electrica ley 24065;f.e.d.e.i.;13,43349276
2017;la pampa;fondo compensador de desequilibrios;fondo compensador de desequilibrios;30
2017;la pampa;regimen simplificado para pequeños contribuyentes ley 24977 art 59 inciso a;regimen simplificado para pequeños contribuyentes ley 24977 art 59 inciso a;58,7883
2017;la rioja;coparticipacion federal de impuestos neta ley 26075;coparticipacion federal de impuestos neta ley 26075;10436,1435
2017;la rioja;financiamiento educativo ley 26075;financiamiento educativo ley 26075;1398,8953
2017;la rioja;transferencia de servicios ley 24049;transferencia de servicios ley 24049;20,2992
2017;la rioja;impuesto a las ganancias;obras de infraestructura basica social;370,8271
2017;la rioja;impuesto a las ganancias;excedente obras de caracter social a buenos aires;1411,2245
2017;la rioja;impuesto a las ganancias;ley 24699;9,0144
2017;la rioja;impuesto sobre los bienes personales;ley 24699;240,3855
2017;la rioja;impuesto sobre los activos fondo educacion ley 23906;impuesto sobre los activos fondo educacion ley 23906;0,0085
2017;la rioja;impuesto a los combustibles liquidos ley 23966 y 24699;obras de infraestructura;64,7699
2017;la rioja;impuesto a los combustibles liquidos ley 23966 y 24699;vialidad provincial;142,3543
2017;la rioja;impuesto a los combustibles liquidos ley 23966 y 24699;f.e.d.e.i.;34,75004823
2017;la rioja;impuesto a los combustibles liquidos ley 23966 y 24699;ley 24464 fo.na.vi;305,2352
2017;la rioja;regimen de energia electrica ley 24065;fondo para compensaciones de tarifa electrica;21,2492
2017;la rioja;regimen de energia electrica ley 24065;f.e.d.e.i.;17,69891845
2017;la rioja;fondo compensador de desequilibrios;fondo compensador de desequilibrios;26,4
2017;la rioja;regimen simplificado para pequeños contribuyentes ley 24977 art 59 inciso a;regimen simplificado para pequeños contribuyentes ley 24977 art 59 inciso a;63,9399
2017;mendoza;coparticipacion federal de impuestos neta ley 26075;coparticipacion federal de impuestos neta ley 26075;19076,854
2017;mendoza;financiamiento educativo ley 26075;financiamiento educativo ley 26075;4758,3643
2017;mendoza;transferencia de servicios ley 24049;transferencia de servicios ley 24049;61,6992
2017;mendoza;impuesto a las ganancias;obras de infraestructura basica social;1280,0876
2017;mendoza;impuesto a las ganancias;excedente obras de caracter social a buenos aires;2842,1272
2017;mendoza;impuesto a las ganancias;ley 24699;18,1548
2017;mendoza;impuesto sobre los bienes personales;ley 24699;484,125
2017;mendoza;impuesto sobre los activos fondo educacion ley 23906;impuesto sobre los activos fondo educacion ley 23906;0,018
2017;mendoza;impuesto a los combustibles liquidos ley 23966 y 24699;obras de infraestructura;130,4444
2017;mendoza;impuesto a los combustibles liquidos ley 23966 y 24699;vialidad provincial;282,7892
2017;mendoza;impuesto a los combustibles liquidos ley 23966 y 24699;f.e.d.e.i.;26,97277586
2017;mendoza;impuesto a los combustibles liquidos ley 23966 y 24699;ley 24464 fo.na.vi;610,4705
2017;mendoza;regimen de energia electrica ley 24065;fondo para compensaciones de tarifa electrica;14,6774
2017;mendoza;regimen de energia electrica ley 24065;f.e.d.e.i.;13,73779305
2017;mendoza;fondo compensador de desequilibrios;fondo compensador de desequilibrios;26,4
2017;mendoza;regimen simplificado para pequeños contribuyentes ley 24977 art 59 inciso a;regimen simplificado para pequeños contribuyentes ley 24977 art 59 inciso a;128,7723
2017;misiones;coparticipacion federal de impuestos neta ley 26075;coparticipacion federal de impuestos neta ley 26075;14822,0995
2017;misiones;financiamiento educativo ley 26075;financiamiento educativo ley 26075;4058,9162
2017;misiones;transferencia de servicios ley 24049;transferencia de servicios ley 24049;34,1004
2017;misiones;impuesto a las ganancias;obras de infraestructura basica social;1508,5468
2017;misiones;impuesto a las ganancias;excedente obras de caracter social a buenos aires;2251,3496
2017;misiones;impuesto a las ganancias;ley 24699;14,382
2017;misiones;impuesto sobre los bienes personales;ley 24699;383,4985
2017;misiones;impuesto sobre los bienes personales;ley 23966 art 30;28,4563
2017;misiones;impuesto sobre los activos fondo educacion ley 23906;impuesto sobre los activos fondo educacion ley 23906;0,0135
2017;misiones;i.v.a.ley 23966 art 5 punto 2;i.v.a.ley 23966 art 5 punto 2;103,9577
2017;misiones;impuesto a los combustibles liquidos ley 23966 y 24699;obras de infraestructura;103,3293
2017;misiones;impuesto a los combustibles liquidos ley 23966 y 24699;vialidad provincial;267,2851
2017;misiones;impuesto a los combustibles liquidos ley 23966 y 24699;f.e.d.e.i.;46,9222143
2017;misiones;impuesto a los combustibles liquidos ley 23966 y 24699;ley 24464 fo.na.vi;717,3027
2017;misiones;regimen de energia electrica ley 24065;fondo para compensaciones de tarifa electrica;28,9379
2017;misiones;regimen de energia electrica ley 24065;f.e.d.e.i.;26,37901853
2017;misiones;fondo compensador de desequilibrios;fondo compensador de desequilibrios;26,4
2017;misiones;regimen simplificado para pequeños contribuyentes ley 24977 art 59 inciso a;regimen simplificado para pequeños contribuyentes ley 24977 art 59 inciso a;102,0049
2017;neuquen;coparticipacion federal de impuestos neta ley 26075;coparticipacion federal de impuestos neta ley 26075;8214,1001
2017;neuquen;financiamiento educativo ley 26075;financiamiento educativo ley 26075;1706,2289
2017;neuquen;transferencia de servicios ley 24049;transferencia de servicios ley 24049;17,3988
2017;neuquen;impuesto a las ganancias;obras de infraestructura basica social;486,112
2017;neuquen;impuesto a las ganancias;excedente obras de caracter social a buenos aires;1182,9032
2017;neuquen;impuesto a las ganancias;ley 24699;7,5564
2017;neuquen;impuesto sobre los bienes personales;ley 24699;201,4952
2017;neuquen;impuesto sobre los bienes personales;ley 23966 art 30;12,7976
2017;neuquen;impuesto sobre los activos fondo educacion ley 23906;impuesto sobre los activos fondo educacion ley 23906;0,012
2017;neuquen;i.v.a.ley 23966 art 5 punto 2;i.v.a.ley 23966 art 5 punto 2;46,7526
2017;neuquen;impuesto a los combustibles liquidos ley 23966 y 24699;obras de infraestructura;54,2901
2017;neuquen;impuesto a los combustibles liquidos ley 23966 y 24699;vialidad provincial;202,8182
2017;neuquen;impuesto a los combustibles liquidos ley 23966 y 24699;f.e.d.e.i.;30,9821075
2017;neuquen;impuesto a los combustibles liquidos ley 23966 y 24699;ley 24464 fo.na.vi;656,2556
2017;neuquen;regimen de energia electrica ley 24065;fondo para compensaciones de tarifa electrica;23,0269
2017;neuquen;regimen de energia electrica ley 24065;f.e.d.e.i.;15,77982908
2017;neuquen;fondo compensador de desequilibrios;fondo compensador de desequilibrios;30
2017;neuquen;regimen simplificado para pequeños contribuyentes ley 24977 art 59 inciso a;regimen simplificado para pequeños contribuyentes ley 24977 art 59 inciso a;53,5942
2017;rio negro;coparticipacion federal de impuestos neta ley 26075;coparticipacion federal de impuestos neta ley 26075;12504,0511
2017;rio negro;financiamiento educativo ley 26075;financiamiento educativo ley 26075;1918,1821
2017;rio negro;transferencia de servicios ley 24049;transferencia de servicios ley 24049;14,6004
2017;rio negro;impuesto a las ganancias;obras de infraestructura basica social;529,0986
2017;rio negro;impuesto a las ganancias;excedente obras de caracter social a buenos aires;1719,7141
2017;rio negro;impuesto a las ganancias;ley 24699;10,9848
2017;rio negro;impuesto sobre los bienes personales;ley 24699;292,9345
2017;rio negro;impuesto sobre los activos fondo educacion ley 23906;impuesto sobre los activos fondo educacion ley 23906;0,0139
2017;rio negro;impuesto a los combustibles liquidos ley 23966 y 24699;obras de infraestructura;78,9299
2017;rio negro;impuesto a los combustibles liquidos ley 23966 y 24699;vialidad provincial;165,0744
2017;rio negro;impuesto a los combustibles liquidos ley 23966 y 24699;f.e.d.e.i.;28,78792334
2017;rio negro;impuesto a los combustibles liquidos ley 23966 y 24699;ley 24464 fo.na.vi;686,7793
2017;rio negro;regimen de energia electrica ley 24065;fondo para compensaciones de tarifa electrica;14,5229
2017;rio negro;regimen de energia electrica ley 24065;f.e.d.e.i.;14,66228506
2017;rio negro;fondo compensador de desequilibrios;fondo compensador de desequilibrios;30
2017;rio negro;regimen simplificado para pequeños contribuyentes ley 24977 art 59 inciso a;regimen simplificado para pequeños contribuyentes ley 24977 art 59 inciso a;77,9183
2017;salta;coparticipacion federal de impuestos neta ley 26075;coparticipacion federal de impuestos neta ley 26075;17870,8629
2017;salta;financiamiento educativo ley 26075;financiamiento educativo ley 26075;4037,7212
2017;salta;transferencia de servicios ley 24049;transferencia de servicios ley 24049;39,8004
2017;salta;impuesto a las ganancias;obras de infraestructura basica social;2057,3473
2017;salta;impuesto a las ganancias;excedente obras de caracter social a buenos aires;2612,4043
2017;salta;impuesto a las ganancias;ley 24699;16,6872
2017;salta;impuesto sobre los bienes personales;ley 24699;444,9926
2017;salta;impuesto sobre los activos fondo educacion ley 23906;impuesto sobre los activos fondo educacion ley 23906;0,0184
2017;salta;impuesto a los combustibles liquidos ley 23966 y 24699;obras de infraestructura;119,9009
2017;salta;impuesto a los combustibles liquidos ley 23966 y 24699;vialidad provincial;213,6406
2017;salta;impuesto a los combustibles liquidos ley 23966 y 24699;f.e.d.e.i.;29,45127059
2017;salta;impuesto a los combustibles liquidos ley 23966 y 24699;ley 24464 fo.na.vi;610,4705
2017;salta;regimen de energia electrica ley 24065;fondo para compensaciones de tarifa electrica;18,8514
2017;salta;regimen de energia electrica ley 24065;f.e.d.e.i.;15,04014917
2017;salta;fondo compensador de desequilibrios;fondo compensador de desequilibrios;30
2017;salta;regimen simplificado para pequeños contribuyentes ley 24977 art 59 inciso a;regimen simplificado para pequeños contribuyentes ley 24977 art 59 inciso a;118,3644
2017;san juan;coparticipacion federal de impuestos neta ley 26075;coparticipacion federal de impuestos neta ley 26075;16777,943
2017;san juan;financiamiento educativo ley 26075;financiamiento educativo ley 26075;2543,4463
2017;san juan;transferencia de servicios ley 24049;transferencia de servicios ley 24049;30,0996
2017;san juan;impuesto a las ganancias;obras de infraestructura basica social;682,6148
2017;san juan;impuesto a las ganancias;excedente obras de caracter social a buenos aires;2303,8605
2017;san juan;impuesto a las ganancias;ley 24699;14,7168
2017;san juan;impuesto sobre los bienes personales;ley 24699;392,4432
2017;san juan;impuesto sobre los activos fondo educacion ley 23906;impuesto sobre los activos fondo educacion ley 23906;0,0101
2017;san juan;impuesto a los combustibles liquidos ley 23966 y 24699;obras de infraestructura;105,7413
2017;san juan;impuesto a los combustibles liquidos ley 23966 y 24699;vialidad provincial;169,5821
2017;san juan;impuesto a los combustibles liquidos ley 23966 y 24699;f.e.d.e.i.;27,2843557
2017;san juan;impuesto a los combustibles liquidos ley 23966 y 24699;ley 24464 fo.na.vi;557,0544
2017;san juan;regimen de energia electrica ley 24065;fondo para compensaciones de tarifa electrica;14,7163
2017;san juan;regimen de energia electrica ley 24065;f.e.d.e.i.;13,89648746
2017;san juan;fondo compensador de desequilibrios;fondo compensador de desequilibrios;26,4
2017;san juan;regimen simplificado para pequeños contribuyentes ley 24977 art 59 inciso a;regimen simplificado para pequeños contribuyentes ley 24977 art 59 inciso a;104,3859
2017;san luis;coparticipacion federal de impuestos neta ley 26075;coparticipacion federal de impuestos neta ley 26075;12926,62
2017;san luis;financiamiento educativo ley 26075;financiamiento educativo ley 26075;1557,8606
2017;san luis;transferencia de servicios ley 24049;transferencia de servicios ley 24049;18,9012
2017;san luis;impuesto a las ganancias;obras de infraestructura basica social;332,3844
2017;san luis;impuesto a las ganancias;excedente obras de caracter social a buenos aires;1555,6034
2017;san luis;impuesto a las ganancias;ley 24699;9,9372
2017;san luis;impuesto sobre los bienes personales;ley 24699;264,983
2017;san luis;impuesto sobre los activos fondo educacion ley 23906;impuesto sobre los activos fondo educacion ley 23906;0,0085
2017;san luis;impuesto a los combustibles liquidos ley 23966 y 24699;obras de infraestructura;71,3964
2017;san luis;impuesto a los combustibles liquidos ley 23966 y 24699;vialidad provincial;144,1907
2017;san luis;impuesto a los combustibles liquidos ley 23966 y 24699;f.e.d.e.i.;26,72837722
2017;san luis;impuesto a los combustibles liquidos ley 23966 y 24699;ley 24464 fo.na.vi;557,0544
2017;san luis;regimen de energia electrica ley 24065;fondo para compensaciones de tarifa electrica;16,2874
2017;san luis;regimen de energia electrica ley 24065;f.e.d.e.i.;13,61331631
2017;san luis;fondo compensador de desequilibrios;fondo compensador de desequilibrios;26,4
2017;san luis;regimen simplificado para pequeños contribuyentes ley 24977 art 59 inciso a;regimen simplificado para pequeños contribuyentes ley 24977 art 59 inciso a;70,4811
2017;santa cruz;coparticipacion federal de impuestos neta ley 26075;coparticipacion federal de impuestos neta ley 26075;8234,1566
2017;santa cruz;financiamiento educativo ley 26075;financiamiento educativo ley 26075;805,4247
2017;santa cruz;transferencia de servicios ley 24049;transferencia de servicios ley 24049;8,4996
2017;santa cruz;impuesto a las ganancias;obras de infraestructura basica social;186,2082
2017;santa cruz;impuesto a las ganancias;excedente obras de caracter social a buenos aires;1077,8812
2017;santa cruz;impuesto a las ganancias;ley 24699;6,8856
2017;santa cruz;impuesto sobre los bienes personales;ley 24699;183,606
2017;santa cruz;impuesto sobre los bienes personales;ley 23966 art 30;16,5935
2017;santa cruz;impuesto sobre los activos fondo educacion ley 23906;impuesto sobre los activos fondo educacion ley 23906;0,0086
2017;santa cruz;i.v.a.ley 23966 art 5 punto 2;i.v.a.ley 23966 art 5 punto 2;60,6202
2017;santa cruz;impuesto a los combustibles liquidos ley 23966 y 24699;obras de infraestructura;49,4721
2017;santa cruz;impuesto a los combustibles liquidos ley 23966 y 24699;vialidad provincial;161,0264
2017;santa cruz;impuesto a los combustibles liquidos ley 23966 y 24699;f.e.d.e.i.;37,60833081
2017;santa cruz;impuesto a los combustibles liquidos ley 23966 y 24699;ley 24464 fo.na.vi;488,3763
2017;santa cruz;regimen de energia electrica ley 24065;fondo para compensaciones de tarifa electrica;51,8948
2017;santa cruz;regimen de energia electrica ley 24065;f.e.d.e.i.;19,15470157
2017;santa cruz;fondo compensador de desequilibrios;fondo compensador de desequilibrios;36
2017;santa cruz;regimen simplificado para pequeños contribuyentes ley 24977 art 59 inciso a;regimen simplificado para pequeños contribuyentes ley 24977 art 59 inciso a;48,8381
2017;santa fe;coparticipacion federal de impuestos neta ley 26075;coparticipacion federal de impuestos neta ley 26075;50540,5046
2017;santa fe;financiamiento educativo ley 26075;financiamiento educativo ley 26075;6973,2817
2017;santa fe;transferencia de servicios ley 24049;transferencia de servicios ley 24049;135,4896
2017;santa fe;impuesto a las ganancias;obras de infraestructura basica social;2195,6144
2017;santa fe;impuesto a las ganancias;excedente obras de caracter social a buenos aires;6179,7103
2017;santa fe;impuesto a las ganancias;ley 24699;38,91
2017;santa fe;impuesto sobre los bienes personales;ley 24699;1054,5068
2017;santa fe;impuesto sobre los bienes personales;ley 23966 art 30;227,4457
2017;santa fe;impuesto sobre los activos fondo educacion ley 23906;impuesto sobre los activos fondo educacion ley 23906;0,0349
2017;santa fe;i.v.a.ley 23966 art 5 punto 2;i.v.a.ley 23966 art 5 punto 2;829,0465
2017;santa fe;impuesto a los combustibles liquidos ley 23966 y 24699;obras de infraestructura;313,2736
2017;santa fe;impuesto a los combustibles liquidos ley 23966 y 24699;vialidad provincial;441,4295
2017;santa fe;impuesto a los combustibles liquidos ley 23966 y 24699;f.e.d.e.i.;23,69656945
2017;santa fe;impuesto a los combustibles liquidos ley 23966 y 24699;ley 24464 fo.na.vi;873,7259
2017;santa fe;regimen de energia electrica ley 24065;fondo para compensaciones de tarifa electrica;11,9649
2017;santa fe;regimen de energia electrica ley 24065;f.e.d.e.i.;12,06915356
2017;santa fe;fondo compensador de desequilibrios;fondo compensador de desequilibrios;6
2017;santa fe;regimen simplificado para pequeños contribuyentes ley 24977 art 59 inciso a;regimen simplificado para pequeños contribuyentes ley 24977 art 59 inciso a;279,7748
2017;sgo. del estero;coparticipacion federal de impuestos neta ley 26075;coparticipacion federal de impuestos neta ley 26075;19927,0342
2017;sgo. del estero;financiamiento educativo ley 26075;financiamiento educativo ley 26075;3687,997
2017;sgo. del estero;transferencia de servicios ley 24049;transferencia de servicios ley 24049;31,5996
2017;sgo. del estero;impuesto a las ganancias;obras de infraestructura basica social;1424,0684
2017;sgo. del estero;impuesto a las ganancias;excedente obras de caracter social a buenos aires;2815,8719
2017;sgo. del estero;impuesto a las ganancias;ley 24699;17,988
2017;sgo. del estero;impuesto sobre los bienes personales;ley 24699;479,6528
2017;sgo. del estero;impuesto sobre los activos fondo educacion ley 23906;impuesto sobre los activos fondo educacion ley 23906;0,0172
2017;sgo. del estero;impuesto a los combustibles liquidos ley 23966 y 24699;obras de infraestructura;129,2398
2017;sgo. del estero;impuesto a los combustibles liquidos ley 23966 y 24699;vialidad provincial;256,5011
2017;sgo. del estero;impuesto a los combustibles liquidos ley 23966 y 24699;f.e.d.e.i.;31,59501635
2017;sgo. del estero;impuesto a los combustibles liquidos ley 23966 y 24699;ley 24464 fo.na.vi;656,2556
2017;sgo. del estero;regimen de energia electrica ley 24065;fondo para compensaciones de tarifa electrica;14,9993
2017;sgo. del estero;regimen de energia electrica ley 24065;f.e.d.e.i.;16,09199637
2017;sgo. del estero;fondo compensador de desequilibrios;fondo compensador de desequilibrios;26,4
2017;sgo. del estero;regimen simplificado para pequeños contribuyentes ley 24977 art 59 inciso a;regimen simplificado para pequeños contribuyentes ley 24977 art 59 inciso a;127,5832
2017;tucuman;coparticipacion federal de impuestos neta ley 26075;coparticipacion federal de impuestos neta ley 26075;22773,8285
2017;tucuman;financiamiento educativo ley 26075;financiamiento educativo ley 26075;4419,2378
2017;tucuman;transferencia de servicios ley 24049;transferencia de servicios ley 24049;55,8
2017;tucuman;impuesto a las ganancias;obras de infraestructura basica social;1711,2131
2017;tucuman;impuesto a las ganancias;excedente obras de caracter social a buenos aires;3242,4846
2017;tucuman;impuesto a las ganancias;ley 24699;20,7132
2017;tucuman;impuesto sobre los bienes personales;ley 24699;552,3273
2017;tucuman;impuesto sobre los activos fondo educacion ley 23906;impuesto sobre los activos fondo educacion ley 23906;0,0157
2017;tucuman;impuesto a los combustibles liquidos ley 23966 y 24699;obras de infraestructura;148,8212
2017;tucuman;impuesto a los combustibles liquidos ley 23966 y 24699;vialidad provincial;207,2193
2017;tucuman;impuesto a los combustibles liquidos ley 23966 y 24699;f.e.d.e.i.;24,0337493
2017;tucuman;impuesto a los combustibles liquidos ley 23966 y 24699;ley 24464 fo.na.vi;640,9939
2017;tucuman;regimen de energia electrica ley 24065;fondo para compensaciones de tarifa electrica;10,0273
2017;tucuman;regimen de energia electrica ley 24065;f.e.d.e.i.;12,39433784
2017;tucuman;fondo compensador de desequilibrios;fondo compensador de desequilibrios;26,4
2017;tucuman;regimen simplificado para pequeños contribuyentes ley 24977 art 59 inciso a;regimen simplificado para pequeños contribuyentes ley 24977 art 59 inciso a;146,9137
2017;tierra del fuego;coparticipacion federal de impuestos neta ley 26075;coparticipacion federal de impuestos neta ley 26075;6682,3195
2017;tierra del fuego;financiamiento educativo ley 26075;financiamiento educativo ley 26075;370,9192
2017;tierra del fuego;transferencia de servicios ley 24049;transferencia de servicios ley 24049;12
2017;tierra del fuego;impuesto a las ganancias;obras de infraestructura basica social;130,043
2017;tierra del fuego;impuesto a las ganancias;excedente obras de caracter social a buenos aires;840,6101
2017;tierra del fuego;impuesto a las ganancias;ley 24699;5,37
2017;tierra del fuego;impuesto sobre los bienes personales;ley 24699;143,185
2017;tierra del fuego;impuesto sobre los bienes personales;ley 23966 art 30;1,4718
2017;tierra del fuego;impuesto sobre los activos fondo educacion ley 23906;impuesto sobre los activos fondo educacion ley 23906;0,0039
2017;tierra del fuego;i.v.a.ley 23966 art 5 punto 2;i.v.a.ley 23966 art 5 punto 2;5,3768
2017;tierra del fuego;impuesto a los combustibles liquidos ley 23966 y 24699;obras de infraestructura;38,5813
2017;tierra del fuego;impuesto a los combustibles liquidos ley 23966 y 24699;vialidad provincial;103,294
2017;tierra del fuego;impuesto a los combustibles liquidos ley 23966 y 24699;f.e.d.e.i.;27,6568994
2017;tierra del fuego;impuesto a los combustibles liquidos ley 23966 y 24699;ley 24464 fo.na.vi;404,4369
2017;tierra del fuego;regimen de energia electrica ley 24065;fondo para compensaciones de tarifa electrica;11,8162
2017;tierra del fuego;regimen de energia electrica ley 24065;f.e.d.e.i.;14,08623109
2017;tierra del fuego;fondo compensador de desequilibrios;fondo compensador de desequilibrios;36
2017;tierra del fuego;regimen simplificado para pequeños contribuyentes ley 24977 art 59 inciso a;regimen simplificado para pequeños contribuyentes ley 24977 art 59 inciso a;38,0869
2017;c.a.b.a;coparticipacion federal de impuestos neta ley 26075;coparticipacion federal de impuestos neta ley 26075;32243,3138
2017;c.a.b.a;financiamiento educativo ley 26075;financiamiento educativo ley 26075;5606,1796
2017;c.a.b.a;impuesto sobre los activos fondo educacion ley 23906;impuesto sobre los activos fondo educacion ley 23906;0,0151
2017;c.a.b.a;impuesto a los combustibles liquidos ley 23966 y 24699;ley 24464 fo.na.vi;198,403
2017;tesoro nacional;coparticipacion federal de impuestos neta ley 26075;coparticipacion federal de impuestos neta ley 26075;382431,2792
2017;tesoro nacional;impuesto sobre los bienes personales;ley 24699;8517,4707
2017;tesoro nacional;impuesto sobre los activos fondo educacion ley 23906;impuesto sobre los activos fondo educacion ley 23906;0,2257
2017;tesoro nacional;impuesto a los combustibles liquidos ley 23966 y 24699;vialidad provincial;10532,66339
2017;seguridad social;coparticipacion federal de impuestos neta ley 26075;coparticipacion federal de impuestos neta ley 26075;88483,6623
2017;seguridad social;impuesto a las ganancias;obras de infraestructura basica social;109125,8344
2017;seguridad social;impuesto a las ganancias;ley 24699;120
2017;seguridad social;i.v.a.ley 23966 art 5 punto 2;i.v.a.ley 23966 art 5 punto 2;74727,5331
2017;seguridad social;regimen simplificado para pequeños contribuyentes ley 24977 art 59 inciso a;regimen simplificado para pequeños contribuyentes ley 24977 art 59 inciso a;7281,9712
2017;fondo a.t.n.;coparticipacion federal de impuestos neta ley 26075;coparticipacion federal de impuestos neta ley 26075;10093,198
2017;fondo a.t.n.;impuesto a las ganancias;obras de infraestructura basica social;11036,5769
2017;fondo a.t.n.;impuesto a las ganancias;ley 24699;20
2017;fondo a.t.n.;impuesto sobre los bienes personales;ley 24699;204,55
2018;buenos aires;coparticipacion federal de impuestos neta ley 26075;coparticipacion federal de impuestos neta ley 26075;159762,1114
2018;buenos aires;financiamiento educativo ley 26075;financiamiento educativo ley 26075;43768,618
2018;buenos aires;transferencia de servicios ley 24049;transferencia de servicios ley 24049;420,1008
2018;buenos aires;impuesto sobre los bienes personales;ley 24699;1664,411
2018;buenos aires;impuesto sobre los bienes personales;ley 23966 art 30;396,2477
2018;buenos aires;impuesto sobre los activos fondo educacion ley 23906;impuesto sobre los activos fondo educacion ley 23906;0,0891
2018;buenos aires;i.v.a.ley 23966 art 5 punto 2;i.v.a.ley 23966 art 5 punto 2;3178,4093
2018;buenos aires;impuesto a los combustibles liquidos ley 23966 y 24699;obras de infraestructura;709,5456
2018;buenos aires;impuesto a los combustibles liquidos ley 23966 y 24699;vialidad provincial;1658,1753
2018;buenos aires;impuesto a los combustibles liquidos ley 23966 y 24699;f.e.d.e.i.;34,27411103
2018;buenos aires;impuesto a los combustibles liquidos ley 23966 y 24699;ley 24464 fo.na.vi;2383,5214
2018;buenos aires;regimen de energia electrica ley 24065;fondo para compensaciones de tarifa electrica;37,0712
2018;buenos aires;regimen de energia electrica ley 24065;f.e.d.e.i.;19,13535271
2018;buenos aires;regimen simplificado para pequeños contribuyentes ley 24977 art 59 inciso a;regimen simplificado para pequeños contribuyentes ley 24977 art 59 inciso a;1025,9401
2018;catamarca;coparticipacion federal de impuestos neta ley 26075;coparticipacion federal de impuestos neta ley 26075;23287,8397
2018;catamarca;financiamiento educativo ley 26075;financiamiento educativo ley 26075;2230,7616
2018;catamarca;transferencia de servicios ley 24049;transferencia de servicios ley 24049;21,3996
2018;catamarca;impuesto sobre los bienes personales;ley 24699;208,7588
2018;catamarca;impuesto sobre los activos fondo educacion ley 23906;impuesto sobre los activos fondo educacion ley 23906;0,0067
2018;catamarca;impuesto a los combustibles liquidos ley 23966 y 24699;obras de infraestructura;92,7589
2018;catamarca;impuesto a los combustibles liquidos ley 23966 y 24699;vialidad provincial;140,8661
2018;catamarca;impuesto a los combustibles liquidos ley 23966 y 24699;f.e.d.e.i.;51,65607031
2018;catamarca;impuesto a los combustibles liquidos ley 23966 y 24699;ley 24464 fo.na.vi;345,1997
2018;catamarca;regimen de energia electrica ley 24065;fondo para compensaciones de tarifa electrica;36,1111
2018;catamarca;regimen de energia electrica ley 24065;f.e.d.e.i.;28,83975964
2018;catamarca;fondo compensador de desequilibrios;fondo compensador de desequilibrios;26,4
2018;catamarca;regimen simplificado para pequeños contribuyentes ley 24977 art 59 inciso a;regimen simplificado para pequeños contribuyentes ley 24977 art 59 inciso a;128,6804
2018;catamarca;consenso fiscal ley 27429 compensacion;consenso fiscal ley 27429 compensacion;194,6079488
2018;cordoba;coparticipacion federal de impuestos neta ley 26075;coparticipacion federal de impuestos neta ley 26075;77651,2938
2018;cordoba;financiamiento educativo ley 26075;financiamiento educativo ley 26075;9877,1673
2018;cordoba;transferencia de servicios ley 24049;transferencia de servicios ley 24049;125,3004
2018;cordoba;impuesto sobre los bienes personales;ley 24699;672,9911
2018;cordoba;impuesto sobre los bienes personales;ley 23966 art 30;135,3203
2018;cordoba;impuesto sobre los activos fondo educacion ley 23906;impuesto sobre los activos fondo educacion ley 23906;0,0247
2018;cordoba;i.v.a.ley 23966 art 5 punto 2;i.v.a.ley 23966 art 5 punto 2;1085,4405
2018;cordoba;impuesto a los combustibles liquidos ley 23966 y 24699;obras de infraestructura;299,0313
2018;cordoba;impuesto a los combustibles liquidos ley 23966 y 24699;vialidad provincial;611,0822
2018;cordoba;impuesto a los combustibles liquidos ley 23966 y 24699;f.e.d.e.i.;34,27411103
2018;cordoba;impuesto a los combustibles liquidos ley 23966 y 24699;ley 24464 fo.na.vi;928,7515
2018;cordoba;regimen de energia electrica ley 24065;fondo para compensaciones de tarifa electrica;25,1103
2018;cordoba;regimen de energia electrica ley 24065;f.e.d.e.i.;19,13535271
2018;cordoba;fondo compensador de desequilibrios;fondo compensador de desequilibrios;6
2018;cordoba;regimen simplificado para pequeños contribuyentes ley 24977 art 59 inciso a;regimen simplificado para pequeños contribuyentes ley 24977 art 59 inciso a;414,8332
2018;cordoba;consenso fiscal ley 27429 compensacion;consenso fiscal ley 27429 compensacion;1133,084209
2018;corrientes;coparticipacion federal de impuestos neta ley 26075;coparticipacion federal de impuestos neta ley 26075;30079,3108
2018;corrientes;financiamiento educativo ley 26075;financiamiento educativo ley 26075;4354,0165
2018;corrientes;transferencia de servicios ley 24049;transferencia de servicios ley 24049;38,6004
2018;corrientes;impuesto sobre los bienes personales;ley 24699;281,7511
2018;corrientes;impuesto sobre los bienes personales;ley 23966 art 30;43,269
2018;corrientes;impuesto sobre los activos fondo educacion ley 23906;impuesto sobre los activos fondo educacion ley 23906;0,0111
2018;corrientes;i.v.a.ley 23966 art 5 punto 2;i.v.a.ley 23966 art 5 punto 2;347,0736
2018;corrientes;impuesto a los combustibles liquidos ley 23966 y 24699;obras de infraestructura;125,1908
2018;corrientes;impuesto a los combustibles liquidos ley 23966 y 24699;vialidad provincial;196,1365
2018;corrientes;impuesto a los combustibles liquidos ley 23966 y 24699;f.e.d.e.i.;43,39084188
2018;corrientes;impuesto a los combustibles liquidos ley 23966 y 24699;ley 24464 fo.na.vi;813,6848
2018;corrientes;regimen de energia electrica ley 24065;fondo para compensaciones de tarifa electrica;34,9667
2018;corrientes;regimen de energia electrica ley 24065;f.e.d.e.i.;24,22525474
2018;corrientes;fondo compensador de desequilibrios;fondo compensador de desequilibrios;18
2018;corrientes;regimen simplificado para pequeños contribuyentes ley 24977 art 59 inciso a;regimen simplificado para pequeños contribuyentes ley 24977 art 59 inciso a;173,6717
2018;corrientes;consenso fiscal ley 27429 compensacion;consenso fiscal ley 27429 compensacion;1418,212612
2018;chaco;coparticipacion federal de impuestos neta ley 26075;coparticipacion federal de impuestos neta ley 26075;41239,6344
2018;chaco;financiamiento educativo ley 26075;financiamiento educativo ley 26075;4972,1794
2018;chaco;transferencia de servicios ley 24049;transferencia de servicios ley 24049;33,6
2018;chaco;impuesto sobre los bienes personales;ley 24699;378,1013
2018;chaco;impuesto sobre los bienes personales;ley 23966 art 30;34,017
2018;chaco;impuesto sobre los activos fondo educacion ley 23906;impuesto sobre los activos fondo educacion ley 23906;0,0144
2018;chaco;i.v.a.ley 23966 art 5 punto 2;i.v.a.ley 23966 art 5 punto 2;272,8587
2018;chaco;impuesto a los combustibles liquidos ley 23966 y 24699;obras de infraestructura;168,0033
2018;chaco;impuesto a los combustibles liquidos ley 23966 y 24699;vialidad provincial;245,0079
2018;chaco;impuesto a los combustibles liquidos ley 23966 y 24699;f.e.d.e.i.;42,09796343
2018;chaco;impuesto a los combustibles liquidos ley 23966 y 24699;ley 24464 fo.na.vi;756,1517
2018;chaco;regimen de energia electrica ley 24065;fondo para compensaciones de tarifa electrica;35,7857
2018;chaco;regimen de energia electrica ley 24065;f.e.d.e.i.;25,72931685
2018;chaco;fondo compensador de desequilibrios;fondo compensador de desequilibrios;6
2018;chaco;regimen simplificado para pequeños contribuyentes ley 24977 art 59 inciso a;regimen simplificado para pequeños contribuyentes ley 24977 art 59 inciso a;233,064
2018;chaco;consenso fiscal ley 27429 compensacion;consenso fiscal ley 27429 compensacion;1729,359997
2018;chubut;coparticipacion federal de impuestos neta ley 26075;coparticipacion federal de impuestos neta ley 26075;12619,406
2018;chubut;financiamiento educativo ley 26075;financiamiento educativo ley 26075;2029,1868
2018;chubut;transferencia de servicios ley 24049;transferencia de servicios ley 24049;24,2004
2018;chubut;impuesto sobre los bienes personales;ley 24699;119,8661
2018;chubut;impuesto sobre los bienes personales;ley 23966 art 30;13,3068
2018;chubut;impuesto sobre los activos fondo educacion ley 23906;impuesto sobre los activos fondo educacion ley 23906;0,0067
2018;chubut;i.v.a.ley 23966 art 5 punto 2;i.v.a.ley 23966 art 5 punto 2;106,7372
2018;chubut;impuesto a los combustibles liquidos ley 23966 y 24699;obras de infraestructura;53,2614
2018;chubut;impuesto a los combustibles liquidos ley 23966 y 24699;vialidad provincial;200,7312
2018;chubut;impuesto a los combustibles liquidos ley 23966 y 24699;f.e.d.e.i.;47,11088123
2018;chubut;impuesto a los combustibles liquidos ley 23966 y 24699;ley 24464 fo.na.vi;526,0184
2018;chubut;regimen de energia electrica ley 24065;fondo para compensaciones de tarifa electrica;53,4047
2018;chubut;regimen de energia electrica ley 24065;f.e.d.e.i.;26,97675021
2018;chubut;fondo compensador de desequilibrios;fondo compensador de desequilibrios;36
2018;chubut;regimen simplificado para pequeños contribuyentes ley 24977 art 59 inciso a;regimen simplificado para pequeños contribuyentes ley 24977 art 59 inciso a;73,8872
2018;chubut;consenso fiscal ley 27429 compensacion;consenso fiscal ley 27429 compensacion;328,0550521
2018;entre rios;coparticipacion federal de impuestos neta ley 26075;coparticipacion federal de impuestos neta ley 26075;40852,5822
2018;entre rios;financiamiento educativo ley 26075;financiamiento educativo ley 26075;4380,8934
2018;entre rios;transferencia de servicios ley 24049;transferencia de servicios ley 24049;67,4988
2018;entre rios;impuesto sobre los bienes personales;ley 24699;370,072
2018;entre rios;impuesto sobre los bienes personales;ley 23966 art 30;58,726
2018;entre rios;impuesto sobre los activos fondo educacion ley 23906;impuesto sobre los activos fondo educacion ley 23906;0,0115
2018;entre rios;i.v.a.ley 23966 art 5 punto 2;i.v.a.ley 23966 art 5 punto 2;471,0571
2018;entre rios;impuesto a los combustibles liquidos ley 23966 y 24699;obras de infraestructura;164,4331
2018;entre rios;impuesto a los combustibles liquidos ley 23966 y 24699;vialidad provincial;318,1967
2018;entre rios;impuesto a los combustibles liquidos ley 23966 y 24699;f.e.d.e.i.;39,66050126
2018;entre rios;impuesto a los combustibles liquidos ley 23966 y 24699;ley 24464 fo.na.vi;641,0851
2018;entre rios;regimen de energia electrica ley 24065;fondo para compensaciones de tarifa electrica;35,969
2018;entre rios;regimen de energia electrica ley 24065;f.e.d.e.i.;22,14259293
2018;entre rios;fondo compensador de desequilibrios;fondo compensador de desequilibrios;21,6
2018;entre rios;regimen simplificado para pequeños contribuyentes ley 24977 art 59 inciso a;regimen simplificado para pequeños contribuyentes ley 24977 art 59 inciso a;228,1111
2018;entre rios;consenso fiscal ley 27429 compensacion;consenso fiscal ley 27429 compensacion;793,8843562
2018;formosa;coparticipacion federal de impuestos neta ley 26075;coparticipacion federal de impuestos neta ley 26075;30759,7296
2018;formosa;financiamiento educativo ley 26075;financiamiento educativo ley 26075;2902,6782
2018;formosa;transferencia de servicios ley 24049;transferencia de servicios ley 24049;20,7012
2018;formosa;impuesto sobre los bienes personales;ley 24699;275,9118
2018;formosa;impuesto sobre los bienes personales;ley 23966 art 30;15,8457
2018;formosa;impuesto sobre los activos fondo educacion ley 23906;impuesto sobre los activos fondo educacion ley 23906;0,0077
2018;formosa;i.v.a.ley 23966 art 5 punto 2;i.v.a.ley 23966 art 5 punto 2;127,1031
2018;formosa;impuesto a los combustibles liquidos ley 23966 y 24699;obras de infraestructura;122,5973
2018;formosa;impuesto a los combustibles liquidos ley 23966 y 24699;vialidad provincial;148,2766
2018;formosa;impuesto a los combustibles liquidos ley 23966 y 24699;f.e.d.e.i.;53,2534033
2018;formosa;impuesto a los combustibles liquidos ley 23966 y 24699;ley 24464 fo.na.vi;657,5231
2018;formosa;regimen de energia electrica ley 24065;fondo para compensaciones de tarifa electrica;37,5379
2018;formosa;regimen de energia electrica ley 24065;f.e.d.e.i.;29,73155624
2018;formosa;fondo compensador de desequilibrios;fondo compensador de desequilibrios;26,4
2018;formosa;regimen simplificado para pequeños contribuyentes ley 24977 art 59 inciso a;regimen simplificado para pequeños contribuyentes ley 24977 art 59 inciso a;170,074
2018;formosa;consenso fiscal ley 27429 compensacion;consenso fiscal ley 27429 compensacion;850,527469
2018;jujuy;coparticipacion federal de impuestos neta ley 26075;coparticipacion federal de impuestos neta ley 26075;23536,7732
2018;jujuy;financiamiento educativo ley 26075;financiamiento educativo ley 26075;2781,7329
2018;jujuy;transferencia de servicios ley 24049;transferencia de servicios ley 24049;33,3
2018;jujuy;impuesto sobre los bienes personales;ley 24699;215,328
2018;jujuy;impuesto sobre los activos fondo educacion ley 23906;impuesto sobre los activos fondo educacion ley 23906;0,0072
2018;jujuy;impuesto a los combustibles liquidos ley 23966 y 24699;obras de infraestructura;95,6757
2018;jujuy;impuesto a los combustibles liquidos ley 23966 y 24699;vialidad provincial;168,7313
2018;jujuy;impuesto a los combustibles liquidos ley 23966 y 24699;f.e.d.e.i.;42,97359197
2018;jujuy;impuesto a los combustibles liquidos ley 23966 y 24699;ley 24464 fo.na.vi;493,1423
2018;jujuy;regimen de energia electrica ley 24065;fondo para compensaciones de tarifa electrica;36,8606
2018;jujuy;regimen de energia electrica ley 24065;f.e.d.e.i.;23,992303
2018;jujuy;fondo compensador de desequilibrios;fondo compensador de desequilibrios;26,4
2018;jujuy;regimen simplificado para pequeños contribuyentes ley 24977 art 59 inciso a;regimen simplificado para pequeños contribuyentes ley 24977 art 59 inciso a;132,7268
2018;jujuy;consenso fiscal ley 27429 compensacion;consenso fiscal ley 27429 compensacion;823,9481542
2018;la pampa;coparticipacion federal de impuestos neta ley 26075;coparticipacion federal de impuestos neta ley 26075;15754,7476
2018;la pampa;financiamiento educativo ley 26075;financiamiento educativo ley 26075;1531,9686
2018;la pampa;transferencia de servicios ley 24049;transferencia de servicios ley 24049;19,2
2018;la pampa;impuesto sobre los bienes personales;ley 24699;145,1108
2018;la pampa;impuesto sobre los bienes personales;ley 23966 art 30;11,6866
2018;la pampa;impuesto sobre los activos fondo educacion ley 23906;impuesto sobre los activos fondo educacion ley 23906;0,0061
2018;la pampa;i.v.a.ley 23966 art 5 punto 2;i.v.a.ley 23966 art 5 punto 2;93,8014
2018;la pampa;impuesto a los combustibles liquidos ley 23966 y 24699;obras de infraestructura;64,4697
2018;la pampa;impuesto a los combustibles liquidos ley 23966 y 24699;vialidad provincial;184,6068
2018;la pampa;impuesto a los combustibles liquidos ley 23966 y 24699;f.e.d.e.i.;38,14857534
2018;la pampa;impuesto a los combustibles liquidos ley 23966 y 24699;ley 24464 fo.na.vi;335,1339
2018;la pampa;regimen de energia electrica ley 24065;fondo para compensaciones de tarifa electrica;48,9402
2018;la pampa;regimen de energia electrica ley 24065;f.e.d.e.i.;21,29848017
2018;la pampa;fondo compensador de desequilibrios;fondo compensador de desequilibrios;30
2018;la pampa;regimen simplificado para pequeños contribuyentes ley 24977 art 59 inciso a;regimen simplificado para pequeños contribuyentes ley 24977 art 59 inciso a;89,4366
2018;la rioja;coparticipacion federal de impuestos neta ley 26075;coparticipacion federal de impuestos neta ley 26075;17408,6978
2018;la rioja;financiamiento educativo ley 26075;financiamiento educativo ley 26075;1773,8586
2018;la rioja;transferencia de servicios ley 24049;transferencia de servicios ley 24049;20,2992
2018;la rioja;impuesto sobre los bienes personales;ley 24699;156,9339
2018;la rioja;impuesto sobre los activos fondo educacion ley 23906;impuesto sobre los activos fondo educacion ley 23906;0,0058
2018;la rioja;impuesto a los combustibles liquidos ley 23966 y 24699;obras de infraestructura;69,7309
2018;la rioja;impuesto a los combustibles liquidos ley 23966 y 24699;vialidad provincial;143,9842
2018;la rioja;impuesto a los combustibles liquidos ley 23966 y 24699;f.e.d.e.i.;50,2615786
2018;la rioja;impuesto a los combustibles liquidos ley 23966 y 24699;ley 24464 fo.na.vi;328,7615
2018;la rioja;regimen de energia electrica ley 24065;fondo para compensaciones de tarifa electrica;33,799
2018;la rioja;regimen de energia electrica ley 24065;f.e.d.e.i.;28,06121055
2018;la rioja;fondo compensador de desequilibrios;fondo compensador de desequilibrios;26,4
2018;la rioja;regimen simplificado para pequeños contribuyentes ley 24977 art 59 inciso a;regimen simplificado para pequeños contribuyentes ley 24977 art 59 inciso a;96,7347
2018;la rioja;consenso fiscal ley 27429 compensacion;consenso fiscal ley 27429 compensacion;255,6340078
2018;mendoza;coparticipacion federal de impuestos neta ley 26075;coparticipacion federal de impuestos neta ley 26075;32542,6371
2018;mendoza;financiamiento educativo ley 26075;financiamiento educativo ley 26075;6087,5604
2018;mendoza;transferencia de servicios ley 24049;transferencia de servicios ley 24049;61,6992
2018;mendoza;impuesto sobre los bienes personales;ley 24699;316,0576
2018;mendoza;impuesto sobre los activos fondo educacion ley 23906;impuesto sobre los activos fondo educacion ley 23906;0,0122
2018;mendoza;impuesto a los combustibles liquidos ley 23966 y 24699;obras de infraestructura;140,4352
2018;mendoza;impuesto a los combustibles liquidos ley 23966 y 24699;vialidad provincial;282,1044
2018;mendoza;impuesto a los combustibles liquidos ley 23966 y 24699;f.e.d.e.i.;39,01273109
2018;mendoza;impuesto a los combustibles liquidos ley 23966 y 24699;ley 24464 fo.na.vi;657,5231
2018;mendoza;regimen de energia electrica ley 24065;fondo para compensaciones de tarifa electrica;28,0473
2018;mendoza;regimen de energia electrica ley 24065;f.e.d.e.i.;21,78094044
2018;mendoza;fondo compensador de desequilibrios;fondo compensador de desequilibrios;26,4
2018;mendoza;regimen simplificado para pequeños contribuyentes ley 24977 art 59 inciso a;regimen simplificado para pequeños contribuyentes ley 24977 art 59 inciso a;194,8195
2018;mendoza;consenso fiscal ley 27429 compensacion;consenso fiscal ley 27429 compensacion;1207,730462
2018;misiones;coparticipacion federal de impuestos neta ley 26075;coparticipacion federal de impuestos neta ley 26075;25449,2435
2018;misiones;financiamiento educativo ley 26075;financiamiento educativo ley 26075;5146,8777
2018;misiones;transferencia de servicios ley 24049;transferencia de servicios ley 24049;34,1004
2018;misiones;impuesto sobre los bienes personales;ley 24699;250,3643
2018;misiones;impuesto sobre los bienes personales;ley 23966 art 30;18,5775
2018;misiones;impuesto sobre los activos fondo educacion ley 23906;impuesto sobre los activos fondo educacion ley 23906;0,0089
2018;misiones;i.v.a.ley 23966 art 5 punto 2;i.v.a.ley 23966 art 5 punto 2;149,0143
2018;misiones;impuesto a los combustibles liquidos ley 23966 y 24699;obras de infraestructura;111,2433
2018;misiones;impuesto a los combustibles liquidos ley 23966 y 24699;vialidad provincial;218,39
2018;misiones;impuesto a los combustibles liquidos ley 23966 y 24699;f.e.d.e.i.;68,15047518
2018;misiones;impuesto a los combustibles liquidos ley 23966 y 24699;ley 24464 fo.na.vi;772,5897
2018;misiones;regimen de energia electrica ley 24065;fondo para compensaciones de tarifa electrica;53,1091
2018;misiones;regimen de energia electrica ley 24065;f.e.d.e.i.;41,01637289
2018;misiones;fondo compensador de desequilibrios;fondo compensador de desequilibrios;26,4
2018;misiones;regimen simplificado para pequeños contribuyentes ley 24977 art 59 inciso a;regimen simplificado para pequeños contribuyentes ley 24977 art 59 inciso a;154,3231
2018;misiones;consenso fiscal ley 27429 compensacion;consenso fiscal ley 27429 compensacion;1599,241739
2018;neuquen;coparticipacion federal de impuestos neta ley 26075;coparticipacion federal de impuestos neta ley 26075;13898,2089
2018;neuquen;financiamiento educativo ley 26075;financiamiento educativo ley 26075;2177,0082
2018;neuquen;transferencia de servicios ley 24049;transferencia de servicios ley 24049;17,3988
2018;neuquen;impuesto sobre los bienes personales;ley 24699;131,5448
2018;neuquen;impuesto sobre los bienes personales;ley 23966 art 30;8,3548
2018;neuquen;impuesto sobre los activos fondo educacion ley 23906;impuesto sobre los activos fondo educacion ley 23906;0,0081
2018;neuquen;i.v.a.ley 23966 art 5 punto 2;i.v.a.ley 23966 art 5 punto 2;67,0157
2018;neuquen;impuesto a los combustibles liquidos ley 23966 y 24699;obras de infraestructura;58,4484
2018;neuquen;impuesto a los combustibles liquidos ley 23966 y 24699;vialidad provincial;200,233
2018;neuquen;impuesto a los combustibles liquidos ley 23966 y 24699;f.e.d.e.i.;44,81172637
2018;neuquen;impuesto a los combustibles liquidos ley 23966 y 24699;ley 24464 fo.na.vi;706,8374
2018;neuquen;regimen de energia electrica ley 24065;fondo para compensaciones de tarifa electrica;45,2996
2018;neuquen;regimen de energia electrica ley 24065;f.e.d.e.i.;25,01853947
2018;neuquen;fondo compensador de desequilibrios;fondo compensador de desequilibrios;30
2018;neuquen;regimen simplificado para pequeños contribuyentes ley 24977 art 59 inciso a;regimen simplificado para pequeños contribuyentes ley 24977 art 59 inciso a;81,0828
2018;neuquen;consenso fiscal ley 27429 compensacion;consenso fiscal ley 27429 compensacion;442,0211251
2018;rio negro;coparticipacion federal de impuestos neta ley 26075;coparticipacion federal de impuestos neta ley 26075;20914,6198
2018;rio negro;financiamiento educativo ley 26075;financiamiento educativo ley 26075;2459,2128
2018;rio negro;transferencia de servicios ley 24049;transferencia de servicios ley 24049;14,6004
2018;rio negro;impuesto sobre los bienes personales;ley 24699;191,2405
2018;rio negro;impuesto sobre los activos fondo educacion ley 23906;impuesto sobre los activos fondo educacion ley 23906;0,0093
2018;rio negro;impuesto a los combustibles liquidos ley 23966 y 24699;obras de infraestructura;84,9751
2018;rio negro;impuesto a los combustibles liquidos ley 23966 y 24699;vialidad provincial;184,5219
2018;rio negro;impuesto a los combustibles liquidos ley 23966 y 24699;f.e.d.e.i.;41,63811452
2018;rio negro;impuesto a los combustibles liquidos ley 23966 y 24699;ley 24464 fo.na.vi;739,7135
2018;rio negro;regimen de energia electrica ley 24065;fondo para compensaciones de tarifa electrica;28,0173
2018;rio negro;regimen de energia electrica ley 24065;f.e.d.e.i.;23,24670113
2018;rio negro;fondo compensador de desequilibrios;fondo compensador de desequilibrios;30
2018;rio negro;regimen simplificado para pequeños contribuyentes ley 24977 art 59 inciso a;regimen simplificado para pequeños contribuyentes ley 24977 art 59 inciso a;117,8822
2018;rio negro;consenso fiscal ley 27429 compensacion;consenso fiscal ley 27429 compensacion;411,8253419
2018;salta;coparticipacion federal de impuestos neta ley 26075;coparticipacion federal de impuestos neta ley 26075;30423,6242
2018;salta;financiamiento educativo ley 26075;financiamiento educativo ley 26075;5079,6861
2018;salta;transferencia de servicios ley 24049;transferencia de servicios ley 24049;39,8004
2018;salta;impuesto sobre los bienes personales;ley 24699;290,5104
2018;salta;impuesto sobre los activos fondo educacion ley 23906;impuesto sobre los activos fondo educacion ley 23906;0,0124
2018;salta;impuesto a los combustibles liquidos ley 23966 y 24699;obras de infraestructura;129,0843
2018;salta;impuesto a los combustibles liquidos ley 23966 y 24699;vialidad provincial;242,0795
2018;salta;impuesto a los combustibles liquidos ley 23966 y 24699;f.e.d.e.i.;40,32232984
2018;salta;impuesto a los combustibles liquidos ley 23966 y 24699;ley 24464 fo.na.vi;657,5231
2018;salta;regimen de energia electrica ley 24065;fondo para compensaciones de tarifa electrica;40,8869
2018;salta;regimen de energia electrica ley 24065;f.e.d.e.i.;23,78236381
2018;salta;fondo compensador de desequilibrios;fondo compensador de desequilibrios;30
2018;salta;regimen simplificado para pequeños contribuyentes ley 24977 art 59 inciso a;regimen simplificado para pequeños contribuyentes ley 24977 art 59 inciso a;179,0734
2018;salta;consenso fiscal ley 27429 compensacion;consenso fiscal ley 27429 compensacion;2254,535797
2018;san juan;coparticipacion federal de impuestos neta ley 26075;coparticipacion federal de impuestos neta ley 26075;28091,0843
2018;san juan;financiamiento educativo ley 26075;financiamiento educativo ley 26075;3225,1975
2018;san juan;transferencia de servicios ley 24049;transferencia de servicios ley 24049;30,0996
2018;san juan;impuesto sobre los bienes personales;ley 24699;256,2038
2018;san juan;impuesto sobre los activos fondo educacion ley 23906;impuesto sobre los activos fondo educacion ley 23906;0,0069
2018;san juan;impuesto a los combustibles liquidos ley 23966 y 24699;obras de infraestructura;113,8403
2018;san juan;impuesto a los combustibles liquidos ley 23966 y 24699;vialidad provincial;195,3337
2018;san juan;impuesto a los combustibles liquidos ley 23966 y 24699;f.e.d.e.i.;39,46339287
2018;san juan;impuesto a los combustibles liquidos ley 23966 y 24699;ley 24464 fo.na.vi;599,9898
2018;san juan;regimen de energia electrica ley 24065;fondo para compensaciones de tarifa electrica;28,1232
2018;san juan;regimen de energia electrica ley 24065;f.e.d.e.i.;22,03254673
2018;san juan;fondo compensador de desequilibrios;fondo compensador de desequilibrios;26,4
2018;san juan;regimen simplificado para pequeños contribuyentes ley 24977 art 59 inciso a;regimen simplificado para pequeños contribuyentes ley 24977 art 59 inciso a;157,9255
2018;san juan;consenso fiscal ley 27429 compensacion;consenso fiscal ley 27429 compensacion;517,615107
2018;san luis;coparticipacion federal de impuestos neta ley 26075;coparticipacion federal de impuestos neta ley 26075;20493,2894
2018;san luis;financiamiento educativo ley 26075;financiamiento educativo ley 26075;1961,9952
2018;san luis;transferencia de servicios ley 24049;transferencia de servicios ley 24049;18,9012
2018;san luis;impuesto sobre los bienes personales;ley 24699;172,9922
2018;san luis;impuesto sobre los activos fondo educacion ley 23906;impuesto sobre los activos fondo educacion ley 23906;0,0058
2018;san luis;impuesto a los combustibles liquidos ley 23966 y 24699;obras de infraestructura;76,8646
2018;san luis;impuesto a los combustibles liquidos ley 23966 y 24699;vialidad provincial;134,4928
2018;san luis;impuesto a los combustibles liquidos ley 23966 y 24699;f.e.d.e.i.;38,65923987
2018;san luis;impuesto a los combustibles liquidos ley 23966 y 24699;ley 24464 fo.na.vi;599,9898
2018;san luis;regimen de energia electrica ley 24065;fondo para compensaciones de tarifa electrica;31,0381
2018;san luis;regimen de energia electrica ley 24065;f.e.d.e.i.;21,58358495
2018;san luis;fondo compensador de desequilibrios;fondo compensador de desequilibrios;26,4
2018;san luis;regimen simplificado para pequeños contribuyentes ley 24977 art 59 inciso a;regimen simplificado para pequeños contribuyentes ley 24977 art 59 inciso a;106,631
2018;santa cruz;coparticipacion federal de impuestos neta ley 26075;coparticipacion federal de impuestos neta ley 26075;13601,7379
2018;santa cruz;financiamiento educativo ley 26075;financiamiento educativo ley 26075;1048,1892
2018;santa cruz;transferencia de servicios ley 24049;transferencia de servicios ley 24049;8,4996
2018;santa cruz;impuesto sobre los bienes personales;ley 24699;119,8661
2018;santa cruz;impuesto sobre los bienes personales;ley 23966 art 30;10,8328
2018;santa cruz;impuesto sobre los activos fondo educacion ley 23906;impuesto sobre los activos fondo educacion ley 23906;0,0058
2018;santa cruz;i.v.a.ley 23966 art 5 punto 2;i.v.a.ley 23966 art 5 punto 2;86,8936
2018;santa cruz;impuesto a los combustibles liquidos ley 23966 y 24699;obras de infraestructura;53,2614
2018;santa cruz;impuesto a los combustibles liquidos ley 23966 y 24699;vialidad provincial;152,268
2018;santa cruz;impuesto a los combustibles liquidos ley 23966 y 24699;f.e.d.e.i.;54,39572535
2018;santa cruz;impuesto a los combustibles liquidos ley 23966 y 24699;ley 24464 fo.na.vi;526,0184
2018;santa cruz;regimen de energia electrica ley 24065;fondo para compensaciones de tarifa electrica;77,2568
2018;santa cruz;regimen de energia electrica ley 24065;f.e.d.e.i.;30,36931897
2018;santa cruz;fondo compensador de desequilibrios;fondo compensador de desequilibrios;36
2018;santa cruz;regimen simplificado para pequeños contribuyentes ley 24977 art 59 inciso a;regimen simplificado para pequeños contribuyentes ley 24977 art 59 inciso a;73,8872
2018;santa cruz;consenso fiscal ley 27429 compensacion;consenso fiscal ley 27429 compensacion;69,16169159
2018;santa fe;coparticipacion federal de impuestos neta ley 26075;coparticipacion federal de impuestos neta ley 26075;80834,6611
2018;santa fe;financiamiento educativo ley 26075;financiamiento educativo ley 26075;8842,4166
2018;santa fe;transferencia de servicios ley 24049;transferencia de servicios ley 24049;135,4896
2018;santa fe;impuesto sobre los bienes personales;ley 24699;690,5786
2018;santa fe;impuesto sobre los bienes personales;ley 23966 art 30;148,9503
2018;santa fe;impuesto sobre los activos fondo educacion ley 23906;impuesto sobre los activos fondo educacion ley 23906;0,0238
2018;santa fe;i.v.a.ley 23966 art 5 punto 2;i.v.a.ley 23966 art 5 punto 2;1195,5354
2018;santa fe;impuesto a los combustibles liquidos ley 23966 y 24699;obras de infraestructura;336,8119
2018;santa fe;impuesto a los combustibles liquidos ley 23966 y 24699;vialidad provincial;622,1531
2018;santa fe;impuesto a los combustibles liquidos ley 23966 y 24699;f.e.d.e.i.;33,39647973
2018;santa fe;impuesto a los combustibles liquidos ley 23966 y 24699;ley 24464 fo.na.vi;946,7534
2018;santa fe;regimen de energia electrica ley 24065;fondo para compensaciones de tarifa electrica;22,8115
2018;santa fe;regimen de energia electrica ley 24065;f.e.d.e.i.;19,13535271
2018;santa fe;fondo compensador de desequilibrios;fondo compensador de desequilibrios;6
2018;santa fe;regimen simplificado para pequeños contribuyentes ley 24977 art 59 inciso a;regimen simplificado para pequeños contribuyentes ley 24977 art 59 inciso a;425,6299
2018;santa fe;consenso fiscal ley 27429 compensacion;consenso fiscal ley 27429 compensacion;1290,30114
2018;sgo. del estero;coparticipacion federal de impuestos neta ley 26075;coparticipacion federal de impuestos neta ley 26075;33568,9989
2018;sgo. del estero;financiamiento educativo ley 26075;financiamiento educativo ley 26075;4703,4129
2018;sgo. del estero;transferencia de servicios ley 24049;transferencia de servicios ley 24049;31,5996
2018;sgo. del estero;impuesto sobre los bienes personales;ley 24699;313,138
2018;sgo. del estero;impuesto sobre los activos fondo educacion ley 23906;impuesto sobre los activos fondo educacion ley 23906;0,0115
2018;sgo. del estero;impuesto a los combustibles liquidos ley 23966 y 24699;obras de infraestructura;139,1385
2018;sgo. del estero;impuesto a los combustibles liquidos ley 23966 y 24699;vialidad provincial;243,4862
2018;sgo. del estero;impuesto a los combustibles liquidos ley 23966 y 24699;f.e.d.e.i.;45,69822141
2018;sgo. del estero;impuesto a los combustibles liquidos ley 23966 y 24699;ley 24464 fo.na.vi;706,8374
2018;sgo. del estero;regimen de energia electrica ley 24065;fondo para compensaciones de tarifa electrica;30,101
2018;sgo. del estero;regimen de energia electrica ley 24065;f.e.d.e.i.;25,51347319
2018;sgo. del estero;fondo compensador de desequilibrios;fondo compensador de desequilibrios;26,4
2018;sgo. del estero;regimen simplificado para pequeños contribuyentes ley 24977 art 59 inciso a;regimen simplificado para pequeños contribuyentes ley 24977 art 59 inciso a;193,0207
2018;sgo. del estero;consenso fiscal ley 27429 compensacion;consenso fiscal ley 27429 compensacion;1399,026936
2018;tucuman;coparticipacion federal de impuestos neta ley 26075;coparticipacion federal de impuestos neta ley 26075;38495,1583
2018;tucuman;financiamiento educativo ley 26075;financiamiento educativo ley 26075;5576,904
2018;tucuman;transferencia de servicios ley 24049;transferencia de servicios ley 24049;55,8
2018;tucuman;impuesto sobre los bienes personales;ley 24699;360,583
2018;tucuman;impuesto sobre los activos fondo educacion ley 23906;impuesto sobre los activos fondo educacion ley 23906;0,0104
2018;tucuman;impuesto a los combustibles liquidos ley 23966 y 24699;obras de infraestructura;160,2195
2018;tucuman;impuesto a los combustibles liquidos ley 23966 y 24699;vialidad provincial;220,2477
2018;tucuman;impuesto a los combustibles liquidos ley 23966 y 24699;f.e.d.e.i.;34,50243156
2018;tucuman;impuesto a los combustibles liquidos ley 23966 y 24699;ley 24464 fo.na.vi;690,3993
2018;tucuman;regimen de energia electrica ley 24065;fondo para compensaciones de tarifa electrica;24,0825
2018;tucuman;regimen de energia electrica ley 24065;f.e.d.e.i.;19,65092751
2018;tucuman;fondo compensador de desequilibrios;fondo compensador de desequilibrios;26,4
2018;tucuman;regimen simplificado para pequeños contribuyentes ley 24977 art 59 inciso a;regimen simplificado para pequeños contribuyentes ley 24977 art 59 inciso a;222,2659
2018;tucuman;consenso fiscal ley 27429 compensacion;consenso fiscal ley 27429 compensacion;1703,702664
2018;tierra del fuego;coparticipacion federal de impuestos neta ley 26075;coparticipacion federal de impuestos neta ley 26075;10958,4765
2018;tierra del fuego;financiamiento educativo ley 26075;financiamiento educativo ley 26075;470,3411
2018;tierra del fuego;transferencia de servicios ley 24049;transferencia de servicios ley 24049;12
2018;tierra del fuego;impuesto sobre los bienes personales;ley 24699;93,4775
2018;tierra del fuego;impuesto sobre los bienes personales;ley 23966 art 30;0,9608
2018;tierra del fuego;impuesto sobre los activos fondo educacion ley 23906;impuesto sobre los activos fondo educacion ley 23906;0,0027
2018;tierra del fuego;i.v.a.ley 23966 art 5 punto 2;i.v.a.ley 23966 art 5 punto 2;7,7076
2018;tierra del fuego;impuesto a los combustibles liquidos ley 23966 y 24699;obras de infraestructura;41,5361
2018;tierra del fuego;impuesto a los combustibles liquidos ley 23966 y 24699;vialidad provincial;111,2276
2018;tierra del fuego;impuesto a los combustibles liquidos ley 23966 y 24699;f.e.d.e.i.;40,00223008
2018;tierra del fuego;impuesto a los combustibles liquidos ley 23966 y 24699;ley 24464 fo.na.vi;435,6091
2018;tierra del fuego;regimen de energia electrica ley 24065;fondo para compensaciones de tarifa electrica;22,5893
2018;tierra del fuego;regimen de energia electrica ley 24065;f.e.d.e.i.;22,33338141
2018;tierra del fuego;fondo compensador de desequilibrios;fondo compensador de desequilibrios;36
2018;tierra del fuego;regimen simplificado para pequeños contribuyentes ley 24977 art 59 inciso a;regimen simplificado para pequeños contribuyentes ley 24977 art 59 inciso a;57,6214
2018;tierra del fuego;consenso fiscal ley 27429 compensacion;consenso fiscal ley 27429 compensacion;34,25416862
2018;c.a.b.a;coparticipacion federal de impuestos neta ley 26075;coparticipacion federal de impuestos neta ley 26075;50254,9521
2018;c.a.b.a;financiamiento educativo ley 26075;financiamiento educativo ley 26075;7001,3661
2018;c.a.b.a;impuesto sobre los activos fondo educacion ley 23906;impuesto sobre los activos fondo educacion ley 23906;0,0101
2018;c.a.b.a;impuesto a los combustibles liquidos ley 23966 y 24699;ley 24464 fo.na.vi;213,6952
2018;tesoro nacional;coparticipacion federal de impuestos neta ley 26075;coparticipacion federal de impuestos neta ley 26075;622246,6056
2018;tesoro nacional;impuesto sobre los bienes personales;ley 24699;5560,5726
2018;tesoro nacional;impuesto sobre los activos fondo educacion ley 23906;impuesto sobre los activos fondo educacion ley 23906;0,1518
2018;tesoro nacional;impuesto a los combustibles liquidos ley 23966 y 24699;vialidad provincial;11344,9878
2018;tesoro nacional;consenso fiscal ley 27429 compensacion;consenso fiscal ley 27429 compensacion;-18456,72998
2018;seguridad social;coparticipacion federal de impuestos neta ley 26075;coparticipacion federal de impuestos neta ley 26075;92288,6457
2018;seguridad social;i.v.a.ley 23966 art 5 punto 2;i.v.a.ley 23966 art 5 punto 2;107115,4044
2018;seguridad social;regimen simplificado para pequeños contribuyentes ley 24977 art 59 inciso a;regimen simplificado para pequeños contribuyentes ley 24977 art 59 inciso a;11016,8905
2018;fondo a.t.n.;coparticipacion federal de impuestos neta ley 26075;coparticipacion federal de impuestos neta ley 26075;16314,8037
2018;fondo a.t.n.;impuesto sobre los bienes personales;ley 24699;133,5392
2019;buenos aires;coparticipacion federal de impuestos neta ley 26075;coparticipacion federal de impuestos neta ley 26075;234598,6884
2019;buenos aires;financiamiento educativo ley 26075;financiamiento educativo ley 26075;65213,652
2019;buenos aires;transferencia de servicios ley 24049;transferencia de servicios ley 24049;420,1008
2019;buenos aires;impuesto sobre los bienes personales;ley 24699;3568,7898
2019;buenos aires;impuesto sobre los bienes personales;ley 23966 art 30;849,6247
2019;buenos aires;impuesto sobre los activos fondo educacion ley 23906;impuesto sobre los activos fondo educacion ley 23906;0,0613
2019;buenos aires;i.v.a.ley 23966 art 5 punto 2;i.v.a.ley 23966 art 5 punto 2;4485,1228
2019;buenos aires;impuesto a los combustibles liquidos ley 23966 y 24699;obras de infraestructura;955,335
2019;buenos aires;impuesto a los combustibles liquidos ley 23966 y 24699;vialidad provincial;2255,6199
2019;buenos aires;impuesto a los combustibles liquidos ley 23966 y 24699;f.e.d.e.i.;58,68957102
2019;buenos aires;impuesto a los combustibles liquidos ley 23966 y 24699;ley 24464 fo.na.vi;3175,9292
2019;buenos aires;regimen de energia electrica ley 24065;fondo para compensaciones de tarifa electrica;147,3792
2019;buenos aires;regimen de energia electrica ley 24065;f.e.d.e.i.;58,51581277
2019;buenos aires;regimen simplificado para pequeños contribuyentes ley 24977 art 59 inciso a;regimen simplificado para pequeños contribuyentes ley 24977 art 59 inciso a;1319,1437
2019;buenos aires;consenso fiscal ley 27429 compensacion;consenso fiscal ley 27429 compensacion;44000
2019;buenos aires;compensacion  medida cautelar/decreto;compensacion  medida cautelar/decreto;886,666014
2019;catamarca;coparticipacion federal de impuestos neta ley 26075;coparticipacion federal de impuestos neta ley 26075;34281,208
2019;catamarca;financiamiento educativo ley 26075;financiamiento educativo ley 26075;3322,7336
2019;catamarca;transferencia de servicios ley 24049;transferencia de servicios ley 24049;21,3996
2019;catamarca;impuesto sobre los bienes personales;ley 24699;447,6152
2019;catamarca;impuesto sobre los activos fondo educacion ley 23906;impuesto sobre los activos fondo educacion ley 23906;0,0046
2019;catamarca;impuesto a los combustibles liquidos ley 23966 y 24699;obras de infraestructura;123,5874
2019;catamarca;impuesto a los combustibles liquidos ley 23966 y 24699;vialidad provincial;170,9563
2019;catamarca;impuesto a los combustibles liquidos ley 23966 y 24699;f.e.d.e.i.;88,45371933
2019;catamarca;impuesto a los combustibles liquidos ley 23966 y 24699;ley 24464 fo.na.vi;459,9623
2019;catamarca;regimen de energia electrica ley 24065;fondo para compensaciones de tarifa electrica;117,344
2019;catamarca;regimen de energia electrica ley 24065;f.e.d.e.i.;88,19183945
2019;catamarca;fondo compensador de desequilibrios;fondo compensador de desequilibrios;26,4
2019;catamarca;regimen simplificado para pequeños contribuyentes ley 24977 art 59 inciso a;regimen simplificado para pequeños contribuyentes ley 24977 art 59 inciso a;165,4561
2019;catamarca;consenso fiscal ley 27429 compensacion;consenso fiscal ley 27429 compensacion;301,0763899
2019;catamarca;compensacion  medida cautelar/decreto;compensacion  medida cautelar/decreto;108,135395
2019;cordoba;coparticipacion federal de impuestos neta ley 26075;coparticipacion federal de impuestos neta ley 26075;110308,2573
2019;cordoba;financiamiento educativo ley 26075;financiamiento educativo ley 26075;14672,071
2019;cordoba;transferencia de servicios ley 24049;transferencia de servicios ley 24049;125,3004
2019;cordoba;impuesto sobre los bienes personales;ley 24699;1443,0113
2019;cordoba;impuesto sobre los bienes personales;ley 23966 art 30;290,1505
2019;cordoba;impuesto sobre los activos fondo educacion ley 23906;impuesto sobre los activos fondo educacion ley 23906;0,017
2019;cordoba;i.v.a.ley 23966 art 5 punto 2;i.v.a.ley 23966 art 5 punto 2;1531,6887
2019;cordoba;impuesto a los combustibles liquidos ley 23966 y 24699;obras de infraestructura;398,4148
2019;cordoba;impuesto a los combustibles liquidos ley 23966 y 24699;vialidad provincial;979,2113
2019;cordoba;impuesto a los combustibles liquidos ley 23966 y 24699;f.e.d.e.i.;58,68957102
2019;cordoba;impuesto a los combustibles liquidos ley 23966 y 24699;ley 24464 fo.na.vi;1237,5174
2019;cordoba;regimen de energia electrica ley 24065;fondo para compensaciones de tarifa electrica;83,4974
2019;cordoba;regimen de energia electrica ley 24065;f.e.d.e.i.;58,51581277
2019;cordoba;fondo compensador de desequilibrios;fondo compensador de desequilibrios;6
2019;cordoba;regimen simplificado para pequeños contribuyentes ley 24977 art 59 inciso a;regimen simplificado para pequeños contribuyentes ley 24977 art 59 inciso a;533,3884
2019;cordoba;consenso fiscal ley 27429 compensacion;consenso fiscal ley 27429 compensacion;1753,637157
2019;cordoba;compensacion  medida cautelar/decreto;compensacion  medida cautelar/decreto;367,757412
2019;corrientes;coparticipacion federal de impuestos neta ley 26075;coparticipacion federal de impuestos neta ley 26075;44266,8373
2019;corrientes;financiamiento educativo ley 26075;financiamiento educativo ley 26075;6485,3356
2019;corrientes;transferencia de servicios ley 24049;transferencia de servicios ley 24049;38,6004
2019;corrientes;impuesto sobre los bienes personales;ley 24699;604,1241
2019;corrientes;impuesto sobre los bienes personales;ley 23966 art 30;92,7767
2019;corrientes;impuesto sobre los activos fondo educacion ley 23906;impuesto sobre los activos fondo educacion ley 23906;0,0077
2019;corrientes;i.v.a.ley 23966 art 5 punto 2;i.v.a.ley 23966 art 5 punto 2;489,7633
2019;corrientes;impuesto a los combustibles liquidos ley 23966 y 24699;obras de infraestructura;166,7981
2019;corrientes;impuesto a los combustibles liquidos ley 23966 y 24699;vialidad provincial;273,9946
2019;corrientes;impuesto a los combustibles liquidos ley 23966 y 24699;f.e.d.e.i.;74,3006836
2019;corrientes;impuesto a los combustibles liquidos ley 23966 y 24699;ley 24464 fo.na.vi;1084,1963
2019;corrientes;regimen de energia electrica ley 24065;fondo para compensaciones de tarifa electrica;116,1967
2019;corrientes;regimen de energia electrica ley 24065;f.e.d.e.i.;74,08070686
2019;corrientes;fondo compensador de desequilibrios;fondo compensador de desequilibrios;18
2019;corrientes;regimen simplificado para pequeños contribuyentes ley 24977 art 59 inciso a;regimen simplificado para pequeños contribuyentes ley 24977 art 59 inciso a;223,3054
2019;corrientes;consenso fiscal ley 27429 compensacion;consenso fiscal ley 27429 compensacion;2196,022163
2019;corrientes;compensacion  medida cautelar/decreto;compensacion  medida cautelar/decreto;148,6218
2019;chaco;coparticipacion federal de impuestos neta ley 26075;coparticipacion federal de impuestos neta ley 26075;60641,6957
2019;chaco;financiamiento educativo ley 26075;financiamiento educativo ley 26075;7466,1425
2019;chaco;transferencia de servicios ley 24049;transferencia de servicios ley 24049;33,6
2019;chaco;impuesto sobre los bienes personales;ley 24699;810,7156
2019;chaco;impuesto sobre los bienes personales;ley 23966 art 30;72,9383
2019;chaco;impuesto sobre los activos fondo educacion ley 23906;impuesto sobre los activos fondo educacion ley 23906;0,01
2019;chaco;i.v.a.ley 23966 art 5 punto 2;i.v.a.ley 23966 art 5 punto 2;385,0369
2019;chaco;impuesto a los combustibles liquidos ley 23966 y 24699;obras de infraestructura;223,8395
2019;chaco;impuesto a los combustibles liquidos ley 23966 y 24699;vialidad provincial;323,231
2019;chaco;impuesto a los combustibles liquidos ley 23966 y 24699;f.e.d.e.i.;78,91375434
2019;chaco;impuesto a los combustibles liquidos ley 23966 y 24699;ley 24464 fo.na.vi;1007,5362
2019;chaco;regimen de energia electrica ley 24065;fondo para compensaciones de tarifa electrica;121,9968
2019;chaco;regimen de energia electrica ley 24065;f.e.d.e.i.;78,6801194
2019;chaco;fondo compensador de desequilibrios;fondo compensador de desequilibrios;6
2019;chaco;regimen simplificado para pequeños contribuyentes ley 24977 art 59 inciso a;regimen simplificado para pequeños contribuyentes ley 24977 art 59 inciso a;299,6713
2019;chaco;consenso fiscal ley 27429 compensacion;consenso fiscal ley 27429 compensacion;2677,762948
2019;chaco;compensacion  medida cautelar/decreto;compensacion  medida cautelar/decreto;197,958064
2019;chubut;coparticipacion federal de impuestos neta ley 26075;coparticipacion federal de impuestos neta ley 26075;18448,9944
2019;chubut;financiamiento educativo ley 26075;financiamiento educativo ley 26075;3142,5855
2019;chubut;transferencia de servicios ley 24049;transferencia de servicios ley 24049;24,2004
2019;chubut;impuesto sobre los bienes personales;ley 24699;257,0134
2019;chubut;impuesto sobre los bienes personales;ley 23966 art 30;28,5321
2019;chubut;impuesto sobre los activos fondo educacion ley 23906;impuesto sobre los activos fondo educacion ley 23906;0,0046
2019;chubut;i.v.a.ley 23966 art 5 punto 2;i.v.a.ley 23966 art 5 punto 2;150,6192
2019;chubut;impuesto a los combustibles liquidos ley 23966 y 24699;obras de infraestructura;70,9627
2019;chubut;impuesto a los combustibles liquidos ley 23966 y 24699;vialidad provincial;248,8823
2019;chubut;impuesto a los combustibles liquidos ley 23966 y 24699;f.e.d.e.i.;82,73972706
2019;chubut;impuesto a los combustibles liquidos ley 23966 y 24699;ley 24464 fo.na.vi;700,8947
2019;chubut;regimen de energia electrica ley 24065;fondo para compensaciones de tarifa electrica;154,2554
2019;chubut;regimen de energia electrica ley 24065;f.e.d.e.i.;82,49476448
2019;chubut;fondo compensador de desequilibrios;fondo compensador de desequilibrios;36
2019;chubut;regimen simplificado para pequeños contribuyentes ley 24977 art 59 inciso a;regimen simplificado para pequeños contribuyentes ley 24977 art 59 inciso a;95,0034
2019;chubut;consenso fiscal ley 27429 compensacion;consenso fiscal ley 27429 compensacion;507,8901393
2019;chubut;compensacion  medida cautelar/decreto;compensacion  medida cautelar/decreto;62,912819
2019;entre rios;coparticipacion federal de impuestos neta ley 26075;coparticipacion federal de impuestos neta ley 26075;60156,1808
2019;entre rios;financiamiento educativo ley 26075;financiamiento educativo ley 26075;6505,3519
2019;entre rios;transferencia de servicios ley 24049;transferencia de servicios ley 24049;67,4988
2019;entre rios;impuesto sobre los bienes personales;ley 24699;793,4998
2019;entre rios;impuesto sobre los bienes personales;ley 23966 art 30;125,9189
2019;entre rios;impuesto sobre los activos fondo educacion ley 23906;impuesto sobre los activos fondo educacion ley 23906;0,0079
2019;entre rios;i.v.a.ley 23966 art 5 punto 2;i.v.a.ley 23966 art 5 punto 2;664,7191
2019;entre rios;impuesto a los combustibles liquidos ley 23966 y 24699;obras de infraestructura;219,0826
2019;entre rios;impuesto a los combustibles liquidos ley 23966 y 24699;vialidad provincial;394,1289
2019;entre rios;impuesto a los combustibles liquidos ley 23966 y 24699;f.e.d.e.i.;67,91300352
2019;entre rios;impuesto a los combustibles liquidos ley 23966 y 24699;ley 24464 fo.na.vi;854,2154
2019;entre rios;regimen de energia electrica ley 24065;fondo para compensaciones de tarifa electrica;116,7055
2019;entre rios;regimen de energia electrica ley 24065;f.e.d.e.i.;67,71193823
2019;entre rios;fondo compensador de desequilibrios;fondo compensador de desequilibrios;21,6
2019;entre rios;regimen simplificado para pequeños contribuyentes ley 24977 art 59 inciso a;regimen simplificado para pequeños contribuyentes ley 24977 art 59 inciso a;293,3028
2019;entre rios;consenso fiscal ley 27429 compensacion;consenso fiscal ley 27429 compensacion;1228,956749
2019;entre rios;compensacion  medida cautelar/decreto;compensacion  medida cautelar/decreto;195,327635
2019;formosa;coparticipacion federal de impuestos neta ley 26075;coparticipacion federal de impuestos neta ley 26075;45498,0023
2019;formosa;financiamiento educativo ley 26075;financiamiento educativo ley 26075;4263,5077
2019;formosa;transferencia de servicios ley 24049;transferencia de servicios ley 24049;20,7012
2019;formosa;impuesto sobre los bienes personales;ley 24699;591,6033
2019;formosa;impuesto sobre los bienes personales;ley 23966 art 30;33,9761
2019;formosa;impuesto sobre los activos fondo educacion ley 23906;impuesto sobre los activos fondo educacion ley 23906;0,0056
2019;formosa;i.v.a.ley 23966 art 5 punto 2;i.v.a.ley 23966 art 5 punto 2;179,3578
2019;formosa;impuesto a los combustibles liquidos ley 23966 y 24699;obras de infraestructura;163,3428
2019;formosa;impuesto a los combustibles liquidos ley 23966 y 24699;vialidad provincial;177,687
2019;formosa;impuesto a los combustibles liquidos ley 23966 y 24699;f.e.d.e.i.;82,91841691
2019;formosa;impuesto a los combustibles liquidos ley 23966 y 24699;ley 24464 fo.na.vi;876,1185
2019;formosa;regimen de energia electrica ley 24065;fondo para compensaciones de tarifa electrica;99,0469
2019;formosa;regimen de energia electrica ley 24065;f.e.d.e.i.;81,36067932
2019;formosa;fondo compensador de desequilibrios;fondo compensador de desequilibrios;26,4
2019;formosa;regimen simplificado para pequeños contribuyentes ley 24977 art 59 inciso a;regimen simplificado para pequeños contribuyentes ley 24977 art 59 inciso a;218,6795
2019;formosa;consenso fiscal ley 27429 compensacion;consenso fiscal ley 27429 compensacion;1316,828498
2019;formosa;compensacion  medida cautelar/decreto;compensacion  medida cautelar/decreto;143,9005
2019;jujuy;coparticipacion federal de impuestos neta ley 26075;coparticipacion federal de impuestos neta ley 26075;34643,8738
2019;jujuy;financiamiento educativo ley 26075;financiamiento educativo ley 26075;4143,409
2019;jujuy;transferencia de servicios ley 24049;transferencia de servicios ley 24049;33,3
2019;jujuy;impuesto sobre los bienes personales;ley 24699;461,7009
2019;jujuy;impuesto sobre los activos fondo educacion ley 23906;impuesto sobre los activos fondo educacion ley 23906;0,0048
2019;jujuy;impuesto a los combustibles liquidos ley 23966 y 24699;obras de infraestructura;127,4739
2019;jujuy;impuesto a los combustibles liquidos ley 23966 y 24699;vialidad provincial;197,5863
2019;jujuy;impuesto a los combustibles liquidos ley 23966 y 24699;f.e.d.e.i.;66,19915232
2019;jujuy;impuesto a los combustibles liquidos ley 23966 y 24699;ley 24464 fo.na.vi;657,0887
2019;jujuy;regimen de energia electrica ley 24065;fondo para compensaciones de tarifa electrica;125,0277
2019;jujuy;regimen de energia electrica ley 24065;f.e.d.e.i.;73,36834066
2019;jujuy;fondo compensador de desequilibrios;fondo compensador de desequilibrios;26,4
2019;jujuy;regimen simplificado para pequeños contribuyentes ley 24977 art 59 inciso a;regimen simplificado para pequeños contribuyentes ley 24977 art 59 inciso a;170,6588
2019;jujuy;consenso fiscal ley 27429 compensacion;consenso fiscal ley 27429 compensacion;1275,757354
2019;jujuy;compensacion  medida cautelar/decreto;compensacion  medida cautelar/decreto;111,538267
2019;la pampa;coparticipacion federal de impuestos neta ley 26075;coparticipacion federal de impuestos neta ley 26075;23879,411
2019;la pampa;financiamiento educativo ley 26075;financiamiento educativo ley 26075;2261,8608
2019;la pampa;transferencia de servicios ley 24049;transferencia de servicios ley 24049;19,2
2019;la pampa;impuesto sobre los bienes personales;ley 24699;311,1052
2019;la pampa;impuesto sobre los bienes personales;ley 23966 art 30;25,0552
2019;la pampa;impuesto sobre los activos fondo educacion ley 23906;impuesto sobre los activos fondo educacion ley 23906;0,0042
2019;la pampa;i.v.a.ley 23966 art 5 punto 2;i.v.a.ley 23966 art 5 punto 2;132,312
2019;la pampa;impuesto a los combustibles liquidos ley 23966 y 24699;obras de infraestructura;85,8949
2019;la pampa;impuesto a los combustibles liquidos ley 23966 y 24699;vialidad provincial;258,0175
2019;la pampa;impuesto a los combustibles liquidos ley 23966 y 24699;f.e.d.e.i.;65,32404453
2019;la pampa;impuesto a los combustibles liquidos ley 23966 y 24699;ley 24464 fo.na.vi;446,5434
2019;la pampa;regimen de energia electrica ley 24065;fondo para compensaciones de tarifa electrica;161,0599
2019;la pampa;regimen de energia electrica ley 24065;f.e.d.e.i.;65,13064332
2019;la pampa;fondo compensador de desequilibrios;fondo compensador de desequilibrios;30
2019;la pampa;regimen simplificado para pequeños contribuyentes ley 24977 art 59 inciso a;regimen simplificado para pequeños contribuyentes ley 24977 art 59 inciso a;115,002
2019;la pampa;compensacion  medida cautelar/decreto;compensacion  medida cautelar/decreto;75,879539
2019;la rioja;coparticipacion federal de impuestos neta ley 26075;coparticipacion federal de impuestos neta ley 26075;25666,5568
2019;la rioja;financiamiento educativo ley 26075;financiamiento educativo ley 26075;2602,141
2019;la rioja;transferencia de servicios ley 24049;transferencia de servicios ley 24049;20,2992
2019;la rioja;impuesto sobre los bienes personales;ley 24699;336,4939
2019;la rioja;impuesto sobre los activos fondo educacion ley 23906;impuesto sobre los activos fondo educacion ley 23906;0,0037
2019;la rioja;impuesto a los combustibles liquidos ley 23966 y 24699;obras de infraestructura;92,9059
2019;la rioja;impuesto a los combustibles liquidos ley 23966 y 24699;vialidad provincial;184,6142
2019;la rioja;impuesto a los combustibles liquidos ley 23966 y 24699;f.e.d.e.i.;86,06585044
2019;la rioja;impuesto a los combustibles liquidos ley 23966 y 24699;ley 24464 fo.na.vi;438,0594
2019;la rioja;regimen de energia electrica ley 24065;fondo para compensaciones de tarifa electrica;20,4059
2019;la rioja;regimen de energia electrica ley 24065;f.e.d.e.i.;85,81104057
2019;la rioja;fondo compensador de desequilibrios;fondo compensador de desequilibrios;26,4
2019;la rioja;regimen simplificado para pequeños contribuyentes ley 24977 art 59 inciso a;regimen simplificado para pequeños contribuyentes ley 24977 art 59 inciso a;124,3803
2019;la rioja;consenso fiscal ley 27429 compensacion;consenso fiscal ley 27429 compensacion;395,6707059
2019;la rioja;compensacion  medida cautelar/decreto;compensacion  medida cautelar/decreto;81,290607
2019;mendoza;coparticipacion federal de impuestos neta ley 26075;coparticipacion federal de impuestos neta ley 26075;47784,3159
2019;mendoza;financiamiento educativo ley 26075;financiamiento educativo ley 26075;9147,5257
2019;mendoza;transferencia de servicios ley 24049;transferencia de servicios ley 24049;61,6992
2019;mendoza;impuesto sobre los bienes personales;ley 24699;677,6832
2019;mendoza;impuesto sobre los activos fondo educacion ley 23906;impuesto sobre los activos fondo educacion ley 23906;0,0082
2019;mendoza;impuesto a los combustibles liquidos ley 23966 y 24699;obras de infraestructura;187,1089
2019;mendoza;impuesto a los combustibles liquidos ley 23966 y 24699;vialidad provincial;379,0383
2019;mendoza;impuesto a los combustibles liquidos ley 23966 y 24699;f.e.d.e.i.;66,80378889
2019;mendoza;impuesto a los combustibles liquidos ley 23966 y 24699;ley 24464 fo.na.vi;876,1185
2019;mendoza;regimen de energia electrica ley 24065;fondo para compensaciones de tarifa electrica;92,5556
2019;mendoza;regimen de energia electrica ley 24065;f.e.d.e.i.;66,60600692
2019;mendoza;fondo compensador de desequilibrios;fondo compensador de desequilibrios;26,4
2019;mendoza;regimen simplificado para pequeños contribuyentes ley 24977 art 59 inciso a;regimen simplificado para pequeños contribuyentes ley 24977 art 59 inciso a;250,497
2019;mendoza;consenso fiscal ley 27429 compensacion;consenso fiscal ley 27429 compensacion;1869,984756
2019;mendoza;compensacion  medida cautelar/decreto;compensacion  medida cautelar/decreto;163,715469
2019;misiones;coparticipacion federal de impuestos neta ley 26075;coparticipacion federal de impuestos neta ley 26075;37432,1263
2019;misiones;financiamiento educativo ley 26075;financiamiento educativo ley 26075;7666,3074
2019;misiones;transferencia de servicios ley 24049;transferencia de servicios ley 24049;34,1004
2019;misiones;impuesto sobre los bienes personales;ley 24699;536,8253
2019;misiones;impuesto sobre los bienes personales;ley 23966 art 30;39,8334
2019;misiones;impuesto sobre los activos fondo educacion ley 23906;impuesto sobre los activos fondo educacion ley 23906;0,0061
2019;misiones;i.v.a.ley 23966 art 5 punto 2;i.v.a.ley 23966 art 5 punto 2;210,2774
2019;misiones;impuesto a los combustibles liquidos ley 23966 y 24699;obras de infraestructura;148,2151
2019;misiones;impuesto a los combustibles liquidos ley 23966 y 24699;vialidad provincial;282,1728
2019;misiones;impuesto a los combustibles liquidos ley 23966 y 24699;f.e.d.e.i.;113,9844481
2019;misiones;impuesto a los combustibles liquidos ley 23966 y 24699;ley 24464 fo.na.vi;1029,4391
2019;misiones;regimen de energia electrica ley 24065;fondo para compensaciones de tarifa electrica;165,3816
2019;misiones;regimen de energia electrica ley 24065;f.e.d.e.i.;122,2911812
2019;misiones;fondo compensador de desequilibrios;fondo compensador de desequilibrios;26,4
2019;misiones;regimen simplificado para pequeños contribuyentes ley 24977 art 59 inciso a;regimen simplificado para pequeños contribuyentes ley 24977 art 59 inciso a;198,4271
2019;misiones;consenso fiscal ley 27429 compensacion;consenso fiscal ley 27429 compensacion;2476,439715
2019;misiones;compensacion  medida cautelar/decreto;compensacion  medida cautelar/decreto;130,836127
2019;neuquen;coparticipacion federal de impuestos neta ley 26075;coparticipacion federal de impuestos neta ley 26075;20412,5963
2019;neuquen;financiamiento educativo ley 26075;financiamiento educativo ley 26075;3282,7006
2019;neuquen;transferencia de servicios ley 24049;transferencia de servicios ley 24049;17,3988
2019;neuquen;impuesto sobre los bienes personales;ley 24699;282,0549
2019;neuquen;impuesto sobre los bienes personales;ley 23966 art 30;17,9144
2019;neuquen;impuesto sobre los activos fondo educacion ley 23906;impuesto sobre los activos fondo educacion ley 23906;0,0057
2019;neuquen;i.v.a.ley 23966 art 5 punto 2;i.v.a.ley 23966 art 5 punto 2;94,5676
2019;neuquen;impuesto a los combustibles liquidos ley 23966 y 24699;obras de infraestructura;77,8737
2019;neuquen;impuesto a los combustibles liquidos ley 23966 y 24699;vialidad provincial;258,2156
2019;neuquen;impuesto a los combustibles liquidos ley 23966 y 24699;f.e.d.e.i.;76,73374701
2019;neuquen;impuesto a los combustibles liquidos ley 23966 y 24699;ley 24464 fo.na.vi;941,8273
2019;neuquen;regimen de energia electrica ley 24065;fondo para compensaciones de tarifa electrica;130,7994
2019;neuquen;regimen de energia electrica ley 24065;f.e.d.e.i.;76,50656668
2019;neuquen;fondo compensador de desequilibrios;fondo compensador de desequilibrios;30
2019;neuquen;regimen simplificado para pequeños contribuyentes ley 24977 art 59 inciso a;regimen simplificado para pequeños contribuyentes ley 24977 art 59 inciso a;104,2554
2019;neuquen;consenso fiscal ley 27429 compensacion;consenso fiscal ley 27429 compensacion;684,3771138
2019;neuquen;compensacion  medida cautelar/decreto;compensacion  medida cautelar/decreto;68,656013
2019;rio negro;coparticipacion federal de impuestos neta ley 26075;coparticipacion federal de impuestos neta ley 26075;30785,3525
2019;rio negro;financiamiento educativo ley 26075;financiamiento educativo ley 26075;3663,0138
2019;rio negro;transferencia de servicios ley 24049;transferencia de servicios ley 24049;14,6004
2019;rio negro;impuesto sobre los bienes personales;ley 24699;410,0531
2019;rio negro;impuesto sobre los activos fondo educacion ley 23906;impuesto sobre los activos fondo educacion ley 23906;0,0064
2019;rio negro;impuesto a los combustibles liquidos ley 23966 y 24699;obras de infraestructura;113,2166
2019;rio negro;impuesto a los combustibles liquidos ley 23966 y 24699;vialidad provincial;226,6091
2019;rio negro;impuesto a los combustibles liquidos ley 23966 y 24699;f.e.d.e.i.;71,29938679
2019;rio negro;impuesto a los combustibles liquidos ley 23966 y 24699;ley 24464 fo.na.vi;985,6331
2019;rio negro;regimen de energia electrica ley 24065;fondo para compensaciones de tarifa electrica;97,2429
2019;rio negro;regimen de energia electrica ley 24065;f.e.d.e.i.;71,08829323
2019;rio negro;fondo compensador de desequilibrios;fondo compensador de desequilibrios;30
2019;rio negro;regimen simplificado para pequeños contribuyentes ley 24977 art 59 inciso a;regimen simplificado para pequeños contribuyentes ley 24977 art 59 inciso a;151,572
2019;rio negro;consenso fiscal ley 27429 compensacion;consenso fiscal ley 27429 compensacion;637,5191056
2019;rio negro;compensacion  medida cautelar/decreto;compensacion  medida cautelar/decreto;99,061106
2019;salta;coparticipacion federal de impuestos neta ley 26075;coparticipacion federal de impuestos neta ley 26075;44783,7525
2019;salta;financiamiento educativo ley 26075;financiamiento educativo ley 26075;7546,2084
2019;salta;transferencia de servicios ley 24049;transferencia de servicios ley 24049;39,8004
2019;salta;impuesto sobre los bienes personales;ley 24699;622,905
2019;salta;impuesto sobre los activos fondo educacion ley 23906;impuesto sobre los activos fondo educacion ley 23906;0,0083
2019;salta;impuesto a los combustibles liquidos ley 23966 y 24699;obras de infraestructura;171,9857
2019;salta;impuesto a los combustibles liquidos ley 23966 y 24699;vialidad provincial;290,0754
2019;salta;impuesto a los combustibles liquidos ley 23966 y 24699;f.e.d.e.i.;72,94230516
2019;salta;impuesto a los combustibles liquidos ley 23966 y 24699;ley 24464 fo.na.vi;876,1185
2019;salta;regimen de energia electrica ley 24065;fondo para compensaciones de tarifa electrica;118,3061
2019;salta;regimen de energia electrica ley 24065;f.e.d.e.i.;72,72634997
2019;salta;fondo compensador de desequilibrios;fondo compensador de desequilibrios;30
2019;salta;regimen simplificado para pequeños contribuyentes ley 24977 art 59 inciso a;regimen simplificado para pequeños contribuyentes ley 24977 art 59 inciso a;230,2506
2019;salta;consenso fiscal ley 27429 compensacion;consenso fiscal ley 27429 compensacion;3491,264822
2019;salta;compensacion  medida cautelar/decreto;compensacion  medida cautelar/decreto;150,482124
2019;san juan;coparticipacion federal de impuestos neta ley 26075;coparticipacion federal de impuestos neta ley 26075;41306,3069
2019;san juan;financiamiento educativo ley 26075;financiamiento educativo ley 26075;4843,9848
2019;san juan;transferencia de servicios ley 24049;transferencia de servicios ley 24049;30,0996
2019;san juan;impuesto sobre los bienes personales;ley 24699;549,3458
2019;san juan;impuesto sobre los activos fondo educacion ley 23906;impuesto sobre los activos fondo educacion ley 23906;0,0048
2019;san juan;impuesto a los combustibles liquidos ley 23966 y 24699;obras de infraestructura;151,675
2019;san juan;impuesto a los combustibles liquidos ley 23966 y 24699;vialidad provincial;265,3731
2019;san juan;impuesto a los combustibles liquidos ley 23966 y 24699;f.e.d.e.i.;67,57548315
2019;san juan;impuesto a los combustibles liquidos ley 23966 y 24699;ley 24464 fo.na.vi;799,4581
2019;san juan;regimen de energia electrica ley 24065;fondo para compensaciones de tarifa electrica;92,5858
2019;san juan;regimen de energia electrica ley 24065;f.e.d.e.i.;67,37541648
2019;san juan;fondo compensador de desequilibrios;fondo compensador de desequilibrios;26,4
2019;san juan;regimen simplificado para pequeños contribuyentes ley 24977 art 59 inciso a;regimen simplificado para pequeños contribuyentes ley 24977 art 59 inciso a;203,0591
2019;san juan;consenso fiscal ley 27429 compensacion;consenso fiscal ley 27429 compensacion;801,2606425
2019;san juan;compensacion  medida cautelar/decreto;compensacion  medida cautelar/decreto;132,711623
2019;san luis;coparticipacion federal de impuestos neta ley 26075;coparticipacion federal de impuestos neta ley 26075;29203,7756
2019;san luis;financiamiento educativo ley 26075;financiamiento educativo ley 26075;2922,4042
2019;san luis;transferencia de servicios ley 24049;transferencia de servicios ley 24049;18,9012
2019;san luis;impuesto sobre los bienes personales;ley 24699;370,9259
2019;san luis;impuesto sobre los activos fondo educacion ley 23906;impuesto sobre los activos fondo educacion ley 23906;0,0037
2019;san luis;impuesto a los combustibles liquidos ley 23966 y 24699;obras de infraestructura;102,4105
2019;san luis;impuesto a los combustibles liquidos ley 23966 y 24699;vialidad provincial;172,9445
2019;san luis;impuesto a los combustibles liquidos ley 23966 y 24699;f.e.d.e.i.;66,19848527
2019;san luis;impuesto a los combustibles liquidos ley 23966 y 24699;ley 24464 fo.na.vi;799,4581
2019;san luis;regimen de energia electrica ley 24065;fondo para compensaciones de tarifa electrica;103,7642
2019;san luis;regimen de energia electrica ley 24065;f.e.d.e.i.;66,00249509
2019;san luis;fondo compensador de desequilibrios;fondo compensador de desequilibrios;26,4
2019;san luis;regimen simplificado para pequeños contribuyentes ley 24977 art 59 inciso a;regimen simplificado para pequeños contribuyentes ley 24977 art 59 inciso a;137,1051
2019;san luis;compensacion  medida cautelar/decreto;compensacion  medida cautelar/decreto;92,380109
2019;santa cruz;coparticipacion federal de impuestos neta ley 26075;coparticipacion federal de impuestos neta ley 26075;20050,312
2019;santa cruz;financiamiento educativo ley 26075;financiamiento educativo ley 26075;1541,2681
2019;santa cruz;transferencia de servicios ley 24049;transferencia de servicios ley 24049;8,4996
2019;santa cruz;impuesto sobre los bienes personales;ley 24699;257,0134
2019;santa cruz;impuesto sobre los bienes personales;ley 23966 art 30;23,2277
2019;santa cruz;impuesto sobre los activos fondo educacion ley 23906;impuesto sobre los activos fondo educacion ley 23906;0,0037
2019;santa cruz;i.v.a.ley 23966 art 5 punto 2;i.v.a.ley 23966 art 5 punto 2;122,6176
2019;santa cruz;impuesto a los combustibles liquidos ley 23966 y 24699;obras de infraestructura;70,9627
2019;santa cruz;impuesto a los combustibles liquidos ley 23966 y 24699;vialidad provincial;195,2944
2019;santa cruz;impuesto a los combustibles liquidos ley 23966 y 24699;f.e.d.e.i.;93,14499175
2019;santa cruz;impuesto a los combustibles liquidos ley 23966 y 24699;ley 24464 fo.na.vi;700,8947
2019;santa cruz;regimen de energia electrica ley 24065;fondo para compensaciones de tarifa electrica;257,2733
2019;santa cruz;regimen de energia electrica ley 24065;f.e.d.e.i.;92,86922351
2019;santa cruz;fondo compensador de desequilibrios;fondo compensador de desequilibrios;36
2019;santa cruz;regimen simplificado para pequeños contribuyentes ley 24977 art 59 inciso a;regimen simplificado para pequeños contribuyentes ley 24977 art 59 inciso a;95,0034
2019;santa cruz;consenso fiscal ley 27429 compensacion;consenso fiscal ley 27429 compensacion;106,9288429
2019;santa cruz;compensacion  medida cautelar/decreto;compensacion  medida cautelar/decreto;62,759776
2019;santa fe;coparticipacion federal de impuestos neta ley 26075;coparticipacion federal de impuestos neta ley 26075;115066,7714
2019;santa fe;financiamiento educativo ley 26075;financiamiento educativo ley 26075;13190,8524
2019;santa fe;transferencia de servicios ley 24049;transferencia de servicios ley 24049;135,4896
2019;santa fe;impuesto sobre los bienes personales;ley 24699;1480,5418
2019;santa fe;impuesto sobre los bienes personales;ley 23966 art 30;319,3366
2019;santa fe;impuesto sobre los activos fondo educacion ley 23906;impuesto sobre los activos fondo educacion ley 23906;0,0162
2019;santa fe;i.v.a.ley 23966 art 5 punto 2;i.v.a.ley 23966 art 5 punto 2;1686,3673
2019;santa fe;impuesto a los combustibles liquidos ley 23966 y 24699;obras de infraestructura;438,7753
2019;santa fe;impuesto a los combustibles liquidos ley 23966 y 24699;vialidad provincial;809,8415
2019;santa fe;impuesto a los combustibles liquidos ley 23966 y 24699;f.e.d.e.i.;58,68957102
2019;santa fe;impuesto a los combustibles liquidos ley 23966 y 24699;ley 24464 fo.na.vi;1261,4854
2019;santa fe;regimen de energia electrica ley 24065;fondo para compensaciones de tarifa electrica;75,6482
2019;santa fe;regimen de energia electrica ley 24065;f.e.d.e.i.;58,51581277
2019;santa fe;fondo compensador de desequilibrios;fondo compensador de desequilibrios;6
2019;santa fe;regimen simplificado para pequeños contribuyentes ley 24977 art 59 inciso a;regimen simplificado para pequeños contribuyentes ley 24977 art 59 inciso a;547,2967
2019;santa fe;consenso fiscal ley 27429 compensacion;consenso fiscal ley 27429 compensacion;1997,060869
2019;santa fe;compensacion  medida cautelar/decreto;compensacion  medida cautelar/decreto;377,944068
2019;sgo. del estero;coparticipacion federal de impuestos neta ley 26075;coparticipacion federal de impuestos neta ley 26075;49480,2146
2019;sgo. del estero;financiamiento educativo ley 26075;financiamiento educativo ley 26075;6925,698
2019;sgo. del estero;transferencia de servicios ley 24049;transferencia de servicios ley 24049;31,5996
2019;sgo. del estero;impuesto sobre los bienes personales;ley 24699;671,4229
2019;sgo. del estero;impuesto sobre los activos fondo educacion ley 23906;impuesto sobre los activos fondo educacion ley 23906;0,0081
2019;sgo. del estero;impuesto a los combustibles liquidos ley 23966 y 24699;obras de infraestructura;185,3813
2019;sgo. del estero;impuesto a los combustibles liquidos ley 23966 y 24699;vialidad provincial;307,8716
2019;sgo. del estero;impuesto a los combustibles liquidos ley 23966 y 24699;f.e.d.e.i.;78,25174568
2019;sgo. del estero;impuesto a los combustibles liquidos ley 23966 y 24699;ley 24464 fo.na.vi;941,8273
2019;sgo. del estero;regimen de energia electrica ley 24065;fondo para compensaciones de tarifa electrica;98,0739
2019;sgo. del estero;regimen de energia electrica ley 24065;f.e.d.e.i.;78,02007119
2019;sgo. del estero;fondo compensador de desequilibrios;fondo compensador de desequilibrios;26,4
2019;sgo. del estero;regimen simplificado para pequeños contribuyentes ley 24977 art 59 inciso a;regimen simplificado para pequeños contribuyentes ley 24977 art 59 inciso a;248,1839
2019;sgo. del estero;consenso fiscal ley 27429 compensacion;consenso fiscal ley 27429 compensacion;2166,259727
2019;sgo. del estero;compensacion  medida cautelar/decreto;compensacion  medida cautelar/decreto;162,203104
2019;tucuman;coparticipacion federal de impuestos neta ley 26075;coparticipacion federal de impuestos neta ley 26075;56705,478
2019;tucuman;financiamiento educativo ley 26075;financiamiento educativo ley 26075;8246,7846
2019;tucuman;transferencia de servicios ley 24049;transferencia de servicios ley 24049;55,8
2019;tucuman;impuesto sobre los bienes personales;ley 24699;773,1535
2019;tucuman;impuesto sobre los activos fondo educacion ley 23906;impuesto sobre los activos fondo educacion ley 23906;0,0072
2019;tucuman;impuesto a los combustibles liquidos ley 23966 y 24699;obras de infraestructura;213,4689
2019;tucuman;impuesto a los combustibles liquidos ley 23966 y 24699;vialidad provincial;290,5109
2019;tucuman;impuesto a los combustibles liquidos ley 23966 y 24699;f.e.d.e.i.;60,27087853
2019;tucuman;impuesto a los combustibles liquidos ley 23966 y 24699;ley 24464 fo.na.vi;919,9242
2019;tucuman;regimen de energia electrica ley 24065;fondo para compensaciones de tarifa electrica;76,5656
2019;tucuman;regimen de energia electrica ley 24065;f.e.d.e.i.;60,09243381
2019;tucuman;fondo compensador de desequilibrios;fondo compensador de desequilibrios;26,4
2019;tucuman;regimen simplificado para pequeños contribuyentes ley 24977 art 59 inciso a;regimen simplificado para pequeños contribuyentes ley 24977 art 59 inciso a;285,7871
2019;tucuman;consenso fiscal ley 27429 compensacion;consenso fiscal ley 27429 compensacion;2638,053102
2019;tucuman;compensacion  medida cautelar/decreto;compensacion  medida cautelar/decreto;186,779327
2019;tierra del fuego;coparticipacion federal de impuestos neta ley 26075;coparticipacion federal de impuestos neta ley 26075;16121,3276
2019;tierra del fuego;financiamiento educativo ley 26075;financiamiento educativo ley 26075;720,5928
2019;tierra del fuego;transferencia de servicios ley 24049;transferencia de servicios ley 24049;12
2019;tierra del fuego;impuesto sobre los bienes personales;ley 24699;200,4322
2019;tierra del fuego;impuesto sobre los bienes personales;ley 23966 art 30;2,0604
2019;tierra del fuego;impuesto sobre los activos fondo educacion ley 23906;impuesto sobre los activos fondo educacion ley 23906;0,002
2019;tierra del fuego;i.v.a.ley 23966 art 5 punto 2;i.v.a.ley 23966 art 5 punto 2;10,8763
2019;tierra del fuego;impuesto a los combustibles liquidos ley 23966 y 24699;obras de infraestructura;55,3409
2019;tierra del fuego;impuesto a los combustibles liquidos ley 23966 y 24699;vialidad provincial;147,7208
2019;tierra del fuego;impuesto a los combustibles liquidos ley 23966 y 24699;f.e.d.e.i.;68,49816431
2019;tierra del fuego;impuesto a los combustibles liquidos ley 23966 y 24699;ley 24464 fo.na.vi;580,4286
2019;tierra del fuego;regimen de energia electrica ley 24065;fondo para compensaciones de tarifa electrica;75,0645
2019;tierra del fuego;regimen de energia electrica ley 24065;f.e.d.e.i.;68,29536678
2019;tierra del fuego;fondo compensador de desequilibrios;fondo compensador de desequilibrios;36
2019;tierra del fuego;regimen simplificado para pequeños contribuyentes ley 24977 art 59 inciso a;regimen simplificado para pequeños contribuyentes ley 24977 art 59 inciso a;74,0891
2019;tierra del fuego;consenso fiscal ley 27429 compensacion;consenso fiscal ley 27429 compensacion;52,90670293
2019;tierra del fuego;compensacion  medida cautelar/decreto;compensacion  medida cautelar/decreto;48,480045
2019;c.a.b.a;coparticipacion federal de impuestos neta ley 26075;coparticipacion federal de impuestos neta ley 26075;73881,0554
2019;c.a.b.a;financiamiento educativo ley 26075;financiamiento educativo ley 26075;10388,5468
2019;c.a.b.a;impuesto sobre los activos fondo educacion ley 23906;impuesto sobre los activos fondo educacion ley 23906;0,007
2019;c.a.b.a;impuesto a los combustibles liquidos ley 23966 y 24699;ley 24464 fo.na.vi;284,7385
2019;c.a.b.a;compensacion  medida cautelar/decreto;compensacion  medida cautelar/decreto;242,10306
2019;tesoro nacional;coparticipacion federal de impuestos neta ley 26075;coparticipacion federal de impuestos neta ley 26075;918297,8934
2019;tesoro nacional;impuesto sobre los bienes personales;ley 24699;11922,8452
2019;tesoro nacional;impuesto sobre los activos fondo educacion ley 23906;impuesto sobre los activos fondo educacion ley 23906;0,1046
2019;tesoro nacional;impuesto a los combustibles liquidos ley 23966 y 24699;vialidad provincial;15115,5133
2019;tesoro nacional;consenso fiscal ley 27429 compensacion;consenso fiscal ley 27429 compensacion;-72575,6575
2019;tesoro nacional;compensacion  medida cautelar/decreto;compensacion  medida cautelar/decreto;-4298,100003
2019;seguridad social;coparticipacion federal de impuestos neta ley 26075;coparticipacion federal de impuestos neta ley 26075;65985,4671
2019;seguridad social;i.v.a.ley 23966 art 5 punto 2;i.v.a.ley 23966 art 5 punto 2;151152,8934
2019;seguridad social;regimen simplificado para pequeños contribuyentes ley 24977 art 59 inciso a;regimen simplificado para pequeños contribuyentes ley 24977 art 59 inciso a;14165,41
2019;fondo a.t.n.;coparticipacion federal de impuestos neta ley 26075;coparticipacion federal de impuestos neta ley 26075;24077,0292
2019;fondo a.t.n.;impuesto sobre los bienes personales;ley 24699;286,3315
2020;buenos aires;coparticipacion federal de impuestos neta ley 26075;coparticipacion federal de impuestos neta ley 26075;324405,7075
2020;buenos aires;financiamiento educativo ley 26075;financiamiento educativo ley 26075;78556,1686
2020;buenos aires;transferencia de servicios ley 24049;transferencia de servicios ley 24049;420,1008
2020;buenos aires;impuesto sobre los bienes personales;ley 24699;23733,4485
2020;buenos aires;impuesto sobre los bienes personales;ley 23966 art 30;5650,2403
2020;buenos aires;impuesto sobre los activos fondo educacion ley 23906;impuesto sobre los activos fondo educacion ley 23906;0,0638
2020;buenos aires;i.v.a.ley 23966 art 5 punto 2;i.v.a.ley 23966 art 5 punto 2;5603,4767
2020;buenos aires;impuesto a los combustibles liquidos ley 23966 y 24699;obras de infraestructura;1185,388
2020;buenos aires;impuesto a los combustibles liquidos ley 23966 y 24699;vialidad provincial;2886,2928
2020;buenos aires;impuesto a los combustibles liquidos ley 23966 y 24699;f.e.d.e.i.;69,95270083
2020;buenos aires;impuesto a los combustibles liquidos ley 23966 y 24699;ley 24464 fo.na.vi;3917,4355
2020;buenos aires;regimen de energia electrica ley 24065;fondo para compensaciones de tarifa electrica;79,6448
2020;buenos aires;regimen de energia electrica ley 24065;f.e.d.e.i.;57,68943062
2020;buenos aires;regimen simplificado para pequeños contribuyentes ley 24977 art 59 inciso a;regimen simplificado para pequeños contribuyentes ley 24977 art 59 inciso a;1865,0123
2020;buenos aires;consenso fiscal ley 27429 compensacion;consenso fiscal ley 27429 compensacion;52829,98116
2020;buenos aires;compensacion  medida cautelar/decreto;compensacion  medida cautelar/decreto;273,445656
2020;catamarca;coparticipacion federal de impuestos neta ley 26075;coparticipacion federal de impuestos neta ley 26075;46620,8722
2020;catamarca;financiamiento educativo ley 26075;financiamiento educativo ley 26075;3920,5926
2020;catamarca;transferencia de servicios ley 24049;transferencia de servicios ley 24049;21,3996
2020;catamarca;impuesto sobre los bienes personales;ley 24699;2976,7661
2020;catamarca;impuesto sobre los activos fondo educacion ley 23906;impuesto sobre los activos fondo educacion ley 23906;0,0048
2020;catamarca;impuesto a los combustibles liquidos ley 23966 y 24699;obras de infraestructura;152,4423
2020;catamarca;impuesto a los combustibles liquidos ley 23966 y 24699;vialidad provincial;224,4578
2020;catamarca;impuesto a los combustibles liquidos ley 23966 y 24699;f.e.d.e.i.;105,4288931
2020;catamarca;impuesto a los combustibles liquidos ley 23966 y 24699;ley 24464 fo.na.vi;567,3528
2020;catamarca;regimen de energia electrica ley 24065;fondo para compensaciones de tarifa electrica;102,341
2020;catamarca;regimen de energia electrica ley 24065;f.e.d.e.i.;86,94636228
2020;catamarca;fondo compensador de desequilibrios;fondo compensador de desequilibrios;26,4
2020;catamarca;regimen simplificado para pequeños contribuyentes ley 24977 art 59 inciso a;regimen simplificado para pequeños contribuyentes ley 24977 art 59 inciso a;233,9228
2020;catamarca;consenso fiscal ley 27429 compensacion;consenso fiscal ley 27429 compensacion;369,485739
2020;catamarca;compensacion  medida cautelar/decreto;compensacion  medida cautelar/decreto;33,376376
2020;cordoba;coparticipacion federal de impuestos neta ley 26075;coparticipacion federal de impuestos neta ley 26075;145303,7324
2020;cordoba;financiamiento educativo ley 26075;financiamiento educativo ley 26075;17630,6403
2020;cordoba;transferencia de servicios ley 24049;transferencia de servicios ley 24049;125,3004
2020;cordoba;impuesto sobre los bienes personales;ley 24699;9596,4278
2020;cordoba;impuesto sobre los bienes personales;ley 23966 art 30;1929,5814
2020;cordoba;impuesto sobre los activos fondo educacion ley 23906;impuesto sobre los activos fondo educacion ley 23906;0,0176
2020;cordoba;i.v.a.ley 23966 art 5 punto 2;i.v.a.ley 23966 art 5 punto 2;1913,6113
2020;cordoba;impuesto a los combustibles liquidos ley 23966 y 24699;obras de infraestructura;491,4355
2020;cordoba;impuesto a los combustibles liquidos ley 23966 y 24699;vialidad provincial;1080,6627
2020;cordoba;impuesto a los combustibles liquidos ley 23966 y 24699;f.e.d.e.i.;69,95270083
2020;cordoba;impuesto a los combustibles liquidos ley 23966 y 24699;ley 24464 fo.na.vi;1526,4491
2020;cordoba;regimen de energia electrica ley 24065;fondo para compensaciones de tarifa electrica;74,7645
2020;cordoba;regimen de energia electrica ley 24065;f.e.d.e.i.;57,68943062
2020;cordoba;fondo compensador de desequilibrios;fondo compensador de desequilibrios;6
2020;cordoba;regimen simplificado para pequeños contribuyentes ley 24977 art 59 inciso a;regimen simplificado para pequeños contribuyentes ley 24977 art 59 inciso a;754,1075
2020;cordoba;consenso fiscal ley 27429 compensacion;consenso fiscal ley 27429 compensacion;2146,776303
2020;cordoba;compensacion  medida cautelar/decreto;compensacion  medida cautelar/decreto;110,104368
2020;corrientes;coparticipacion federal de impuestos neta ley 26075;coparticipacion federal de impuestos neta ley 26075;60516,4366
2020;corrientes;financiamiento educativo ley 26075;financiamiento educativo ley 26075;7696,869
2020;corrientes;transferencia de servicios ley 24049;transferencia de servicios ley 24049;38,6004
2020;corrientes;impuesto sobre los bienes personales;ley 24699;4017,5934
2020;corrientes;impuesto sobre los bienes personales;ley 23966 art 30;616,9909
2020;corrientes;impuesto sobre los activos fondo educacion ley 23906;impuesto sobre los activos fondo educacion ley 23906;0,0079
2020;corrientes;i.v.a.ley 23966 art 5 punto 2;i.v.a.ley 23966 art 5 punto 2;611,8843
2020;corrientes;impuesto a los combustibles liquidos ley 23966 y 24699;obras de infraestructura;205,7419
2020;corrientes;impuesto a los combustibles liquidos ley 23966 y 24699;vialidad provincial;326,3579
2020;corrientes;impuesto a los combustibles liquidos ley 23966 y 24699;f.e.d.e.i.;88,55974623
2020;corrientes;impuesto a los combustibles liquidos ley 23966 y 24699;ley 24464 fo.na.vi;1337,3316
2020;corrientes;regimen de energia electrica ley 24065;fondo para compensaciones de tarifa electrica;103,9594
2020;corrientes;regimen de energia electrica ley 24065;f.e.d.e.i.;73,03451186
2020;corrientes;fondo compensador de desequilibrios;fondo compensador de desequilibrios;18
2020;corrientes;regimen simplificado para pequeños contribuyentes ley 24977 art 59 inciso a;regimen simplificado para pequeños contribuyentes ley 24977 art 59 inciso a;315,7107
2020;corrientes;consenso fiscal ley 27429 compensacion;consenso fiscal ley 27429 compensacion;2682,277795
2020;corrientes;compensacion  medida cautelar/decreto;compensacion  medida cautelar/decreto;45,847868
2020;chaco;coparticipacion federal de impuestos neta ley 26075;coparticipacion federal de impuestos neta ley 26075;82568,4728
2020;chaco;financiamiento educativo ley 26075;financiamiento educativo ley 26075;8971,6628
2020;chaco;transferencia de servicios ley 24049;transferencia de servicios ley 24049;33,6
2020;chaco;impuesto sobre los bienes personales;ley 24699;5391,4853
2020;chaco;impuesto sobre los bienes personales;ley 23966 art 30;485,0596
2020;chaco;impuesto sobre los activos fondo educacion ley 23906;impuesto sobre los activos fondo educacion ley 23906;0,0104
2020;chaco;i.v.a.ley 23966 art 5 punto 2;i.v.a.ley 23966 art 5 punto 2;481,045
2020;chaco;impuesto a los combustibles liquidos ley 23966 y 24699;obras de infraestructura;276,1009
2020;chaco;impuesto a los combustibles liquidos ley 23966 y 24699;vialidad provincial;374,1534
2020;chaco;impuesto a los combustibles liquidos ley 23966 y 24699;f.e.d.e.i.;94,05811204
2020;chaco;impuesto a los combustibles liquidos ley 23966 y 24699;ley 24464 fo.na.vi;1242,7727
2020;chaco;regimen de energia electrica ley 24065;fondo para compensaciones de tarifa electrica;108,0585
2020;chaco;regimen de energia electrica ley 24065;f.e.d.e.i.;77,56896953
2020;chaco;fondo compensador de desequilibrios;fondo compensador de desequilibrios;6
2020;chaco;regimen simplificado para pequeños contribuyentes ley 24977 art 59 inciso a;regimen simplificado para pequeños contribuyentes ley 24977 art 59 inciso a;423,6768
2020;chaco;consenso fiscal ley 27429 compensacion;consenso fiscal ley 27429 compensacion;3271,042137
2020;chaco;compensacion  medida cautelar/decreto;compensacion  medida cautelar/decreto;61,080976
2020;chubut;coparticipacion federal de impuestos neta ley 26075;coparticipacion federal de impuestos neta ley 26075;25243,8218
2020;chubut;financiamiento educativo ley 26075;financiamiento educativo ley 26075;3776,2763
2020;chubut;transferencia de servicios ley 24049;transferencia de servicios ley 24049;24,2004
2020;chubut;impuesto sobre los bienes personales;ley 24699;1709,2114
2020;chubut;impuesto sobre los bienes personales;ley 23966 art 30;189,7462
2020;chubut;impuesto sobre los activos fondo educacion ley 23906;impuesto sobre los activos fondo educacion ley 23906;0,0048
2020;chubut;i.v.a.ley 23966 art 5 punto 2;i.v.a.ley 23966 art 5 punto 2;188,1759
2020;chubut;impuesto a los combustibles liquidos ley 23966 y 24699;obras de infraestructura;87,5309
2020;chubut;impuesto a los combustibles liquidos ley 23966 y 24699;vialidad provincial;316,6103
2020;chubut;impuesto a los combustibles liquidos ley 23966 y 24699;f.e.d.e.i.;98,61832836
2020;chubut;impuesto a los combustibles liquidos ley 23966 y 24699;ley 24464 fo.na.vi;864,5375
2020;chubut;regimen de energia electrica ley 24065;fondo para compensaciones de tarifa electrica;171,0998
2020;chubut;regimen de energia electrica ley 24065;f.e.d.e.i.;81,32974378
2020;chubut;fondo compensador de desequilibrios;fondo compensador de desequilibrios;36
2020;chubut;regimen simplificado para pequeños contribuyentes ley 24977 art 59 inciso a;regimen simplificado para pequeños contribuyentes ley 24977 art 59 inciso a;134,3163
2020;chubut;consenso fiscal ley 27429 compensacion;consenso fiscal ley 27429 compensacion;620,910565
2020;chubut;compensacion  medida cautelar/decreto;compensacion  medida cautelar/decreto;19,410644
2020;entre rios;coparticipacion federal de impuestos neta ley 26075;coparticipacion federal de impuestos neta ley 26075;81803,1533
2020;entre rios;financiamiento educativo ley 26075;financiamiento educativo ley 26075;7793,0799
2020;entre rios;transferencia de servicios ley 24049;transferencia de servicios ley 24049;67,4988
2020;entre rios;impuesto sobre los bienes personales;ley 24699;5276,9946
2020;entre rios;impuesto sobre los bienes personales;ley 23966 art 30;837,3958
2020;entre rios;impuesto sobre los activos fondo educacion ley 23906;impuesto sobre los activos fondo educacion ley 23906;0,0082
2020;entre rios;i.v.a.ley 23966 art 5 punto 2;i.v.a.ley 23966 art 5 punto 2;830,4649
2020;entre rios;impuesto a los combustibles liquidos ley 23966 y 24699;obras de infraestructura;270,2335
2020;entre rios;impuesto a los combustibles liquidos ley 23966 y 24699;vialidad provincial;493,9601
2020;entre rios;impuesto a los combustibles liquidos ley 23966 y 24699;f.e.d.e.i.;80,94620474
2020;entre rios;impuesto a los combustibles liquidos ley 23966 y 24699;ley 24464 fo.na.vi;1053,655
2020;entre rios;regimen de energia electrica ley 24065;fondo para compensaciones de tarifa electrica;105,2465
2020;entre rios;regimen de energia electrica ley 24065;f.e.d.e.i.;66,75568504
2020;entre rios;fondo compensador de desequilibrios;fondo compensador de desequilibrios;21,6
2020;entre rios;regimen simplificado para pequeños contribuyentes ley 24977 art 59 inciso a;regimen simplificado para pequeños contribuyentes ley 24977 art 59 inciso a;414,6731
2020;entre rios;consenso fiscal ley 27429 compensacion;consenso fiscal ley 27429 compensacion;1503,255676
2020;entre rios;compensacion  medida cautelar/decreto;compensacion  medida cautelar/decreto;60,254942
2020;formosa;coparticipacion federal de impuestos neta ley 26075;coparticipacion federal de impuestos neta ley 26075;61700,3828
2020;formosa;financiamiento educativo ley 26075;financiamiento educativo ley 26075;5099,1758
2020;formosa;transferencia de servicios ley 24049;transferencia de servicios ley 24049;20,7012
2020;formosa;impuesto sobre los bienes personales;ley 24699;3934,3273
2020;formosa;impuesto sobre los bienes personales;ley 23966 art 30;225,9503
2020;formosa;impuesto sobre los activos fondo educacion ley 23906;impuesto sobre los activos fondo educacion ley 23906;0,0056
2020;formosa;i.v.a.ley 23966 art 5 punto 2;i.v.a.ley 23966 art 5 punto 2;224,08
2020;formosa;impuesto a los combustibles liquidos ley 23966 y 24699;obras de infraestructura;201,4793
2020;formosa;impuesto a los combustibles liquidos ley 23966 y 24699;vialidad provincial;221,4898
2020;formosa;impuesto a los combustibles liquidos ley 23966 y 24699;f.e.d.e.i.;116,9595241
2020;formosa;impuesto a los combustibles liquidos ley 23966 y 24699;ley 24464 fo.na.vi;1080,6721
2020;formosa;regimen de energia electrica ley 24065;fondo para compensaciones de tarifa electrica;140,3579
2020;formosa;regimen de energia electrica ley 24065;f.e.d.e.i.;99,19322753
2020;formosa;fondo compensador de desequilibrios;fondo compensador de desequilibrios;26,4
2020;formosa;regimen simplificado para pequeños contribuyentes ley 24977 art 59 inciso a;regimen simplificado para pequeños contribuyentes ley 24977 art 59 inciso a;309,1704
2020;formosa;consenso fiscal ley 27429 compensacion;consenso fiscal ley 27429 compensacion;1609,504113
2020;formosa;compensacion  medida cautelar/decreto;compensacion  medida cautelar/decreto;44,40634
2020;jujuy;coparticipacion federal de impuestos neta ley 26075;coparticipacion federal de impuestos neta ley 26075;47177,0712
2020;jujuy;financiamiento educativo ley 26075;financiamiento educativo ley 26075;4954,8594
2020;jujuy;transferencia de servicios ley 24049;transferencia de servicios ley 24049;33,3
2020;jujuy;impuesto sobre los bienes personales;ley 24699;3070,4405
2020;jujuy;impuesto sobre los activos fondo educacion ley 23906;impuesto sobre los activos fondo educacion ley 23906;0,0051
2020;jujuy;impuesto a los combustibles liquidos ley 23966 y 24699;obras de infraestructura;157,2359
2020;jujuy;impuesto a los combustibles liquidos ley 23966 y 24699;vialidad provincial;245,4079
2020;jujuy;impuesto a los combustibles liquidos ley 23966 y 24699;f.e.d.e.i.;85,65719807
2020;jujuy;impuesto a los combustibles liquidos ley 23966 y 24699;ley 24464 fo.na.vi;810,5039
2020;jujuy;regimen de energia electrica ley 24065;fondo para compensaciones de tarifa electrica;116,2932
2020;jujuy;regimen de energia electrica ley 24065;f.e.d.e.i.;72,3322056
2020;jujuy;fondo compensador de desequilibrios;fondo compensador de desequilibrios;26,4
2020;jujuy;regimen simplificado para pequeños contribuyentes ley 24977 art 59 inciso a;regimen simplificado para pequeños contribuyentes ley 24977 art 59 inciso a;241,2783
2020;jujuy;consenso fiscal ley 27429 compensacion;consenso fiscal ley 27429 compensacion;1558,771983
2020;jujuy;compensacion  medida cautelar/decreto;compensacion  medida cautelar/decreto;34,426678
2020;la pampa;coparticipacion federal de impuestos neta ley 26075;coparticipacion federal de impuestos neta ley 26075;32440,1328
2020;la pampa;financiamiento educativo ley 26075;financiamiento educativo ley 26075;2693,9041
2020;la pampa;transferencia de servicios ley 24049;transferencia de servicios ley 24049;19,2
2020;la pampa;impuesto sobre los bienes personales;ley 24699;2068,9235
2020;la pampa;impuesto sobre los bienes personales;ley 23966 art 30;166,6224
2020;la pampa;impuesto sobre los activos fondo educacion ley 23906;impuesto sobre los activos fondo educacion ley 23906;0,0042
2020;la pampa;i.v.a.ley 23966 art 5 punto 2;i.v.a.ley 23966 art 5 punto 2;165,2987
2020;la pampa;impuesto a los combustibles liquidos ley 23966 y 24699;obras de infraestructura;105,9493
2020;la pampa;impuesto a los combustibles liquidos ley 23966 y 24699;vialidad provincial;300,5648
2020;la pampa;impuesto a los combustibles liquidos ley 23966 y 24699;f.e.d.e.i.;77,86039769
2020;la pampa;impuesto a los combustibles liquidos ley 23966 y 24699;ley 24464 fo.na.vi;550,8013
2020;la pampa;regimen de energia electrica ley 24065;fondo para compensaciones de tarifa electrica;146,0973
2020;la pampa;regimen de energia electrica ley 24065;f.e.d.e.i.;64,21084483
2020;la pampa;fondo compensador de desequilibrios;fondo compensador de desequilibrios;30
2020;la pampa;regimen simplificado para pequeños contribuyentes ley 24977 art 59 inciso a;regimen simplificado para pequeños contribuyentes ley 24977 art 59 inciso a;162,5796
2020;la pampa;compensacion  medida cautelar/decreto;compensacion  medida cautelar/decreto;23,400586
2020;la rioja;coparticipacion federal de impuestos neta ley 26075;coparticipacion federal de impuestos neta ley 26075;34867,6048
2020;la rioja;financiamiento educativo ley 26075;financiamiento educativo ley 26075;3126,853
2020;la rioja;transferencia de servicios ley 24049;transferencia de servicios ley 24049;20,2992
2020;la rioja;impuesto sobre los bienes personales;ley 24699;2237,7789
2020;la rioja;impuesto sobre los activos fondo educacion ley 23906;impuesto sobre los activos fondo educacion ley 23906;0,0041
2020;la rioja;impuesto a los combustibles liquidos ley 23966 y 24699;obras de infraestructura;114,5974
2020;la rioja;impuesto a los combustibles liquidos ley 23966 y 24699;vialidad provincial;232,5439
2020;la rioja;impuesto a los combustibles liquidos ley 23966 y 24699;f.e.d.e.i.;102,5827683
2020;la rioja;impuesto a los combustibles liquidos ley 23966 y 24699;ley 24464 fo.na.vi;540,3359
2020;la rioja;regimen de energia electrica ley 24065;fondo para compensaciones de tarifa electrica;122,381
2020;la rioja;regimen de energia electrica ley 24065;f.e.d.e.i.;84,59918548
2020;la rioja;fondo compensador de desequilibrios;fondo compensador de desequilibrios;26,4
2020;la rioja;regimen simplificado para pequeños contribuyentes ley 24977 art 59 inciso a;regimen simplificado para pequeños contribuyentes ley 24977 art 59 inciso a;175,8497
2020;la rioja;consenso fiscal ley 27429 compensacion;consenso fiscal ley 27429 compensacion;484,3703
2020;la rioja;compensacion  medida cautelar/decreto;compensacion  medida cautelar/decreto;25,090626
2020;mendoza;coparticipacion federal de impuestos neta ley 26075;coparticipacion federal de impuestos neta ley 26075;65551,0326
2020;mendoza;financiamiento educativo ley 26075;financiamiento educativo ley 26075;10968,0383
2020;mendoza;transferencia de servicios ley 24049;transferencia de servicios ley 24049;61,6992
2020;mendoza;impuesto sobre los bienes personales;ley 24699;4506,7822
2020;mendoza;impuesto sobre los activos fondo educacion ley 23906;impuesto sobre los activos fondo educacion ley 23906;0,0087
2020;mendoza;impuesto a los combustibles liquidos ley 23966 y 24699;obras de infraestructura;230,7944
2020;mendoza;impuesto a los combustibles liquidos ley 23966 y 24699;vialidad provincial;504,5481
2020;mendoza;impuesto a los combustibles liquidos ley 23966 y 24699;f.e.d.e.i.;79,62411986
2020;mendoza;impuesto a los combustibles liquidos ley 23966 y 24699;ley 24464 fo.na.vi;1080,6721
2020;mendoza;regimen de energia electrica ley 24065;fondo para compensaciones de tarifa electrica;83,3407
2020;mendoza;regimen de energia electrica ley 24065;f.e.d.e.i.;65,6653724
2020;mendoza;fondo compensador de desequilibrios;fondo compensador de desequilibrios;26,4
2020;mendoza;regimen simplificado para pequeños contribuyentes ley 24977 art 59 inciso a;regimen simplificado para pequeños contribuyentes ley 24977 art 59 inciso a;354,1541
2020;mendoza;consenso fiscal ley 27429 compensacion;consenso fiscal ley 27429 compensacion;2284,827499
2020;mendoza;compensacion  medida cautelar/decreto;compensacion  medida cautelar/decreto;50,531382
2020;misiones;coparticipacion federal de impuestos neta ley 26075;coparticipacion federal de impuestos neta ley 26075;51378,1714
2020;misiones;financiamiento educativo ley 26075;financiamiento educativo ley 26075;9236,2425
2020;misiones;transferencia de servicios ley 24049;transferencia de servicios ley 24049;34,1004
2020;misiones;impuesto sobre los bienes personales;ley 24699;3570,0377
2020;misiones;impuesto sobre los bienes personales;ley 23966 art 30;264,902
2020;misiones;impuesto sobre los activos fondo educacion ley 23906;impuesto sobre los activos fondo educacion ley 23906;0,0065
2020;misiones;i.v.a.ley 23966 art 5 punto 2;i.v.a.ley 23966 art 5 punto 2;262,7095
2020;misiones;impuesto a los combustibles liquidos ley 23966 y 24699;obras de infraestructura;182,8201
2020;misiones;impuesto a los combustibles liquidos ley 23966 y 24699;vialidad provincial;358,404
2020;misiones;impuesto a los combustibles liquidos ley 23966 y 24699;f.e.d.e.i.;125,3321241
2020;misiones;impuesto a los combustibles liquidos ley 23966 y 24699;ley 24464 fo.na.vi;1269,7893
2020;misiones;regimen de energia electrica ley 24065;fondo para compensaciones de tarifa electrica;148,6779
2020;misiones;regimen de energia electrica ley 24065;f.e.d.e.i.;113,0544353
2020;misiones;fondo compensador de desequilibrios;fondo compensador de desequilibrios;26,4
2020;misiones;regimen simplificado para pequeños contribuyentes ley 24977 art 59 inciso a;regimen simplificado para pequeños contribuyentes ley 24977 art 59 inciso a;280,5372
2020;misiones;consenso fiscal ley 27429 compensacion;consenso fiscal ley 27429 compensacion;3024,096589
2020;misiones;compensacion  medida cautelar/decreto;compensacion  medida cautelar/decreto;40,372398
2020;neuquen;coparticipacion federal de impuestos neta ley 26075;coparticipacion federal de impuestos neta ley 26075;27878,8949
2020;neuquen;financiamiento educativo ley 26075;financiamiento educativo ley 26075;3968,6983
2020;neuquen;transferencia de servicios ley 24049;transferencia de servicios ley 24049;17,3988
2020;neuquen;impuesto sobre los bienes personales;ley 24699;1875,7437
2020;neuquen;impuesto sobre los bienes personales;ley 23966 art 30;119,1337
2020;neuquen;impuesto sobre los activos fondo educacion ley 23906;impuesto sobre los activos fondo educacion ley 23906;0,0058
2020;neuquen;i.v.a.ley 23966 art 5 punto 2;i.v.a.ley 23966 art 5 punto 2;118,1477
2020;neuquen;impuesto a los combustibles liquidos ley 23966 y 24699;obras de infraestructura;96,0554
2020;neuquen;impuesto a los combustibles liquidos ley 23966 y 24699;vialidad provincial;318,6069
2020;neuquen;impuesto a los combustibles liquidos ley 23966 y 24699;f.e.d.e.i.;91,45973864
2020;neuquen;impuesto a los combustibles liquidos ley 23966 y 24699;ley 24464 fo.na.vi;1161,7223
2020;neuquen;regimen de energia electrica ley 24065;fondo para compensaciones de tarifa electrica;115,2253
2020;neuquen;regimen de energia electrica ley 24065;f.e.d.e.i.;75,4261128
2020;neuquen;fondo compensador de desequilibrios;fondo compensador de desequilibrios;30
2020;neuquen;regimen simplificado para pequeños contribuyentes ley 24977 art 59 inciso a;regimen simplificado para pequeños contribuyentes ley 24977 art 59 inciso a;147,3968
2020;neuquen;consenso fiscal ley 27429 compensacion;consenso fiscal ley 27429 compensacion;836,363945
2020;neuquen;compensacion  medida cautelar/decreto;compensacion  medida cautelar/decreto;21,186132
2020;rio negro;coparticipacion federal de impuestos neta ley 26075;coparticipacion federal de impuestos neta ley 26075;41874,5233
2020;rio negro;financiamiento educativo ley 26075;financiamiento educativo ley 26075;4425,6996
2020;rio negro;transferencia de servicios ley 24049;transferencia de servicios ley 24049;14,6004
2020;rio negro;impuesto sobre los bienes personales;ley 24699;2726,9674
2020;rio negro;impuesto sobre los activos fondo educacion ley 23906;impuesto sobre los activos fondo educacion ley 23906;0,0066
2020;rio negro;impuesto a los combustibles liquidos ley 23966 y 24699;obras de infraestructura;139,6503
2020;rio negro;impuesto a los combustibles liquidos ley 23966 y 24699;vialidad provincial;280,126
2020;rio negro;impuesto a los combustibles liquidos ley 23966 y 24699;f.e.d.e.i.;84,98246945
2020;rio negro;impuesto a los combustibles liquidos ley 23966 y 24699;ley 24464 fo.na.vi;1215,7558
2020;rio negro;regimen de energia electrica ley 24065;fondo para compensaciones de tarifa electrica;102,5909
2020;rio negro;regimen de energia electrica ley 24065;f.e.d.e.i.;70,0843603
2020;rio negro;fondo compensador de desequilibrios;fondo compensador de desequilibrios;30
2020;rio negro;regimen simplificado para pequeños contribuyentes ley 24977 art 59 inciso a;regimen simplificado para pequeños contribuyentes ley 24977 art 59 inciso a;214,2931
2020;rio negro;consenso fiscal ley 27429 compensacion;consenso fiscal ley 27429 compensacion;779,803657
2020;rio negro;compensacion  medida cautelar/decreto;compensacion  medida cautelar/decreto;30,575556
2020;salta;coparticipacion federal de impuestos neta ley 26075;coparticipacion federal de impuestos neta ley 26075;61314,1583
2020;salta;financiamiento educativo ley 26075;financiamiento educativo ley 26075;9019,7684
2020;salta;transferencia de servicios ley 24049;transferencia de servicios ley 24049;39,8004
2020;salta;impuesto sobre los bienes personales;ley 24699;4142,4926
2020;salta;impuesto sobre los activos fondo educacion ley 23906;impuesto sobre los activos fondo educacion ley 23906;0,0089
2020;salta;impuesto a los combustibles liquidos ley 23966 y 24699;obras de infraestructura;212,1407
2020;salta;impuesto a los combustibles liquidos ley 23966 y 24699;vialidad provincial;336,2131
2020;salta;impuesto a los combustibles liquidos ley 23966 y 24699;f.e.d.e.i.;86,94068101
2020;salta;impuesto a los combustibles liquidos ley 23966 y 24699;ley 24464 fo.na.vi;1080,6721
2020;salta;regimen de energia electrica ley 24065;fondo para compensaciones de tarifa electrica;113,746
2020;salta;regimen de energia electrica ley 24065;f.e.d.e.i.;71,69928157
2020;salta;fondo compensador de desequilibrios;fondo compensador de desequilibrios;30
2020;salta;regimen simplificado para pequeños contribuyentes ley 24977 art 59 inciso a;regimen simplificado para pequeños contribuyentes ley 24977 art 59 inciso a;325,5296
2020;salta;consenso fiscal ley 27429 compensacion;consenso fiscal ley 27429 compensacion;4262,707089
2020;salta;compensacion  medida cautelar/decreto;compensacion  medida cautelar/decreto;46,44684
2020;san juan;coparticipacion federal de impuestos neta ley 26075;coparticipacion federal de impuestos neta ley 26075;56159,2987
2020;san juan;financiamiento educativo ley 26075;financiamiento educativo ley 26075;5868,8627
2020;san juan;transferencia de servicios ley 24049;transferencia de servicios ley 24049;30,0996
2020;san juan;impuesto sobre los bienes personales;ley 24699;3653,304
2020;san juan;impuesto sobre los activos fondo educacion ley 23906;impuesto sobre los activos fondo educacion ley 23906;0,005
2020;san juan;impuesto a los combustibles liquidos ley 23966 y 24699;obras de infraestructura;187,0876
2020;san juan;impuesto a los combustibles liquidos ley 23966 y 24699;vialidad provincial;339,8784
2020;san juan;impuesto a los combustibles liquidos ley 23966 y 24699;f.e.d.e.i.;80,54390941
2020;san juan;impuesto a los combustibles liquidos ley 23966 y 24699;ley 24464 fo.na.vi;986,113
2020;san juan;regimen de energia electrica ley 24065;fondo para compensaciones de tarifa electrica;83,4347
2020;san juan;regimen de energia electrica ley 24065;f.e.d.e.i.;66,42391589
2020;san juan;fondo compensador de desequilibrios;fondo compensador de desequilibrios;26,4
2020;san juan;regimen simplificado para pequeños contribuyentes ley 24977 art 59 inciso a;regimen simplificado para pequeños contribuyentes ley 24977 art 59 inciso a;287,0861
2020;san juan;consenso fiscal ley 27429 compensacion;consenso fiscal ley 27429 compensacion;980,252201
2020;san juan;compensacion  medida cautelar/decreto;compensacion  medida cautelar/decreto;40,96191
2020;san luis;coparticipacion federal de impuestos neta ley 26075;coparticipacion federal de impuestos neta ley 26075;38346,5136
2020;san luis;financiamiento educativo ley 26075;financiamiento educativo ley 26075;3535,749
2020;san luis;transferencia de servicios ley 24049;transferencia de servicios ley 24049;18,9012
2020;san luis;impuesto sobre los bienes personales;ley 24699;2466,7604
2020;san luis;impuesto sobre los activos fondo educacion ley 23906;impuesto sobre los activos fondo educacion ley 23906;0,0041
2020;san luis;impuesto a los combustibles liquidos ley 23966 y 24699;obras de infraestructura;126,3212
2020;san luis;impuesto a los combustibles liquidos ley 23966 y 24699;vialidad provincial;230,975
2020;san luis;impuesto a los combustibles liquidos ley 23966 y 24699;f.e.d.e.i.;78,90265199
2020;san luis;impuesto a los combustibles liquidos ley 23966 y 24699;ley 24464 fo.na.vi;986,113
2020;san luis;regimen de energia electrica ley 24065;fondo para compensaciones de tarifa electrica;93,5283
2020;san luis;regimen de energia electrica ley 24065;f.e.d.e.i.;65,07038316
2020;san luis;fondo compensador de desequilibrios;fondo compensador de desequilibrios;26,4
2020;san luis;regimen simplificado para pequeños contribuyentes ley 24977 art 59 inciso a;regimen simplificado para pequeños contribuyentes ley 24977 art 59 inciso a;193,8399
2020;san luis;compensacion  medida cautelar/decreto;compensacion  medida cautelar/decreto;27,658048
2020;santa cruz;coparticipacion federal de impuestos neta ley 26075;coparticipacion federal de impuestos neta ley 26075;27192,092
2020;santa cruz;financiamiento educativo ley 26075;financiamiento educativo ley 26075;1828,0065
2020;santa cruz;transferencia de servicios ley 24049;transferencia de servicios ley 24049;8,4996
2020;santa cruz;impuesto sobre los bienes personales;ley 24699;1709,2114
2020;santa cruz;impuesto sobre los bienes personales;ley 23966 art 30;154,4703
2020;santa cruz;impuesto sobre los activos fondo educacion ley 23906;impuesto sobre los activos fondo educacion ley 23906;0,0041
2020;santa cruz;i.v.a.ley 23966 art 5 punto 2;i.v.a.ley 23966 art 5 punto 2;153,192
2020;santa cruz;impuesto a los combustibles liquidos ley 23966 y 24699;obras de infraestructura;87,5309
2020;santa cruz;impuesto a los combustibles liquidos ley 23966 y 24699;vialidad provincial;243,5592
2020;santa cruz;impuesto a los combustibles liquidos ley 23966 y 24699;f.e.d.e.i.;111,0204694
2020;santa cruz;impuesto a los combustibles liquidos ley 23966 y 24699;ley 24464 fo.na.vi;864,5375
2020;santa cruz;regimen de energia electrica ley 24065;fondo para compensaciones de tarifa electrica;279,3149
2020;santa cruz;regimen de energia electrica ley 24065;f.e.d.e.i.;91,55768991
2020;santa cruz;fondo compensador de desequilibrios;fondo compensador de desequilibrios;36
2020;santa cruz;regimen simplificado para pequeños contribuyentes ley 24977 art 59 inciso a;regimen simplificado para pequeños contribuyentes ley 24977 art 59 inciso a;134,3163
2020;santa cruz;consenso fiscal ley 27429 compensacion;consenso fiscal ley 27429 compensacion;131,693341
2020;santa cruz;compensacion  medida cautelar/decreto;compensacion  medida cautelar/decreto;19,364818
2020;santa fe;coparticipacion federal de impuestos neta ley 26075;coparticipacion federal de impuestos neta ley 26075;151351,2414
2020;santa fe;financiamiento educativo ley 26075;financiamiento educativo ley 26075;15850,7395
2020;santa fe;transferencia de servicios ley 24049;transferencia de servicios ley 24049;135,4896
2020;santa fe;impuesto sobre los bienes personales;ley 24699;9845,9535
2020;santa fe;impuesto sobre los bienes personales;ley 23966 art 30;2123,6641
2020;santa fe;impuesto sobre los activos fondo educacion ley 23906;impuesto sobre los activos fondo educacion ley 23906;0,0169
2020;santa fe;i.v.a.ley 23966 art 5 punto 2;i.v.a.ley 23966 art 5 punto 2;2106,7925
2020;santa fe;impuesto a los combustibles liquidos ley 23966 y 24699;obras de infraestructura;534,2149
2020;santa fe;impuesto a los combustibles liquidos ley 23966 y 24699;vialidad provincial;970,8493
2020;santa fe;impuesto a los combustibles liquidos ley 23966 y 24699;f.e.d.e.i.;69,95270083
2020;santa fe;impuesto a los combustibles liquidos ley 23966 y 24699;ley 24464 fo.na.vi;1556,0132
2020;santa fe;regimen de energia electrica ley 24065;fondo para compensaciones de tarifa electrica;67,0822
2020;santa fe;regimen de energia electrica ley 24065;f.e.d.e.i.;57,68943062
2020;santa fe;fondo compensador de desequilibrios;fondo compensador de desequilibrios;6
2020;santa fe;regimen simplificado para pequeños contribuyentes ley 24977 art 59 inciso a;regimen simplificado para pequeños contribuyentes ley 24977 art 59 inciso a;773,7188
2020;santa fe;consenso fiscal ley 27429 compensacion;consenso fiscal ley 27429 compensacion;2443,909083
2020;santa fe;compensacion  medida cautelar/decreto;compensacion  medida cautelar/decreto;113,154184
2020;sgo. del estero;coparticipacion federal de impuestos neta ley 26075;coparticipacion federal de impuestos neta ley 26075;67562,1158
2020;sgo. del estero;financiamiento educativo ley 26075;financiamiento educativo ley 26075;8250,0815
2020;sgo. del estero;transferencia de servicios ley 24049;transferencia de servicios ley 24049;31,5996
2020;sgo. del estero;impuesto sobre los bienes personales;ley 24699;4465,1491
2020;sgo. del estero;impuesto sobre los activos fondo educacion ley 23906;impuesto sobre los activos fondo educacion ley 23906;0,0083
2020;sgo. del estero;impuesto a los combustibles liquidos ley 23966 y 24699;obras de infraestructura;228,6635
2020;sgo. del estero;impuesto a los combustibles liquidos ley 23966 y 24699;vialidad provincial;375,1788
2020;sgo. del estero;impuesto a los combustibles liquidos ley 23966 y 24699;f.e.d.e.i.;93,26905733
2020;sgo. del estero;impuesto a los combustibles liquidos ley 23966 y 24699;ley 24464 fo.na.vi;1161,7223
2020;sgo. del estero;regimen de energia electrica ley 24065;fondo para compensaciones de tarifa electrica;83,3442
2020;sgo. del estero;regimen de energia electrica ley 24065;f.e.d.e.i.;76,91824272
2020;sgo. del estero;fondo compensador de desequilibrios;fondo compensador de desequilibrios;26,4
2020;sgo. del estero;regimen simplificado para pequeños contribuyentes ley 24977 art 59 inciso a;regimen simplificado para pequeños contribuyentes ley 24977 art 59 inciso a;350,8838
2020;sgo. del estero;consenso fiscal ley 27429 compensacion;consenso fiscal ley 27429 compensacion;2646,285911
2020;sgo. del estero;compensacion  medida cautelar/decreto;compensacion  medida cautelar/decreto;50,064564
2020;tucuman;coparticipacion federal de impuestos neta ley 26075;coparticipacion federal de impuestos neta ley 26075;77365,1224
2020;tucuman;financiamiento educativo ley 26075;financiamiento educativo ley 26075;9933,7713
2020;tucuman;transferencia de servicios ley 24049;transferencia de servicios ley 24049;55,8
2020;tucuman;impuesto sobre los bienes personales;ley 24699;5141,687
2020;tucuman;impuesto sobre los activos fondo educacion ley 23906;impuesto sobre los activos fondo educacion ley 23906;0,0075
2020;tucuman;impuesto a los combustibles liquidos ley 23966 y 24699;obras de infraestructura;263,3089
2020;tucuman;impuesto a los combustibles liquidos ley 23966 y 24699;vialidad provincial;366,3088
2020;tucuman;impuesto a los combustibles liquidos ley 23966 y 24699;f.e.d.e.i.;68,26165414
2020;tucuman;impuesto a los combustibles liquidos ley 23966 y 24699;ley 24464 fo.na.vi;1134,7055
2020;tucuman;regimen de energia electrica ley 24065;fondo para compensaciones de tarifa electrica;57,3292
2020;tucuman;regimen de energia electrica ley 24065;f.e.d.e.i.;59,24378958
2020;tucuman;fondo compensador de desequilibrios;fondo compensador de desequilibrios;26,4
2020;tucuman;regimen simplificado para pequeños contribuyentes ley 24977 art 59 inciso a;regimen simplificado para pequeños contribuyentes ley 24977 art 59 inciso a;404,0474
2020;tucuman;consenso fiscal ley 27429 compensacion;consenso fiscal ley 27429 compensacion;3222,412315
2020;tucuman;compensacion  medida cautelar/decreto;compensacion  medida cautelar/decreto;57,65012
2020;tierra del fuego;coparticipacion federal de impuestos neta ley 26075;coparticipacion federal de impuestos neta ley 26075;21769,1559
2020;tierra del fuego;financiamiento educativo ley 26075;financiamiento educativo ley 26075;865,8979
2020;tierra del fuego;transferencia de servicios ley 24049;transferencia de servicios ley 24049;12
2020;tierra del fuego;impuesto sobre los bienes personales;ley 24699;1332,9292
2020;tierra del fuego;impuesto sobre los bienes personales;ley 23966 art 30;13,7019
2020;tierra del fuego;impuesto sobre los activos fondo educacion ley 23906;impuesto sobre los activos fondo educacion ley 23906;0,002
2020;tierra del fuego;i.v.a.ley 23966 art 5 punto 2;i.v.a.ley 23966 art 5 punto 2;13,5885
2020;tierra del fuego;impuesto a los combustibles liquidos ley 23966 y 24699;obras de infraestructura;68,2616
2020;tierra del fuego;impuesto a los combustibles liquidos ley 23966 y 24699;vialidad provincial;183,7892
2020;tierra del fuego;impuesto a los combustibles liquidos ley 23966 y 24699;f.e.d.e.i.;81,64366372
2020;tierra del fuego;impuesto a los combustibles liquidos ley 23966 y 24699;ley 24464 fo.na.vi;715,9451
2020;tierra del fuego;regimen de energia electrica ley 24065;fondo para compensaciones de tarifa electrica;66,6245
2020;tierra del fuego;regimen de energia electrica ley 24065;f.e.d.e.i.;67,33087371
2020;tierra del fuego;fondo compensador de desequilibrios;fondo compensador de desequilibrios;36
2020;tierra del fuego;regimen simplificado para pequeños contribuyentes ley 24977 art 59 inciso a;regimen simplificado para pequeños contribuyentes ley 24977 art 59 inciso a;104,7477
2020;tierra del fuego;consenso fiscal ley 27429 compensacion;consenso fiscal ley 27429 compensacion;65,5098702
2020;tierra del fuego;compensacion  medida cautelar/decreto;compensacion  medida cautelar/decreto;14,962992
2020;c.a.b.a;coparticipacion federal de impuestos neta ley 26075;coparticipacion federal de impuestos neta ley 26075;85158,9833
2020;c.a.b.a;financiamiento educativo ley 26075;financiamiento educativo ley 26075;12555,5176
2020;c.a.b.a;impuesto sobre los activos fondo educacion ley 23906;impuesto sobre los activos fondo educacion ley 23906;0,0071
2020;c.a.b.a;impuesto a los combustibles liquidos ley 23966 y 24699;ley 24464 fo.na.vi;351,2183
2020;c.a.b.a;compensacion  medida cautelar/decreto;compensacion  medida cautelar/decreto;74,72597
2020;tesoro nacional;coparticipacion federal de impuestos neta ley 26075;coparticipacion federal de impuestos neta ley 26075;1249461,668
2020;tesoro nacional;impuesto sobre los bienes personales;ley 24699;79290,2467
2020;tesoro nacional;impuesto sobre los activos fondo educacion ley 23906;impuesto sobre los activos fondo educacion ley 23906;0,1088
2020;tesoro nacional;impuesto a los combustibles liquidos ley 23966 y 24699;vialidad provincial;18644,6372
2020;tesoro nacional;consenso fiscal ley 27429 compensacion;consenso fiscal ley 27429 compensacion;-87754,23727
2020;tesoro nacional;compensacion  medida cautelar/decreto;compensacion  medida cautelar/decreto;-1318,499974
2020;seguridad social;i.v.a.ley 23966 art 5 punto 2;i.v.a.ley 23966 art 5 punto 2;188842,4786
2020;seguridad social;regimen simplificado para pequeños contribuyentes ley 24977 art 59 inciso a;regimen simplificado para pequeños contribuyentes ley 24977 art 59 inciso a;20027,1337
2020;fondo a.t.n.;coparticipacion federal de impuestos neta ley 26075;coparticipacion federal de impuestos neta ley 26075;32352,934
2020;fondo a.t.n.;impuesto sobre los bienes personales;ley 24699;1904,1844
2021;buenos aires;coparticipacion federal de impuestos neta ley 26075;coparticipacion federal de impuestos neta ley 26075;532440,7538
2021;buenos aires;financiamiento educativo ley 26075;financiamiento educativo ley 26075;132896,7694
2021;buenos aires;transferencia de servicios ley 24049;transferencia de servicios ley 24049;420,1008
2021;buenos aires;impuesto sobre los bienes personales;ley 24699;31958,7212
2021;buenos aires;impuesto sobre los bienes personales;ley 23966 art 30;7608,4374
2021;buenos aires;impuesto sobre los activos fondo educacion ley 23906;impuesto sobre los activos fondo educacion ley 23906;0,0475
2021;buenos aires;i.v.a.ley 23966 art 5 punto 2;i.v.a.ley 23966 art 5 punto 2;9511,1594
2021;buenos aires;impuesto a los combustibles liquidos ley 23966 y 24699;obras de infraestructura;2169,7514
2021;buenos aires;impuesto a los combustibles liquidos ley 23966 y 24699;vialidad provincial;4514,5895
2021;buenos aires;impuesto a los combustibles liquidos ley 23966 y 24699;f.e.d.e.i.;101,4971318
2021;buenos aires;impuesto a los combustibles liquidos ley 23966 y 24699;ley 24464 fo.na.vi;7090,2331
2021;buenos aires;regimen de energia electrica ley 24065;fondo para compensaciones de tarifa electrica;99,094
2021;buenos aires;regimen de energia electrica ley 24065;f.e.d.e.i.;76,32879222
2021;buenos aires;regimen simplificado para pequeños contribuyentes ley 24977 art 59 inciso a;regimen simplificado para pequeños contribuyentes ley 24977 art 59 inciso a;2014,4248
2021;buenos aires;consenso fiscal ley 27429 compensacion;consenso fiscal ley 27429 compensacion;76369,04449
2021;catamarca;coparticipacion federal de impuestos neta ley 26075;coparticipacion federal de impuestos neta ley 26075;76811,1828
2021;catamarca;financiamiento educativo ley 26075;financiamiento educativo ley 26075;6638,7294
2021;catamarca;transferencia de servicios ley 24049;transferencia de servicios ley 24049;21,3996
2021;catamarca;impuesto sobre los bienes personales;ley 24699;4008,4203
2021;catamarca;impuesto sobre los activos fondo educacion ley 23906;impuesto sobre los activos fondo educacion ley 23906;0,0036
2021;catamarca;impuesto a los combustibles liquidos ley 23966 y 24699;obras de infraestructura;275,9081
2021;catamarca;impuesto a los combustibles liquidos ley 23966 y 24699;vialidad provincial;393,5681
2021;catamarca;impuesto a los combustibles liquidos ley 23966 y 24699;f.e.d.e.i.;152,9709386
2021;catamarca;impuesto a los combustibles liquidos ley 23966 y 24699;ley 24464 fo.na.vi;1026,8614
2021;catamarca;regimen de energia electrica ley 24065;fondo para compensaciones de tarifa electrica;131,2085
2021;catamarca;regimen de energia electrica ley 24065;f.e.d.e.i.;115,0385905
2021;catamarca;fondo compensador de desequilibrios;fondo compensador de desequilibrios;26,4
2021;catamarca;regimen simplificado para pequeños contribuyentes ley 24977 art 59 inciso a;regimen simplificado para pequeños contribuyentes ley 24977 art 59 inciso a;252,6628
2021;catamarca;consenso fiscal ley 27429 compensacion;consenso fiscal ley 27429 compensacion;535,78524
2021;cordoba;coparticipacion federal de impuestos neta ley 26075;coparticipacion federal de impuestos neta ley 26075;239251,3812
2021;cordoba;financiamiento educativo ley 26075;financiamiento educativo ley 26075;29772,4605
2021;cordoba;transferencia de servicios ley 24049;transferencia de servicios ley 24049;125,3004
2021;cordoba;impuesto sobre los bienes personales;ley 24699;12922,2502
2021;cordoba;impuesto sobre los bienes personales;ley 23966 art 30;2598,314
2021;cordoba;impuesto sobre los activos fondo educacion ley 23906;impuesto sobre los activos fondo educacion ley 23906;0,0131
2021;cordoba;i.v.a.ley 23966 art 5 punto 2;i.v.a.ley 23966 art 5 punto 2;3248,1017
2021;cordoba;impuesto a los combustibles liquidos ley 23966 y 24699;obras de infraestructura;889,4572
2021;cordoba;impuesto a los combustibles liquidos ley 23966 y 24699;vialidad provincial;2012,5198
2021;cordoba;impuesto a los combustibles liquidos ley 23966 y 24699;f.e.d.e.i.;101,4971318
2021;cordoba;impuesto a los combustibles liquidos ley 23966 y 24699;ley 24464 fo.na.vi;2762,7461
2021;cordoba;regimen de energia electrica ley 24065;fondo para compensaciones de tarifa electrica;96,1789
2021;cordoba;regimen de energia electrica ley 24065;f.e.d.e.i.;76,32879222
2021;cordoba;fondo compensador de desequilibrios;fondo compensador de desequilibrios;6
2021;cordoba;regimen simplificado para pequeños contribuyentes ley 24977 art 59 inciso a;regimen simplificado para pequeños contribuyentes ley 24977 art 59 inciso a;814,5215
2021;cordoba;consenso fiscal ley 27429 compensacion;consenso fiscal ley 27429 compensacion;3119,76597
2021;corrientes;coparticipacion federal de impuestos neta ley 26075;coparticipacion federal de impuestos neta ley 26075;99472,9295
2021;corrientes;financiamiento educativo ley 26075;financiamiento educativo ley 26075;13155,273
2021;corrientes;transferencia de servicios ley 24049;transferencia de servicios ley 24049;38,6004
2021;corrientes;impuesto sobre los bienes personales;ley 24699;5409,9659
2021;corrientes;impuesto sobre los bienes personales;ley 23966 art 30;830,8204
2021;corrientes;impuesto sobre los activos fondo educacion ley 23906;impuesto sobre los activos fondo educacion ley 23906;0,0059
2021;corrientes;i.v.a.ley 23966 art 5 punto 2;i.v.a.ley 23966 art 5 punto 2;1038,5925
2021;corrientes;impuesto a los combustibles liquidos ley 23966 y 24699;obras de infraestructura;372,3754
2021;corrientes;impuesto a los combustibles liquidos ley 23966 y 24699;vialidad provincial;685,8195
2021;corrientes;impuesto a los combustibles liquidos ley 23966 y 24699;f.e.d.e.i.;128,4948273
2021;corrientes;impuesto a los combustibles liquidos ley 23966 y 24699;ley 24464 fo.na.vi;2420,4591
2021;corrientes;regimen de energia electrica ley 24065;fondo para compensaciones de tarifa electrica;136,3431
2021;corrientes;regimen de energia electrica ley 24065;f.e.d.e.i.;96,63184368
2021;corrientes;fondo compensador de desequilibrios;fondo compensador de desequilibrios;18
2021;corrientes;regimen simplificado para pequeños contribuyentes ley 24977 art 59 inciso a;regimen simplificado para pequeños contribuyentes ley 24977 art 59 inciso a;341,0032
2021;corrientes;consenso fiscal ley 27429 compensacion;consenso fiscal ley 27429 compensacion;3910,126704
2021;chaco;coparticipacion federal de impuestos neta ley 26075;coparticipacion federal de impuestos neta ley 26075;136033,3102
2021;chaco;financiamiento educativo ley 26075;financiamiento educativo ley 26075;15110,2365
2021;chaco;transferencia de servicios ley 24049;transferencia de servicios ley 24049;33,6
2021;chaco;impuesto sobre los bienes personales;ley 24699;7260,0062
2021;chaco;impuesto sobre los bienes personales;ley 23966 art 30;653,1658
2021;chaco;impuesto sobre los activos fondo educacion ley 23906;impuesto sobre los activos fondo educacion ley 23906;0,0077
2021;chaco;i.v.a.ley 23966 art 5 punto 2;i.v.a.ley 23966 art 5 punto 2;816,5102
2021;chaco;impuesto a los combustibles liquidos ley 23966 y 24699;obras de infraestructura;499,7199
2021;chaco;impuesto a los combustibles liquidos ley 23966 y 24699;vialidad provincial;673,556
2021;chaco;impuesto a los combustibles liquidos ley 23966 y 24699;f.e.d.e.i.;136,4726234
2021;chaco;impuesto a los combustibles liquidos ley 23966 y 24699;ley 24464 fo.na.vi;2249,3154
2021;chaco;regimen de energia electrica ley 24065;fondo para compensaciones de tarifa electrica;141,1315
2021;chaco;regimen de energia electrica ley 24065;f.e.d.e.i.;102,6313781
2021;chaco;fondo compensador de desequilibrios;fondo compensador de desequilibrios;6
2021;chaco;regimen simplificado para pequeños contribuyentes ley 24977 art 59 inciso a;regimen simplificado para pequeños contribuyentes ley 24977 art 59 inciso a;457,619
2021;chaco;consenso fiscal ley 27429 compensacion;consenso fiscal ley 27429 compensacion;4767,829702
2021;chubut;coparticipacion federal de impuestos neta ley 26075;coparticipacion federal de impuestos neta ley 26075;41521,2419
2021;chubut;financiamiento educativo ley 26075;financiamiento educativo ley 26075;6394,3587
2021;chubut;transferencia de servicios ley 24049;transferencia de servicios ley 24049;24,2004
2021;chubut;impuesto sobre los bienes personales;ley 24699;2301,5707
2021;chubut;impuesto sobre los bienes personales;ley 23966 art 30;255,5062
2021;chubut;impuesto sobre los activos fondo educacion ley 23906;impuesto sobre los activos fondo educacion ley 23906;0,0036
2021;chubut;i.v.a.ley 23966 art 5 punto 2;i.v.a.ley 23966 art 5 punto 2;319,4035
2021;chubut;impuesto a los combustibles liquidos ley 23966 y 24699;obras de infraestructura;158,4239
2021;chubut;impuesto a los combustibles liquidos ley 23966 y 24699;vialidad provincial;586,169
2021;chubut;impuesto a los combustibles liquidos ley 23966 y 24699;f.e.d.e.i.;143,0892206
2021;chubut;impuesto a los combustibles liquidos ley 23966 y 24699;ley 24464 fo.na.vi;1564,7411
2021;chubut;regimen de energia electrica ley 24065;fondo para compensaciones de tarifa electrica;252,2224
2021;chubut;regimen de energia electrica ley 24065;f.e.d.e.i.;107,6072514
2021;chubut;fondo compensador de desequilibrios;fondo compensador de desequilibrios;36
2021;chubut;regimen simplificado para pequeños contribuyentes ley 24977 art 59 inciso a;regimen simplificado para pequeños contribuyentes ley 24977 art 59 inciso a;145,0767
2021;chubut;consenso fiscal ley 27429 compensacion;consenso fiscal ley 27429 compensacion;904,228394
2021;entre rios;coparticipacion federal de impuestos neta ley 26075;coparticipacion federal de impuestos neta ley 26075;134778,6613
2021;entre rios;financiamiento educativo ley 26075;financiamiento educativo ley 26075;13155,273
2021;entre rios;transferencia de servicios ley 24049;transferencia de servicios ley 24049;67,4988
2021;entre rios;impuesto sobre los bienes personales;ley 24699;7105,8362
2021;entre rios;impuesto sobre los bienes personales;ley 23966 art 30;1127,6112
2021;entre rios;impuesto sobre los activos fondo educacion ley 23906;impuesto sobre los activos fondo educacion ley 23906;0,0061
2021;entre rios;i.v.a.ley 23966 art 5 punto 2;i.v.a.ley 23966 art 5 punto 2;1409,6051
2021;entre rios;impuesto a los combustibles liquidos ley 23966 y 24699;obras de infraestructura;489,1003
2021;entre rios;impuesto a los combustibles liquidos ley 23966 y 24699;vialidad provincial;1038,3872
2021;entre rios;impuesto a los combustibles liquidos ley 23966 y 24699;f.e.d.e.i.;117,4480402
2021;entre rios;impuesto a los combustibles liquidos ley 23966 y 24699;ley 24464 fo.na.vi;1907,0282
2021;entre rios;regimen de energia electrica ley 24065;fondo para compensaciones de tarifa electrica;136,3746
2021;entre rios;regimen de energia electrica ley 24065;f.e.d.e.i.;88,32433877
2021;entre rios;fondo compensador de desequilibrios;fondo compensador de desequilibrios;21,6
2021;entre rios;regimen simplificado para pequeños contribuyentes ley 24977 art 59 inciso a;regimen simplificado para pequeños contribuyentes ley 24977 art 59 inciso a;447,8941
2021;entre rios;consenso fiscal ley 27429 compensacion;consenso fiscal ley 27429 compensacion;2187,848566
2021;formosa;coparticipacion federal de impuestos neta ley 26075;coparticipacion federal de impuestos neta ley 26075;101740,9753
2021;formosa;financiamiento educativo ley 26075;financiamiento educativo ley 26075;8552,964
2021;formosa;transferencia de servicios ley 24049;transferencia de servicios ley 24049;20,7012
2021;formosa;impuesto sobre los bienes personales;ley 24699;5297,8422
2021;formosa;impuesto sobre los bienes personales;ley 23966 art 30;304,2574
2021;formosa;impuesto sobre los activos fondo educacion ley 23906;impuesto sobre los activos fondo educacion ley 23906;0,0042
2021;formosa;i.v.a.ley 23966 art 5 punto 2;i.v.a.ley 23966 art 5 punto 2;380,3465
2021;formosa;impuesto a los combustibles liquidos ley 23966 y 24699;obras de infraestructura;364,6613
2021;formosa;impuesto a los combustibles liquidos ley 23966 y 24699;vialidad provincial;405,5363
2021;formosa;impuesto a los combustibles liquidos ley 23966 y 24699;f.e.d.e.i.;157,7011777
2021;formosa;impuesto a los combustibles liquidos ley 23966 y 24699;ley 24464 fo.na.vi;1955,9264
2021;formosa;regimen de energia electrica ley 24065;fondo para compensaciones de tarifa electrica;148,1454
2021;formosa;regimen de energia electrica ley 24065;f.e.d.e.i.;118,5958678
2021;formosa;fondo compensador de desequilibrios;fondo compensador de desequilibrios;26,4
2021;formosa;regimen simplificado para pequeños contribuyentes ley 24977 art 59 inciso a;regimen simplificado para pequeños contribuyentes ley 24977 art 59 inciso a;333,939
2021;formosa;consenso fiscal ley 27429 compensacion;consenso fiscal ley 27429 compensacion;2344,49241
2021;jujuy;coparticipacion federal de impuestos neta ley 26075;coparticipacion federal de impuestos neta ley 26075;77767,3643
2021;jujuy;financiamiento educativo ley 26075;financiamiento educativo ley 26075;8308,5937
2021;jujuy;transferencia de servicios ley 24049;transferencia de servicios ley 24049;33,3
2021;jujuy;impuesto sobre los bienes personales;ley 24699;4134,5594
2021;jujuy;impuesto sobre los activos fondo educacion ley 23906;impuesto sobre los activos fondo educacion ley 23906;0,0038
2021;jujuy;impuesto a los combustibles liquidos ley 23966 y 24699;obras de infraestructura;284,5839
2021;jujuy;impuesto a los combustibles liquidos ley 23966 y 24699;vialidad provincial;486,1421
2021;jujuy;impuesto a los combustibles liquidos ley 23966 y 24699;f.e.d.e.i.;127,2592101
2021;jujuy;impuesto a los combustibles liquidos ley 23966 y 24699;ley 24464 fo.na.vi;1466,9448
2021;jujuy;regimen de energia electrica ley 24065;fondo para compensaciones de tarifa electrica;141,5083
2021;jujuy;regimen de energia electrica ley 24065;f.e.d.e.i.;95,7026236
2021;jujuy;fondo compensador de desequilibrios;fondo compensador de desequilibrios;26,4
2021;jujuy;regimen simplificado para pequeños contribuyentes ley 24977 art 59 inciso a;regimen simplificado para pequeños contribuyentes ley 24977 art 59 inciso a;260,6079
2021;jujuy;consenso fiscal ley 27429 compensacion;consenso fiscal ley 27429 compensacion;2271,459484
2021;la pampa;coparticipacion federal de impuestos neta ley 26075;coparticipacion federal de impuestos neta ley 26075;53541,7772
2021;la pampa;financiamiento educativo ley 26075;financiamiento educativo ley 26075;4520,8524
2021;la pampa;transferencia de servicios ley 24049;transferencia de servicios ley 24049;19,2
2021;la pampa;impuesto sobre los bienes personales;ley 24699;2785,9476
2021;la pampa;impuesto sobre los bienes personales;ley 23966 art 30;224,3684
2021;la pampa;impuesto sobre los activos fondo educacion ley 23906;impuesto sobre los activos fondo educacion ley 23906;0,0031
2021;la pampa;i.v.a.ley 23966 art 5 punto 2;i.v.a.ley 23966 art 5 punto 2;280,5916
2021;la pampa;impuesto a los combustibles liquidos ley 23966 y 24699;obras de infraestructura;191,7595
2021;la pampa;impuesto a los combustibles liquidos ley 23966 y 24699;vialidad provincial;546,6008
2021;la pampa;impuesto a los combustibles liquidos ley 23966 y 24699;f.e.d.e.i.;112,9707207
2021;la pampa;impuesto a los combustibles liquidos ley 23966 y 24699;ley 24464 fo.na.vi;996,9045
2021;la pampa;regimen de energia electrica ley 24065;fondo para compensaciones de tarifa electrica;189,8336
2021;la pampa;regimen de energia electrica ley 24065;f.e.d.e.i.;84,95726438
2021;la pampa;fondo compensador de desequilibrios;fondo compensador de desequilibrios;30
2021;la pampa;regimen simplificado para pequeños contribuyentes ley 24977 art 59 inciso a;regimen simplificado para pequeños contribuyentes ley 24977 art 59 inciso a;175,6041
2021;la rioja;coparticipacion federal de impuestos neta ley 26075;coparticipacion federal de impuestos neta ley 26075;57479,3615
2021;la rioja;financiamiento educativo ley 26075;financiamiento educativo ley 26075;5253,9637
2021;la rioja;transferencia de servicios ley 24049;transferencia de servicios ley 24049;20,2992
2021;la rioja;impuesto sobre los bienes personales;ley 24699;3013,3229
2021;la rioja;impuesto sobre los activos fondo educacion ley 23906;impuesto sobre los activos fondo educacion ley 23906;0,0031
2021;la rioja;impuesto a los combustibles liquidos ley 23966 y 24699;obras de infraestructura;207,4117
2021;la rioja;impuesto a los combustibles liquidos ley 23966 y 24699;vialidad provincial;445,33
2021;la rioja;impuesto a los combustibles liquidos ley 23966 y 24699;f.e.d.e.i.;148,8413834
2021;la rioja;impuesto a los combustibles liquidos ley 23966 y 24699;ley 24464 fo.na.vi;977,963
2021;la rioja;regimen de energia electrica ley 24065;fondo para compensaciones de tarifa electrica;225,336
2021;la rioja;regimen de energia electrica ley 24065;f.e.d.e.i.;111,933045
2021;la rioja;fondo compensador de desequilibrios;fondo compensador de desequilibrios;26,4
2021;la rioja;regimen simplificado para pequeños contribuyentes ley 24977 art 59 inciso a;regimen simplificado para pequeños contribuyentes ley 24977 art 59 inciso a;189,9375
2021;la rioja;consenso fiscal ley 27429 compensacion;consenso fiscal ley 27429 compensacion;704,326562
2021;mendoza;coparticipacion federal de impuestos neta ley 26075;coparticipacion federal de impuestos neta ley 26075;107525,4786
2021;mendoza;financiamiento educativo ley 26075;financiamiento educativo ley 26075;18816,5209
2021;mendoza;transferencia de servicios ley 24049;transferencia de servicios ley 24049;61,6992
2021;mendoza;impuesto sobre los bienes personales;ley 24699;6068,6923
2021;mendoza;impuesto sobre los activos fondo educacion ley 23906;impuesto sobre los activos fondo educacion ley 23906;0,0065
2021;mendoza;impuesto a los combustibles liquidos ley 23966 y 24699;obras de infraestructura;417,7188
2021;mendoza;impuesto a los combustibles liquidos ley 23966 y 24699;vialidad provincial;920,8525
2021;mendoza;impuesto a los combustibles liquidos ley 23966 y 24699;f.e.d.e.i.;115,5297744
2021;mendoza;impuesto a los combustibles liquidos ley 23966 y 24699;ley 24464 fo.na.vi;1955,9264
2021;mendoza;regimen de energia electrica ley 24065;fondo para compensaciones de tarifa electrica;108,3152
2021;mendoza;regimen de energia electrica ley 24065;f.e.d.e.i.;86,88174717
2021;mendoza;fondo compensador de desequilibrios;fondo compensador de desequilibrios;26,4
2021;mendoza;regimen simplificado para pequeños contribuyentes ley 24977 art 59 inciso a;regimen simplificado para pequeños contribuyentes ley 24977 art 59 inciso a;382,5265
2021;mendoza;consenso fiscal ley 27429 compensacion;consenso fiscal ley 27429 compensacion;3329,468362
2021;misiones;coparticipacion federal de impuestos neta ley 26075;coparticipacion federal de impuestos neta ley 26075;84523,2887
2021;misiones;financiamiento educativo ley 26075;financiamiento educativo ley 26075;15558,2489
2021;misiones;transferencia de servicios ley 24049;transferencia de servicios ley 24049;34,1004
2021;misiones;impuesto sobre los bienes personales;ley 24699;4807,3014
2021;misiones;impuesto sobre los bienes personales;ley 23966 art 30;356,7087
2021;misiones;impuesto sobre los activos fondo educacion ley 23906;impuesto sobre los activos fondo educacion ley 23906;0,0048
2021;misiones;i.v.a.ley 23966 art 5 punto 2;i.v.a.ley 23966 art 5 punto 2;445,9145
2021;misiones;impuesto a los combustibles liquidos ley 23966 y 24699;obras de infraestructura;330,889
2021;misiones;impuesto a los combustibles liquidos ley 23966 y 24699;vialidad provincial;706,4392
2021;misiones;impuesto a los combustibles liquidos ley 23966 y 24699;f.e.d.e.i.;149,4365054
2021;misiones;impuesto a los combustibles liquidos ley 23966 y 24699;ley 24464 fo.na.vi;2298,2134
2021;misiones;regimen de energia electrica ley 24065;fondo para compensaciones de tarifa electrica;126,2526
2021;misiones;regimen de energia electrica ley 24065;f.e.d.e.i.;112,380594
2021;misiones;fondo compensador de desequilibrios;fondo compensador de desequilibrios;26,4
2021;misiones;regimen simplificado para pequeños contribuyentes ley 24977 art 59 inciso a;regimen simplificado para pequeños contribuyentes ley 24977 art 59 inciso a;303,012
2021;misiones;consenso fiscal ley 27429 compensacion;consenso fiscal ley 27429 compensacion;4409,541218
2021;neuquen;coparticipacion federal de impuestos neta ley 26075;coparticipacion federal de impuestos neta ley 26075;45782,4843
2021;neuquen;financiamiento educativo ley 26075;financiamiento educativo ley 26075;6801,6426
2021;neuquen;transferencia de servicios ley 24049;transferencia de servicios ley 24049;17,3988
2021;neuquen;impuesto sobre los bienes personales;ley 24699;2525,8179
2021;neuquen;impuesto sobre los bienes personales;ley 23966 art 30;160,4219
2021;neuquen;impuesto sobre los activos fondo educacion ley 23906;impuesto sobre los activos fondo educacion ley 23906;0,0043
2021;neuquen;i.v.a.ley 23966 art 5 punto 2;i.v.a.ley 23966 art 5 punto 2;200,5402
2021;neuquen;impuesto a los combustibles liquidos ley 23966 y 24699;obras de infraestructura;173,852
2021;neuquen;impuesto a los combustibles liquidos ley 23966 y 24699;vialidad provincial;625,8555
2021;neuquen;impuesto a los combustibles liquidos ley 23966 y 24699;f.e.d.e.i.;132,7025417
2021;neuquen;impuesto a los combustibles liquidos ley 23966 y 24699;ley 24464 fo.na.vi;2102,6209
2021;neuquen;regimen de energia electrica ley 24065;fondo para compensaciones de tarifa electrica;176,0612
2021;neuquen;regimen de energia electrica ley 24065;f.e.d.e.i.;99,79616715
2021;neuquen;fondo compensador de desequilibrios;fondo compensador de desequilibrios;30
2021;neuquen;regimen simplificado para pequeños contribuyentes ley 24977 art 59 inciso a;regimen simplificado para pequeños contribuyentes ley 24977 art 59 inciso a;159,2052
2021;neuquen;consenso fiscal ley 27429 compensacion;consenso fiscal ley 27429 compensacion;1218,491288
2021;rio negro;coparticipacion federal de impuestos neta ley 26075;coparticipacion federal de impuestos neta ley 26075;68912,3682
2021;rio negro;financiamiento educativo ley 26075;financiamiento educativo ley 26075;7534,7539
2021;rio negro;transferencia de servicios ley 24049;transferencia de servicios ley 24049;14,6004
2021;rio negro;impuesto sobre los bienes personales;ley 24699;3672,0492
2021;rio negro;impuesto sobre los activos fondo educacion ley 23906;impuesto sobre los activos fondo educacion ley 23906;0,005
2021;rio negro;impuesto a los combustibles liquidos ley 23966 y 24699;obras de infraestructura;252,7552
2021;rio negro;impuesto a los combustibles liquidos ley 23966 y 24699;vialidad provincial;513,4879
2021;rio negro;impuesto a los combustibles liquidos ley 23966 y 24699;f.e.d.e.i.;123,3044152
2021;rio negro;impuesto a los combustibles liquidos ley 23966 y 24699;ley 24464 fo.na.vi;2200,4173
2021;rio negro;regimen de energia electrica ley 24065;fondo para compensaciones de tarifa electrica;132,764
2021;rio negro;regimen de energia electrica ley 24065;f.e.d.e.i.;92,72850294
2021;rio negro;fondo compensador de desequilibrios;fondo compensador de desequilibrios;30
2021;rio negro;regimen simplificado para pequeños contribuyentes ley 24977 art 59 inciso a;regimen simplificado para pequeños contribuyentes ley 24977 art 59 inciso a;231,4606
2021;rio negro;consenso fiscal ley 27429 compensacion;consenso fiscal ley 27429 compensacion;1134,943884
2021;salta;coparticipacion federal de impuestos neta ley 26075;coparticipacion federal de impuestos neta ley 26075;100774,9907
2021;salta;financiamiento educativo ley 26075;financiamiento educativo ley 26075;15354,6066
2021;salta;transferencia de servicios ley 24049;transferencia de servicios ley 24049;39,8004
2021;salta;impuesto sobre los bienes personales;ley 24699;5578,1514
2021;salta;impuesto sobre los activos fondo educacion ley 23906;impuesto sobre los activos fondo educacion ley 23906;0,0066
2021;salta;impuesto a los combustibles liquidos ley 23966 y 24699;obras de infraestructura;383,9568
2021;salta;impuesto a los combustibles liquidos ley 23966 y 24699;vialidad provincial;627,5684
2021;salta;impuesto a los combustibles liquidos ley 23966 y 24699;f.e.d.e.i.;126,1456616
2021;salta;impuesto a los combustibles liquidos ley 23966 y 24699;ley 24464 fo.na.vi;1955,9264
2021;salta;regimen de energia electrica ley 24065;fondo para compensaciones de tarifa electrica;127,3672
2021;salta;regimen de energia electrica ley 24065;f.e.d.e.i.;94,86520278
2021;salta;fondo compensador de desequilibrios;fondo compensador de desequilibrios;30
2021;salta;regimen simplificado para pequeños contribuyentes ley 24977 art 59 inciso a;regimen simplificado para pequeños contribuyentes ley 24977 art 59 inciso a;351,609
2021;salta;consenso fiscal ley 27429 compensacion;consenso fiscal ley 27429 compensacion;6216,644814
2021;san juan;coparticipacion federal de impuestos neta ley 26075;coparticipacion federal de impuestos neta ley 26075;92396,6145
2021;san juan;financiamiento educativo ley 26075;financiamiento educativo ley 26075;10019,1864
2021;san juan;transferencia de servicios ley 24049;transferencia de servicios ley 24049;30,0996
2021;san juan;impuesto sobre los bienes personales;ley 24699;4919,4251
2021;san juan;impuesto sobre los activos fondo educacion ley 23906;impuesto sobre los activos fondo educacion ley 23906;0,0037
2021;san juan;impuesto a los combustibles liquidos ley 23966 y 24699;obras de infraestructura;338,6132
2021;san juan;impuesto a los combustibles liquidos ley 23966 y 24699;vialidad provincial;587,2786
2021;san juan;impuesto a los combustibles liquidos ley 23966 y 24699;f.e.d.e.i.;116,8643347
2021;san juan;impuesto a los combustibles liquidos ley 23966 y 24699;ley 24464 fo.na.vi;1784,7828
2021;san juan;regimen de energia electrica ley 24065;fondo para compensaciones de tarifa electrica;108,0178
2021;san juan;regimen de energia electrica ley 24065;f.e.d.e.i.;87,8853753
2021;san juan;fondo compensador de desequilibrios;fondo compensador de desequilibrios;26,4
2021;san juan;regimen simplificado para pequeños contribuyentes ley 24977 art 59 inciso a;regimen simplificado para pequeños contribuyentes ley 24977 art 59 inciso a;310,0854
2021;san juan;consenso fiscal ley 27429 compensacion;consenso fiscal ley 27429 compensacion;1426,417154
2021;san luis;coparticipacion federal de impuestos neta ley 26075;coparticipacion federal de impuestos neta ley 26075;63043,2891
2021;san luis;financiamiento educativo ley 26075;financiamiento educativo ley 26075;6109,26
2021;san luis;transferencia de servicios ley 24049;transferencia de servicios ley 24049;18,9012
2021;san luis;impuesto sobre los bienes personales;ley 24699;3321,663
2021;san luis;impuesto sobre los activos fondo educacion ley 23906;impuesto sobre los activos fondo educacion ley 23906;0,0031
2021;san luis;impuesto a los combustibles liquidos ley 23966 y 24699;obras de infraestructura;228,6309
2021;san luis;impuesto a los combustibles liquidos ley 23966 y 24699;vialidad provincial;440,578
2021;san luis;impuesto a los combustibles liquidos ley 23966 y 24699;f.e.d.e.i.;114,4829686
2021;san luis;impuesto a los combustibles liquidos ley 23966 y 24699;ley 24464 fo.na.vi;1784,7828
2021;san luis;regimen de energia electrica ley 24065;fondo para compensaciones de tarifa electrica;122,7873
2021;san luis;regimen de energia electrica ley 24065;f.e.d.e.i.;86,09451879
2021;san luis;fondo compensador de desequilibrios;fondo compensador de desequilibrios;26,4
2021;san luis;regimen simplificado para pequeños contribuyentes ley 24977 art 59 inciso a;regimen simplificado para pequeños contribuyentes ley 24977 art 59 inciso a;209,3691
2021;santa cruz;coparticipacion federal de impuestos neta ley 26075;coparticipacion federal de impuestos neta ley 26075;44779,5137
2021;santa cruz;financiamiento educativo ley 26075;financiamiento educativo ley 26075;3136,0866
2021;santa cruz;transferencia de servicios ley 24049;transferencia de servicios ley 24049;8,4996
2021;santa cruz;impuesto sobre los bienes personales;ley 24699;2301,5707
2021;santa cruz;impuesto sobre los bienes personales;ley 23966 art 30;208,0051
2021;santa cruz;impuesto sobre los activos fondo educacion ley 23906;impuesto sobre los activos fondo educacion ley 23906;0,0031
2021;santa cruz;i.v.a.ley 23966 art 5 punto 2;i.v.a.ley 23966 art 5 punto 2;260,023
2021;santa cruz;impuesto a los combustibles liquidos ley 23966 y 24699;obras de infraestructura;158,4239
2021;santa cruz;impuesto a los combustibles liquidos ley 23966 y 24699;vialidad provincial;471,7667
2021;santa cruz;impuesto a los combustibles liquidos ley 23966 y 24699;f.e.d.e.i.;161,0839763
2021;santa cruz;impuesto a los combustibles liquidos ley 23966 y 24699;ley 24464 fo.na.vi;1564,7411
2021;santa cruz;regimen de energia electrica ley 24065;fondo para compensaciones de tarifa electrica;352,0861
2021;santa cruz;regimen de energia electrica ley 24065;f.e.d.e.i.;121,1398306
2021;santa cruz;fondo compensador de desequilibrios;fondo compensador de desequilibrios;36
2021;santa cruz;regimen simplificado para pequeños contribuyentes ley 24977 art 59 inciso a;regimen simplificado para pequeños contribuyentes ley 24977 art 59 inciso a;145,0767
2021;santa cruz;consenso fiscal ley 27429 compensacion;consenso fiscal ley 27429 compensacion;190,207252
2021;santa fe;coparticipacion federal de impuestos neta ley 26075;coparticipacion federal de impuestos neta ley 26075;249315,6367
2021;santa fe;financiamiento educativo ley 26075;financiamiento educativo ley 26075;27002,9292
2021;santa fe;transferencia de servicios ley 24049;transferencia de servicios ley 24049;135,4896
2021;santa fe;impuesto sobre los bienes personales;ley 24699;13258,2527
2021;santa fe;impuesto sobre los bienes personales;ley 23966 art 30;2859,6603
2021;santa fe;impuesto sobre los activos fondo educacion ley 23906;impuesto sobre los activos fondo educacion ley 23906;0,0126
2021;santa fe;i.v.a.ley 23966 art 5 punto 2;i.v.a.ley 23966 art 5 punto 2;3576,2465
2021;santa fe;impuesto a los combustibles liquidos ley 23966 y 24699;obras de infraestructura;942,5871
2021;santa fe;impuesto a los combustibles liquidos ley 23966 y 24699;vialidad provincial;1933,8709
2021;santa fe;impuesto a los combustibles liquidos ley 23966 y 24699;f.e.d.e.i.;101,4971318
2021;santa fe;impuesto a los combustibles liquidos ley 23966 y 24699;ley 24464 fo.na.vi;2816,2549
2021;santa fe;regimen de energia electrica ley 24065;fondo para compensaciones de tarifa electrica;86,4412
2021;santa fe;regimen de energia electrica ley 24065;f.e.d.e.i.;76,32879222
2021;santa fe;fondo compensador de desequilibrios;fondo compensador de desequilibrios;6
2021;santa fe;regimen simplificado para pequeños contribuyentes ley 24977 art 59 inciso a;regimen simplificado para pequeños contribuyentes ley 24977 art 59 inciso a;835,7027
2021;santa fe;consenso fiscal ley 27429 compensacion;consenso fiscal ley 27429 compensacion;3552,597384
2021;sgo. del estero;coparticipacion federal de impuestos neta ley 26075;coparticipacion federal de impuestos neta ley 26075;111408,6687
2021;sgo. del estero;financiamiento educativo ley 26075;financiamiento educativo ley 26075;13766,199
2021;sgo. del estero;transferencia de servicios ley 24049;transferencia de servicios ley 24049;31,5996
2021;sgo. del estero;impuesto sobre los bienes personales;ley 24699;6012,6305
2021;sgo. del estero;impuesto sobre los activos fondo educacion ley 23906;impuesto sobre los activos fondo educacion ley 23906;0,0062
2021;sgo. del estero;impuesto a los combustibles liquidos ley 23966 y 24699;obras de infraestructura;413,8618
2021;sgo. del estero;impuesto a los combustibles liquidos ley 23966 y 24699;vialidad provincial;658,4272
2021;sgo. del estero;impuesto a los combustibles liquidos ley 23966 y 24699;f.e.d.e.i.;135,3277527
2021;sgo. del estero;impuesto a los combustibles liquidos ley 23966 y 24699;ley 24464 fo.na.vi;2102,6209
2021;sgo. del estero;regimen de energia electrica ley 24065;fondo para compensaciones de tarifa electrica;108,7449
2021;sgo. del estero;regimen de energia electrica ley 24065;f.e.d.e.i.;101,7704021
2021;sgo. del estero;fondo compensador de desequilibrios;fondo compensador de desequilibrios;26,4
2021;sgo. del estero;regimen simplificado para pequeños contribuyentes ley 24977 art 59 inciso a;regimen simplificado para pequeños contribuyentes ley 24977 art 59 inciso a;378,9944
2021;sgo. del estero;consenso fiscal ley 27429 compensacion;consenso fiscal ley 27429 compensacion;3857,071822
2021;tucuman;coparticipacion federal de impuestos neta ley 26075;coparticipacion federal de impuestos neta ley 26075;127401,3844
2021;tucuman;financiamiento educativo ley 26075;financiamiento educativo ley 26075;16739,3723
2021;tucuman;transferencia de servicios ley 24049;transferencia de servicios ley 24049;55,8
2021;tucuman;impuesto sobre los bienes personales;ley 24699;6923,6352
2021;tucuman;impuesto sobre los activos fondo educacion ley 23906;impuesto sobre los activos fondo educacion ley 23906;0,0056
2021;tucuman;impuesto a los combustibles liquidos ley 23966 y 24699;obras de infraestructura;476,5673
2021;tucuman;impuesto a los combustibles liquidos ley 23966 y 24699;vialidad provincial;686,591
2021;tucuman;impuesto a los combustibles liquidos ley 23966 y 24699;f.e.d.e.i.;104,2318242
2021;tucuman;impuesto a los combustibles liquidos ley 23966 y 24699;ley 24464 fo.na.vi;2053,7227
2021;tucuman;regimen de energia electrica ley 24065;fondo para compensaciones de tarifa electrica;70,4206
2021;tucuman;regimen de energia electrica ley 24065;f.e.d.e.i.;78,38536033
2021;tucuman;fondo compensador de desequilibrios;fondo compensador de desequilibrios;26,4
2021;tucuman;regimen simplificado para pequeños contribuyentes ley 24977 art 59 inciso a;regimen simplificado para pequeños contribuyentes ley 24977 art 59 inciso a;436,417
2021;tucuman;consenso fiscal ley 27429 compensacion;consenso fiscal ley 27429 compensacion;4697,146062
2021;tierra del fuego;coparticipacion federal de impuestos neta ley 26075;coparticipacion federal de impuestos neta ley 26075;35904,4971
2021;tierra del fuego;financiamiento educativo ley 26075;financiamiento educativo ley 26075;1466,2224
2021;tierra del fuego;transferencia de servicios ley 24049;transferencia de servicios ley 24049;12
2021;tierra del fuego;impuesto sobre los bienes personales;ley 24699;1794,8809
2021;tierra del fuego;impuesto sobre los bienes personales;ley 23966 art 30;18,4505
2021;tierra del fuego;impuesto sobre los activos fondo educacion ley 23906;impuesto sobre los activos fondo educacion ley 23906;0,0015
2021;tierra del fuego;i.v.a.ley 23966 art 5 punto 2;i.v.a.ley 23966 art 5 punto 2;23,0645
2021;tierra del fuego;impuesto a los combustibles liquidos ley 23966 y 24699;obras de infraestructura;123,5483
2021;tierra del fuego;impuesto a los combustibles liquidos ley 23966 y 24699;vialidad provincial;333,3429
2021;tierra del fuego;impuesto a los combustibles liquidos ley 23966 y 24699;f.e.d.e.i.;118,460011
2021;tierra del fuego;impuesto a los combustibles liquidos ley 23966 y 24699;ley 24464 fo.na.vi;1295,8012
2021;tierra del fuego;regimen de energia electrica ley 24065;fondo para compensaciones de tarifa electrica;85,4979
2021;tierra del fuego;regimen de energia electrica ley 24065;f.e.d.e.i.;89,08537022
2021;tierra del fuego;fondo compensador de desequilibrios;fondo compensador de desequilibrios;36
2021;tierra del fuego;regimen simplificado para pequeños contribuyentes ley 24977 art 59 inciso a;regimen simplificado para pequeños contribuyentes ley 24977 art 59 inciso a;113,1394
2021;tierra del fuego;consenso fiscal ley 27429 compensacion;consenso fiscal ley 27429 compensacion;94,052048
2021;c.a.b.a;coparticipacion federal de impuestos neta ley 26075;coparticipacion federal de impuestos neta ley 26075;53545,9429
2021;c.a.b.a;financiamiento educativo ley 26075;financiamiento educativo ley 26075;21219,4962
2021;c.a.b.a;impuesto sobre los activos fondo educacion ley 23906;impuesto sobre los activos fondo educacion ley 23906;0,0053
2021;c.a.b.a;impuesto a los combustibles liquidos ley 23966 y 24699;ley 24464 fo.na.vi;635,6761
2021;tesoro nacional;coparticipacion federal de impuestos neta ley 26075;coparticipacion federal de impuestos neta ley 26075;2148972,342
2021;tesoro nacional;impuesto sobre los bienes personales;ley 24699;106769,7733
2021;tesoro nacional;impuesto sobre los activos fondo educacion ley 23906;impuesto sobre los activos fondo educacion ley 23906;0,0811
2021;tesoro nacional;impuesto a los combustibles liquidos ley 23966 y 24699;vialidad provincial;33745,2467
2021;tesoro nacional;consenso fiscal ley 27429 compensacion;consenso fiscal ley 27429 compensacion;-127241,4888
2021;seguridad social;i.v.a.ley 23966 art 5 punto 2;i.v.a.ley 23966 art 5 punto 2;320535,0899
2021;seguridad social;regimen simplificado para pequeños contribuyentes ley 24977 art 59 inciso a;regimen simplificado para pequeños contribuyentes ley 24977 art 59 inciso a;21631,5722
2021;fondo a.t.n.;coparticipacion federal de impuestos neta ley 26075;coparticipacion federal de impuestos neta ley 26075;53403,8852
2021;fondo a.t.n.;impuesto sobre los bienes personales;ley 24699;2564,1156
2022;buenos aires;coparticipacion federal de impuestos neta ley 26075;coparticipacion federal de impuestos neta ley 26075;1037522,955
2022;buenos aires;financiamiento educativo ley 26075;financiamiento educativo ley 26075;214934,7504
2022;buenos aires;transferencia de servicios ley 24049;transferencia de servicios ley 24049;420,1008
2022;buenos aires;impuesto sobre los bienes personales;ley 24699;48349,4577
2022;buenos aires;impuesto sobre los bienes personales;ley 23966 art 30;11510,5927
2022;buenos aires;impuesto sobre los activos fondo educacion ley 23906;impuesto sobre los activos fondo educacion ley 23906;0,0214
2022;buenos aires;i.v.a.ley 23966 art 5 punto 2;i.v.a.ley 23966 art 5 punto 2;17124,9993
2022;buenos aires;impuesto a los combustibles liquidos ley 23966 y 24699;obras de infraestructura;2511,5461
2022;buenos aires;impuesto a los combustibles liquidos ley 23966 y 24699;vialidad provincial;4970,5384
2022;buenos aires;impuesto a los combustibles liquidos ley 23966 y 24699;f.e.d.e.i.;127,8720132
2022;buenos aires;impuesto a los combustibles liquidos ley 23966 y 24699;ley 24464 fo.na.vi;8191,9052
2022;buenos aires;regimen de energia electrica ley 24065;fondo para compensaciones de tarifa electrica;162,1779
2022;buenos aires;regimen de energia electrica ley 24065;f.e.d.e.i.;122,4150344
2022;buenos aires;regimen simplificado para pequeños contribuyentes ley 24977 art 59 inciso a;regimen simplificado para pequeños contribuyentes ley 24977 art 59 inciso a;2539,0374
2022;buenos aires;consenso fiscal ley 27429 compensacion;consenso fiscal ley 27429 compensacion;123498,6033
2022;catamarca;coparticipacion federal de impuestos neta ley 26075;coparticipacion federal de impuestos neta ley 26075;146754,7597
2022;catamarca;financiamiento educativo ley 26075;financiamiento educativo ley 26075;10334,6593
2022;catamarca;transferencia de servicios ley 24049;transferencia de servicios ley 24049;21,3996
2022;catamarca;impuesto sobre los bienes personales;ley 24699;6064,2273
2022;catamarca;impuesto sobre los activos fondo educacion ley 23906;impuesto sobre los activos fondo educacion ley 23906;0,0016
2022;catamarca;impuesto a los combustibles liquidos ley 23966 y 24699;obras de infraestructura;318,7779
2022;catamarca;impuesto a los combustibles liquidos ley 23966 y 24699;vialidad provincial;469,5654
2022;catamarca;impuesto a los combustibles liquidos ley 23966 y 24699;f.e.d.e.i.;192,7217207
2022;catamarca;impuesto a los combustibles liquidos ley 23966 y 24699;ley 24464 fo.na.vi;1186,414
2022;catamarca;regimen de energia electrica ley 24065;fondo para compensaciones de tarifa electrica;216,2972
2022;catamarca;regimen de energia electrica ley 24065;f.e.d.e.i.;184,4972599
2022;catamarca;fondo compensador de desequilibrios;fondo compensador de desequilibrios;26,4
2022;catamarca;regimen simplificado para pequeños contribuyentes ley 24977 art 59 inciso a;regimen simplificado para pequeños contribuyentes ley 24977 art 59 inciso a;318,4635
2022;catamarca;consenso fiscal ley 27429 compensacion;consenso fiscal ley 27429 compensacion;858,339554
2022;cordoba;coparticipacion federal de impuestos neta ley 26075;coparticipacion federal de impuestos neta ley 26075;458606,9828
2022;cordoba;financiamiento educativo ley 26075;financiamiento educativo ley 26075;47814,152
2022;cordoba;transferencia de servicios ley 24049;transferencia de servicios ley 24049;125,3004
2022;cordoba;impuesto sobre los bienes personales;ley 24699;19549,7118
2022;cordoba;impuesto sobre los bienes personales;ley 23966 art 30;3930,9168
2022;cordoba;impuesto sobre los activos fondo educacion ley 23906;impuesto sobre los activos fondo educacion ley 23906;0,0059
2022;cordoba;i.v.a.ley 23966 art 5 punto 2;i.v.a.ley 23966 art 5 punto 2;5848,2608
2022;cordoba;impuesto a los combustibles liquidos ley 23966 y 24699;obras de infraestructura;1027,66
2022;cordoba;impuesto a los combustibles liquidos ley 23966 y 24699;vialidad provincial;2340,9273
2022;cordoba;impuesto a los combustibles liquidos ley 23966 y 24699;f.e.d.e.i.;105,5851716
2022;cordoba;impuesto a los combustibles liquidos ley 23966 y 24699;ley 24464 fo.na.vi;3192,0183
2022;cordoba;regimen de energia electrica ley 24065;fondo para compensaciones de tarifa electrica;159,1158
2022;cordoba;regimen de energia electrica ley 24065;f.e.d.e.i.;94,66872233
2022;cordoba;fondo compensador de desequilibrios;fondo compensador de desequilibrios;6
2022;cordoba;regimen simplificado para pequeños contribuyentes ley 24977 art 59 inciso a;regimen simplificado para pequeños contribuyentes ley 24977 art 59 inciso a;1026,6455
2022;cordoba;consenso fiscal ley 27429 compensacion;consenso fiscal ley 27429 compensacion;5000,297809
2022;corrientes;coparticipacion federal de impuestos neta ley 26075;coparticipacion federal de impuestos neta ley 26075;190823,197
2022;corrientes;financiamiento educativo ley 26075;financiamiento educativo ley 26075;21192,5925
2022;corrientes;transferencia de servicios ley 24049;transferencia de servicios ley 24049;38,6004
2022;corrientes;impuesto sobre los bienes personales;ley 24699;8184,5865
2022;corrientes;impuesto sobre los bienes personales;ley 23966 art 30;1256,9251
2022;corrientes;impuesto sobre los activos fondo educacion ley 23906;impuesto sobre los activos fondo educacion ley 23906;0,0027
2022;corrientes;i.v.a.ley 23966 art 5 punto 2;i.v.a.ley 23966 art 5 punto 2;1870,003
2022;corrientes;impuesto a los combustibles liquidos ley 23966 y 24699;obras de infraestructura;430,2345
2022;corrientes;impuesto a los combustibles liquidos ley 23966 y 24699;vialidad provincial;811,5405
2022;corrientes;impuesto a los combustibles liquidos ley 23966 y 24699;f.e.d.e.i.;161,8852865
2022;corrientes;impuesto a los combustibles liquidos ley 23966 y 24699;ley 24464 fo.na.vi;2796,547
2022;corrientes;regimen de energia electrica ley 24065;fondo para compensaciones de tarifa electrica;223,4591
2022;corrientes;regimen de energia electrica ley 24065;f.e.d.e.i.;154,9767803
2022;corrientes;fondo compensador de desequilibrios;fondo compensador de desequilibrios;18
2022;corrientes;regimen simplificado para pequeños contribuyentes ley 24977 art 59 inciso a;regimen simplificado para pequeños contribuyentes ley 24977 art 59 inciso a;429,81
2022;corrientes;consenso fiscal ley 27429 compensacion;consenso fiscal ley 27429 compensacion;6263,706116
2022;chaco;coparticipacion federal de impuestos neta ley 26075;coparticipacion federal de impuestos neta ley 26075;260382,5901
2022;chaco;financiamiento educativo ley 26075;financiamiento educativo ley 26075;24136,0083
2022;chaco;transferencia de servicios ley 24049;transferencia de servicios ley 24049;33,6
2022;chaco;impuesto sobre los bienes personales;ley 24699;10983,4608
2022;chaco;impuesto sobre los bienes personales;ley 23966 art 30;988,1566
2022;chaco;impuesto sobre los activos fondo educacion ley 23906;impuesto sobre los activos fondo educacion ley 23906;0,0035
2022;chaco;i.v.a.ley 23966 art 5 punto 2;i.v.a.ley 23966 art 5 punto 2;1470,1397
2022;chaco;impuesto a los combustibles liquidos ley 23966 y 24699;obras de infraestructura;577,3657
2022;chaco;impuesto a los combustibles liquidos ley 23966 y 24699;vialidad provincial;929,0986
2022;chaco;impuesto a los combustibles liquidos ley 23966 y 24699;f.e.d.e.i.;171,9361798
2022;chaco;impuesto a los combustibles liquidos ley 23966 y 24699;ley 24464 fo.na.vi;2598,811
2022;chaco;regimen de energia electrica ley 24065;fondo para compensaciones de tarifa electrica;232,8513
2022;chaco;regimen de energia electrica ley 24065;f.e.d.e.i.;164,5987486
2022;chaco;fondo compensador de desequilibrios;fondo compensador de desequilibrios;6
2022;chaco;regimen simplificado para pequeños contribuyentes ley 24977 art 59 inciso a;regimen simplificado para pequeños contribuyentes ley 24977 art 59 inciso a;576,7959
2022;chaco;consenso fiscal ley 27429 compensacion;consenso fiscal ley 27429 compensacion;7637,688276
2022;chubut;coparticipacion federal de impuestos neta ley 26075;coparticipacion federal de impuestos neta ley 26075;79994,3835
2022;chubut;financiamiento educativo ley 26075;financiamiento educativo ley 26075;10203,8409
2022;chubut;transferencia de servicios ley 24049;transferencia de servicios ley 24049;24,2004
2022;chubut;impuesto sobre los bienes personales;ley 24699;3481,982
2022;chubut;impuesto sobre los bienes personales;ley 23966 art 30;386,5483
2022;chubut;impuesto sobre los activos fondo educacion ley 23906;impuesto sobre los activos fondo educacion ley 23906;0,0016
2022;chubut;i.v.a.ley 23966 art 5 punto 2;i.v.a.ley 23966 art 5 punto 2;575,0911
2022;chubut;impuesto a los combustibles liquidos ley 23966 y 24699;obras de infraestructura;183,0394
2022;chubut;impuesto a los combustibles liquidos ley 23966 y 24699;vialidad provincial;661,9047
2022;chubut;impuesto a los combustibles liquidos ley 23966 y 24699;f.e.d.e.i.;180,2721553
2022;chubut;impuesto a los combustibles liquidos ley 23966 y 24699;ley 24464 fo.na.vi;1807,8688
2022;chubut;regimen de energia electrica ley 24065;fondo para compensaciones de tarifa electrica;395,9906
2022;chubut;regimen de energia electrica ley 24065;f.e.d.e.i.;172,5789837
2022;chubut;fondo compensador de desequilibrios;fondo compensador de desequilibrios;36
2022;chubut;regimen simplificado para pequeños contribuyentes ley 24977 art 59 inciso a;regimen simplificado para pequeños contribuyentes ley 24977 art 59 inciso a;182,859
2022;chubut;consenso fiscal ley 27429 compensacion;consenso fiscal ley 27429 compensacion;1448,518354
2022;entre rios;coparticipacion federal de impuestos neta ley 26075;coparticipacion federal de impuestos neta ley 26075;257218,6958
2022;entre rios;financiamiento educativo ley 26075;financiamiento educativo ley 26075;21258,0017
2022;entre rios;transferencia de servicios ley 24049;transferencia de servicios ley 24049;67,4988
2022;entre rios;impuesto sobre los bienes personales;ley 24699;10750,2211
2022;entre rios;impuesto sobre los bienes personales;ley 23966 art 30;1705,9314
2022;entre rios;impuesto sobre los activos fondo educacion ley 23906;impuesto sobre los activos fondo educacion ley 23906;0,0028
2022;entre rios;i.v.a.ley 23966 art 5 punto 2;i.v.a.ley 23966 art 5 punto 2;2538,0166
2022;entre rios;impuesto a los combustibles liquidos ley 23966 y 24699;obras de infraestructura;565,0961
2022;entre rios;impuesto a los combustibles liquidos ley 23966 y 24699;vialidad provincial;1234,4022
2022;entre rios;impuesto a los combustibles liquidos ley 23966 y 24699;f.e.d.e.i.;147,9678991
2022;entre rios;impuesto a los combustibles liquidos ley 23966 y 24699;ley 24464 fo.na.vi;2203,3401
2022;entre rios;regimen de energia electrica ley 24065;fondo para compensaciones de tarifa electrica;223,2969
2022;entre rios;regimen de energia electrica ley 24065;f.e.d.e.i.;141,6533218
2022;entre rios;fondo compensador de desequilibrios;fondo compensador de desequilibrios;21,6
2022;entre rios;regimen simplificado para pequeños contribuyentes ley 24977 art 59 inciso a;regimen simplificado para pequeños contribuyentes ley 24977 art 59 inciso a;564,5383
2022;entre rios;consenso fiscal ley 27429 compensacion;consenso fiscal ley 27429 compensacion;3504,825077
2022;formosa;coparticipacion federal de impuestos neta ley 26075;coparticipacion federal de impuestos neta ley 26075;194016,5588
2022;formosa;financiamiento educativo ley 26075;financiamiento educativo ley 26075;13605,1208
2022;formosa;transferencia de servicios ley 24049;transferencia de servicios ley 24049;20,7012
2022;formosa;impuesto sobre los bienes personales;ley 24699;8014,9578
2022;formosa;impuesto sobre los bienes personales;ley 23966 art 30;460,3025
2022;formosa;impuesto sobre los activos fondo educacion ley 23906;impuesto sobre los activos fondo educacion ley 23906;0,0019
2022;formosa;i.v.a.ley 23966 art 5 punto 2;i.v.a.ley 23966 art 5 punto 2;684,8199
2022;formosa;impuesto a los combustibles liquidos ley 23966 y 24699;obras de infraestructura;421,3218
2022;formosa;impuesto a los combustibles liquidos ley 23966 y 24699;vialidad provincial;511,175
2022;formosa;impuesto a los combustibles liquidos ley 23966 y 24699;f.e.d.e.i.;198,6811521
2022;formosa;impuesto a los combustibles liquidos ley 23966 y 24699;ley 24464 fo.na.vi;2259,836
2022;formosa;regimen de energia electrica ley 24065;fondo para compensaciones de tarifa electrica;242,6142
2022;formosa;regimen de energia electrica ley 24065;f.e.d.e.i.;190,2023707
2022;formosa;fondo compensador de desequilibrios;fondo compensador de desequilibrios;26,4
2022;formosa;regimen simplificado para pequeños contribuyentes ley 24977 art 59 inciso a;regimen simplificado para pequeños contribuyentes ley 24977 art 59 inciso a;420,9059
2022;formosa;consenso fiscal ley 27429 compensacion;consenso fiscal ley 27429 compensacion;3755,721322
2022;jujuy;coparticipacion federal de impuestos neta ley 26075;coparticipacion federal de impuestos neta ley 26075;149016,3544
2022;jujuy;financiamiento educativo ley 26075;financiamiento educativo ley 26075;13016,4381
2022;jujuy;transferencia de servicios ley 24049;transferencia de servicios ley 24049;33,3
2022;jujuy;impuesto sobre los bienes personales;ley 24699;6255,0596
2022;jujuy;impuesto sobre los activos fondo educacion ley 23906;impuesto sobre los activos fondo educacion ley 23906;0,0017
2022;jujuy;impuesto a los combustibles liquidos ley 23966 y 24699;obras de infraestructura;328,802
2022;jujuy;impuesto a los combustibles liquidos ley 23966 y 24699;vialidad provincial;550,0407
2022;jujuy;impuesto a los combustibles liquidos ley 23966 y 24699;f.e.d.e.i.;160,3285837
2022;jujuy;impuesto a los combustibles liquidos ley 23966 y 24699;ley 24464 fo.na.vi;1694,8769
2022;jujuy;regimen de energia electrica ley 24065;fondo para compensaciones de tarifa electrica;238,5691
2022;jujuy;regimen de energia electrica ley 24065;f.e.d.e.i.;153,4865104
2022;jujuy;fondo compensador de desequilibrios;fondo compensador de desequilibrios;26,4
2022;jujuy;regimen simplificado para pequeños contribuyentes ley 24977 art 59 inciso a;regimen simplificado para pequeños contribuyentes ley 24977 art 59 inciso a;328,4774
2022;jujuy;consenso fiscal ley 27429 compensacion;consenso fiscal ley 27429 compensacion;3638,710686
2022;la pampa;coparticipacion federal de impuestos neta ley 26075;coparticipacion federal de impuestos neta ley 26075;101942,3706
2022;la pampa;financiamiento educativo ley 26075;financiamiento educativo ley 26075;7260,4254
2022;la pampa;transferencia de servicios ley 24049;transferencia de servicios ley 24049;19,2
2022;la pampa;impuesto sobre los bienes personales;ley 24699;4214,7814
2022;la pampa;impuesto sobre los bienes personales;ley 23966 art 30;339,4406
2022;la pampa;impuesto sobre los activos fondo educacion ley 23906;impuesto sobre los activos fondo educacion ley 23906;0,0014
2022;la pampa;i.v.a.ley 23966 art 5 punto 2;i.v.a.ley 23966 art 5 punto 2;505,1941
2022;la pampa;impuesto a los combustibles liquidos ley 23966 y 24699;obras de infraestructura;221,5549
2022;la pampa;impuesto a los combustibles liquidos ley 23966 y 24699;vialidad provincial;685,0217
2022;la pampa;impuesto a los combustibles liquidos ley 23966 y 24699;f.e.d.e.i.;142,3271104
2022;la pampa;impuesto a los combustibles liquidos ley 23966 y 24699;ley 24464 fo.na.vi;1151,8019
2022;la pampa;regimen de energia electrica ley 24065;fondo para compensaciones de tarifa electrica;309,5339
2022;la pampa;regimen de energia electrica ley 24065;f.e.d.e.i.;136,2532556
2022;la pampa;fondo compensador de desequilibrios;fondo compensador de desequilibrios;30
2022;la pampa;regimen simplificado para pequeños contribuyentes ley 24977 art 59 inciso a;regimen simplificado para pequeños contribuyentes ley 24977 art 59 inciso a;221,3365
2022;la rioja;coparticipacion federal de impuestos neta ley 26075;coparticipacion federal de impuestos neta ley 26075;109719,3141
2022;la rioja;financiamiento educativo ley 26075;financiamiento educativo ley 26075;8372,3825
2022;la rioja;transferencia de servicios ley 24049;transferencia de servicios ley 24049;20,2992
2022;la rioja;impuesto sobre los bienes personales;ley 24699;4558,7722
2022;la rioja;impuesto sobre los activos fondo educacion ley 23906;impuesto sobre los activos fondo educacion ley 23906;0,0014
2022;la rioja;impuesto a los combustibles liquidos ley 23966 y 24699;obras de infraestructura;239,639
2022;la rioja;impuesto a los combustibles liquidos ley 23966 y 24699;vialidad provincial;576,3836
2022;la rioja;impuesto a los combustibles liquidos ley 23966 y 24699;f.e.d.e.i.;187,5190659
2022;la rioja;impuesto a los combustibles liquidos ley 23966 y 24699;ley 24464 fo.na.vi;1129,9179
2022;la rioja;regimen de energia electrica ley 24065;fondo para compensaciones de tarifa electrica;239,0171
2022;la rioja;regimen de energia electrica ley 24065;f.e.d.e.i.;179,51663
2022;la rioja;fondo compensador de desequilibrios;fondo compensador de desequilibrios;26,4
2022;la rioja;regimen simplificado para pequeños contribuyentes ley 24977 art 59 inciso a;regimen simplificado para pequeños contribuyentes ley 24977 art 59 inciso a;239,4026
2022;la rioja;consenso fiscal ley 27429 compensacion;consenso fiscal ley 27429 compensacion;1128,30829
2022;mendoza;coparticipacion federal de impuestos neta ley 26075;coparticipacion federal de impuestos neta ley 26075;207285,0704
2022;mendoza;financiamiento educativo ley 26075;financiamiento educativo ley 26075;30546,1135
2022;mendoza;transferencia de servicios ley 24049;transferencia de servicios ley 24049;61,6992
2022;mendoza;impuesto sobre los bienes personales;ley 24699;9181,1553
2022;mendoza;impuesto sobre los activos fondo educacion ley 23906;impuesto sobre los activos fondo educacion ley 23906;0,0029
2022;mendoza;impuesto a los combustibles liquidos ley 23966 y 24699;obras de infraestructura;482,6236
2022;mendoza;impuesto a los combustibles liquidos ley 23966 y 24699;vialidad provincial;906,766
2022;mendoza;impuesto a los combustibles liquidos ley 23966 y 24699;f.e.d.e.i.;145,5511558
2022;mendoza;impuesto a los combustibles liquidos ley 23966 y 24699;ley 24464 fo.na.vi;2259,836
2022;mendoza;regimen de energia electrica ley 24065;fondo para compensaciones de tarifa electrica;179,6485
2022;mendoza;regimen de energia electrica ley 24065;f.e.d.e.i.;139,3397139
2022;mendoza;fondo compensador de desequilibrios;fondo compensador de desequilibrios;26,4
2022;mendoza;regimen simplificado para pequeños contribuyentes ley 24977 art 59 inciso a;regimen simplificado para pequeños contribuyentes ley 24977 art 59 inciso a;482,1473
2022;mendoza;consenso fiscal ley 27429 compensacion;consenso fiscal ley 27429 compensacion;5333,563035
2022;misiones;coparticipacion federal de impuestos neta ley 26075;coparticipacion federal de impuestos neta ley 26075;163476,5313
2022;misiones;financiamiento educativo ley 26075;financiamiento educativo ley 26075;24920,919
2022;misiones;transferencia de servicios ley 24049;transferencia de servicios ley 24049;34,1004
2022;misiones;impuesto sobre los bienes personales;ley 24699;7272,8322
2022;misiones;impuesto sobre los bienes personales;ley 23966 art 30;539,6546
2022;misiones;impuesto sobre los activos fondo educacion ley 23906;impuesto sobre los activos fondo educacion ley 23906;0,0022
2022;misiones;i.v.a.ley 23966 art 5 punto 2;i.v.a.ley 23966 art 5 punto 2;802,8766
2022;misiones;impuesto a los combustibles liquidos ley 23966 y 24699;obras de infraestructura;382,302
2022;misiones;impuesto a los combustibles liquidos ley 23966 y 24699;vialidad provincial;881,0284
2022;misiones;impuesto a los combustibles liquidos ley 23966 y 24699;f.e.d.e.i.;188,2688355
2022;misiones;impuesto a los combustibles liquidos ley 23966 y 24699;ley 24464 fo.na.vi;2655,3071
2022;misiones;regimen de energia electrica ley 24065;fondo para compensaciones de tarifa electrica;207,2472
2022;misiones;regimen de energia electrica ley 24065;f.e.d.e.i.;180,2344028
2022;misiones;fondo compensador de desequilibrios;fondo compensador de desequilibrios;26,4
2022;misiones;regimen simplificado para pequeños contribuyentes ley 24977 art 59 inciso a;regimen simplificado para pequeños contribuyentes ley 24977 art 59 inciso a;381,9247
2022;misiones;consenso fiscal ley 27429 compensacion;consenso fiscal ley 27429 compensacion;7063,706209
2022;neuquen;coparticipacion federal de impuestos neta ley 26075;coparticipacion federal de impuestos neta ley 26075;87997,6919
2022;neuquen;financiamiento educativo ley 26075;financiamiento educativo ley 26075;10988,7519
2022;neuquen;transferencia de servicios ley 24049;transferencia de servicios ley 24049;17,3988
2022;neuquen;impuesto sobre los bienes personales;ley 24699;3821,2396
2022;neuquen;impuesto sobre los bienes personales;ley 23966 art 30;242,698
2022;neuquen;impuesto sobre los activos fondo educacion ley 23906;impuesto sobre los activos fondo educacion ley 23906;0,0019
2022;neuquen;i.v.a.ley 23966 art 5 punto 2;i.v.a.ley 23966 art 5 punto 2;361,0762
2022;neuquen;impuesto a los combustibles liquidos ley 23966 y 24699;obras de infraestructura;200,8651
2022;neuquen;impuesto a los combustibles liquidos ley 23966 y 24699;vialidad provincial;738,4473
2022;neuquen;impuesto a los combustibles liquidos ley 23966 y 24699;f.e.d.e.i.;167,1864108
2022;neuquen;impuesto a los combustibles liquidos ley 23966 y 24699;ley 24464 fo.na.vi;2429,3235
2022;neuquen;regimen de energia electrica ley 24065;fondo para compensaciones de tarifa electrica;269,5499
2022;neuquen;regimen de energia electrica ley 24065;f.e.d.e.i.;160,0516775
2022;neuquen;fondo compensador de desequilibrios;fondo compensador de desequilibrios;30
2022;neuquen;regimen simplificado para pequeños contribuyentes ley 24977 art 59 inciso a;regimen simplificado para pequeños contribuyentes ley 24977 art 59 inciso a;200,6668
2022;neuquen;consenso fiscal ley 27429 compensacion;consenso fiscal ley 27429 compensacion;1951,938449
2022;rio negro;coparticipacion federal de impuestos neta ley 26075;coparticipacion federal de impuestos neta ley 26075;131675,5632
2022;rio negro;financiamiento educativo ley 26075;financiamiento educativo ley 26075;12231,527
2022;rio negro;transferencia de servicios ley 24049;transferencia de servicios ley 24049;14,6004
2022;rio negro;impuesto sobre los bienes personales;ley 24699;5555,3409
2022;rio negro;impuesto sobre los activos fondo educacion ley 23906;impuesto sobre los activos fondo educacion ley 23906;0,0022
2022;rio negro;impuesto a los combustibles liquidos ley 23966 y 24699;obras de infraestructura;292,028
2022;rio negro;impuesto a los combustibles liquidos ley 23966 y 24699;vialidad provincial;594,8617
2022;rio negro;impuesto a los combustibles liquidos ley 23966 y 24699;f.e.d.e.i.;155,3461023
2022;rio negro;impuesto a los combustibles liquidos ley 23966 y 24699;ley 24464 fo.na.vi;2542,3152
2022;rio negro;regimen de energia electrica ley 24065;fondo para compensaciones de tarifa electrica;177,5825
2022;rio negro;regimen de energia electrica ley 24065;f.e.d.e.i.;148,7166579
2022;rio negro;fondo compensador de desequilibrios;fondo compensador de desequilibrios;30
2022;rio negro;regimen simplificado para pequeños contribuyentes ley 24977 art 59 inciso a;regimen simplificado para pequeños contribuyentes ley 24977 art 59 inciso a;291,7398
2022;rio negro;consenso fiscal ley 27429 compensacion;consenso fiscal ley 27429 compensacion;1818,123561
2022;salta;coparticipacion federal de impuestos neta ley 26075;coparticipacion federal de impuestos neta ley 26075;193882,2626
2022;salta;financiamiento educativo ley 26075;financiamiento educativo ley 26075;24724,6914
2022;salta;transferencia de servicios ley 24049;transferencia de servicios ley 24049;39,8004
2022;salta;impuesto sobre los bienes personales;ley 24699;8439,0297
2022;salta;impuesto sobre los activos fondo educacion ley 23906;impuesto sobre los activos fondo educacion ley 23906;0,003
2022;salta;impuesto a los combustibles liquidos ley 23966 y 24699;obras de infraestructura;443,6153
2022;salta;impuesto a los combustibles liquidos ley 23966 y 24699;vialidad provincial;730,8689
2022;salta;impuesto a los combustibles liquidos ley 23966 y 24699;f.e.d.e.i.;158,9256704
2022;salta;impuesto a los combustibles liquidos ley 23966 y 24699;ley 24464 fo.na.vi;2259,836
2022;salta;regimen de energia electrica ley 24065;fondo para compensaciones de tarifa electrica;216,3238
2022;salta;regimen de energia electrica ley 24065;f.e.d.e.i.;152,1434668
2022;salta;fondo compensador de desequilibrios;fondo compensador de desequilibrios;30
2022;salta;regimen simplificado para pequeños contribuyentes ley 24977 art 59 inciso a;regimen simplificado para pequeños contribuyentes ley 24977 art 59 inciso a;443,1776
2022;salta;consenso fiscal ley 27429 compensacion;consenso fiscal ley 27429 compensacion;9958,510233
2022;san juan;coparticipacion federal de impuestos neta ley 26075;coparticipacion federal de impuestos neta ley 26075;176570,0693
2022;san juan;financiamiento educativo ley 26075;financiamiento educativo ley 26075;16221,4904
2022;san juan;transferencia de servicios ley 24049;transferencia de servicios ley 24049;30,0996
2022;san juan;impuesto sobre los bienes personales;ley 24699;7442,4607
2022;san juan;impuesto sobre los activos fondo educacion ley 23906;impuesto sobre los activos fondo educacion ley 23906;0,0017
2022;san juan;impuesto a los combustibles liquidos ley 23966 y 24699;obras de infraestructura;391,2268
2022;san juan;impuesto a los combustibles liquidos ley 23966 y 24699;vialidad provincial;674,4459
2022;san juan;impuesto a los combustibles liquidos ley 23966 y 24699;f.e.d.e.i.;147,2325128
2022;san juan;impuesto a los combustibles liquidos ley 23966 y 24699;ley 24464 fo.na.vi;2062,1003
2022;san juan;regimen de energia electrica ley 24065;fondo para compensaciones de tarifa electrica;178,1413
2022;san juan;regimen de energia electrica ley 24065;f.e.d.e.i.;140,9493184
2022;san juan;fondo compensador de desequilibrios;fondo compensador de desequilibrios;26,4
2022;san juan;regimen simplificado para pequeños contribuyentes ley 24977 art 59 inciso a;regimen simplificado para pequeños contribuyentes ley 24977 art 59 inciso a;390,8405
2022;san juan;consenso fiscal ley 27429 compensacion;consenso fiscal ley 27429 compensacion;2285,054484
2022;san luis;coparticipacion federal de impuestos neta ley 26075;coparticipacion federal de impuestos neta ley 26075;120691,1583
2022;san luis;financiamiento educativo ley 26075;financiamiento educativo ley 26075;9484,3395
2022;san luis;transferencia de servicios ley 24049;transferencia de servicios ley 24049;18,9012
2022;san luis;impuesto sobre los bienes personales;ley 24699;5025,2514
2022;san luis;impuesto sobre los activos fondo educacion ley 23906;impuesto sobre los activos fondo educacion ley 23906;0,0014
2022;san luis;impuesto a los combustibles liquidos ley 23966 y 24699;obras de infraestructura;264,1551
2022;san luis;impuesto a los combustibles liquidos ley 23966 y 24699;vialidad provincial;459,8679
2022;san luis;impuesto a los combustibles liquidos ley 23966 y 24699;f.e.d.e.i.;144,2323287
2022;san luis;impuesto a los combustibles liquidos ley 23966 y 24699;ley 24464 fo.na.vi;2062,1003
2022;san luis;regimen de energia electrica ley 24065;fondo para compensaciones de tarifa electrica;204,2629
2022;san luis;regimen de energia electrica ley 24065;f.e.d.e.i.;138,0771682
2022;san luis;fondo compensador de desequilibrios;fondo compensador de desequilibrios;26,4
2022;san luis;regimen simplificado para pequeños contribuyentes ley 24977 art 59 inciso a;regimen simplificado para pequeños contribuyentes ley 24977 art 59 inciso a;263,8945
2022;santa cruz;coparticipacion federal de impuestos neta ley 26075;coparticipacion federal de impuestos neta ley 26075;85096,3038
2022;santa cruz;financiamiento educativo ley 26075;financiamiento educativo ley 26075;5101,9204
2022;santa cruz;transferencia de servicios ley 24049;transferencia de servicios ley 24049;8,4996
2022;santa cruz;impuesto sobre los bienes personales;ley 24699;3481,982
2022;santa cruz;impuesto sobre los bienes personales;ley 23966 art 30;314,685
2022;santa cruz;impuesto sobre los activos fondo educacion ley 23906;impuesto sobre los activos fondo educacion ley 23906;0,0014
2022;santa cruz;i.v.a.ley 23966 art 5 punto 2;i.v.a.ley 23966 art 5 punto 2;468,1759
2022;santa cruz;impuesto a los combustibles liquidos ley 23966 y 24699;obras de infraestructura;183,0394
2022;santa cruz;impuesto a los combustibles liquidos ley 23966 y 24699;vialidad provincial;512,2148
2022;santa cruz;impuesto a los combustibles liquidos ley 23966 y 24699;f.e.d.e.i.;202,9429994
2022;santa cruz;impuesto a los combustibles liquidos ley 23966 y 24699;ley 24464 fo.na.vi;1807,8688
2022;santa cruz;regimen de energia electrica ley 24065;fondo para compensaciones de tarifa electrica;633,9105
2022;santa cruz;regimen de energia electrica ley 24065;f.e.d.e.i.;194,2823422
2022;santa cruz;fondo compensador de desequilibrios;fondo compensador de desequilibrios;36
2022;santa cruz;regimen simplificado para pequeños contribuyentes ley 24977 art 59 inciso a;regimen simplificado para pequeños contribuyentes ley 24977 art 59 inciso a;182,859
2022;santa cruz;consenso fiscal ley 27429 compensacion;consenso fiscal ley 27429 compensacion;304,731014
2022;santa fe;coparticipacion federal de impuestos neta ley 26075;coparticipacion federal de impuestos neta ley 26075;476588,6192
2022;santa fe;financiamiento educativo ley 26075;financiamiento educativo ley 26075;43104,6865
2022;santa fe;transferencia de servicios ley 24049;transferencia de servicios ley 24049;135,4896
2022;santa fe;impuesto sobre los bienes personales;ley 24699;20058,0361
2022;santa fe;impuesto sobre los bienes personales;ley 23966 art 30;4326,2995
2022;santa fe;impuesto sobre los activos fondo educacion ley 23906;impuesto sobre los activos fondo educacion ley 23906;0,0056
2022;santa fe;i.v.a.ley 23966 art 5 punto 2;i.v.a.ley 23966 art 5 punto 2;6438,8923
2022;santa fe;impuesto a los combustibles liquidos ley 23966 y 24699;obras de infraestructura;1084,3834
2022;santa fe;impuesto a los combustibles liquidos ley 23966 y 24699;vialidad provincial;2116,1179
2022;santa fe;impuesto a los combustibles liquidos ley 23966 y 24699;f.e.d.e.i.;127,8720132
2022;santa fe;impuesto a los combustibles liquidos ley 23966 y 24699;ley 24464 fo.na.vi;3253,8402
2022;santa fe;regimen de energia electrica ley 24065;fondo para compensaciones de tarifa electrica;144,767
2022;santa fe;regimen de energia electrica ley 24065;f.e.d.e.i.;122,4150344
2022;santa fe;fondo compensador de desequilibrios;fondo compensador de desequilibrios;6
2022;santa fe;regimen simplificado para pequeños contribuyentes ley 24977 art 59 inciso a;regimen simplificado para pequeños contribuyentes ley 24977 art 59 inciso a;1053,3429
2022;santa fe;consenso fiscal ley 27429 compensacion;consenso fiscal ley 27429 compensacion;5694,522065
2022;sgo. del estero;coparticipacion federal de impuestos neta ley 26075;coparticipacion federal de impuestos neta ley 26075;213722,0347
2022;sgo. del estero;financiamiento educativo ley 26075;financiamiento educativo ley 26075;21912,0942
2022;sgo. del estero;transferencia de servicios ley 24049;transferencia de servicios ley 24049;31,5996
2022;sgo. del estero;impuesto sobre los bienes personales;ley 24699;9096,341
2022;sgo. del estero;impuesto sobre los activos fondo educacion ley 23906;impuesto sobre los activos fondo educacion ley 23906;0,0028
2022;sgo. del estero;impuesto a los combustibles liquidos ley 23966 y 24699;obras de infraestructura;478,1671
2022;sgo. del estero;impuesto a los combustibles liquidos ley 23966 y 24699;vialidad provincial;868,0588
2022;sgo. del estero;impuesto a los combustibles liquidos ley 23966 y 24699;f.e.d.e.i.;186,071838
2022;sgo. del estero;impuesto a los combustibles liquidos ley 23966 y 24699;ley 24464 fo.na.vi;2429,3235
2022;sgo. del estero;regimen de energia electrica ley 24065;fondo para compensaciones de tarifa electrica;180,5526
2022;sgo. del estero;regimen de energia electrica ley 24065;f.e.d.e.i.;163,2179275
2022;sgo. del estero;fondo compensador de desequilibrios;fondo compensador de desequilibrios;26,4
2022;sgo. del estero;regimen simplificado para pequeños contribuyentes ley 24977 art 59 inciso a;regimen simplificado para pequeños contribuyentes ley 24977 art 59 inciso a;477,6951
2022;sgo. del estero;consenso fiscal ley 27429 compensacion;consenso fiscal ley 27429 compensacion;6178,727966
2022;tucuman;coparticipacion federal de impuestos neta ley 26075;coparticipacion federal de impuestos neta ley 26075;245172,5749
2022;tucuman;financiamiento educativo ley 26075;financiamiento educativo ley 26075;26163,6946
2022;tucuman;transferencia de servicios ley 24049;transferencia de servicios ley 24049;55,8
2022;tucuman;impuesto sobre los bienes personales;ley 24699;10474,5746
2022;tucuman;impuesto sobre los activos fondo educacion ley 23906;impuesto sobre los activos fondo educacion ley 23906;0,0025
2022;tucuman;impuesto a los combustibles liquidos ley 23966 y 24699;obras de infraestructura;550,6157
2022;tucuman;impuesto a los combustibles liquidos ley 23966 y 24699;vialidad provincial;843,3117
2022;tucuman;impuesto a los combustibles liquidos ley 23966 y 24699;f.e.d.e.i.;131,3173384
2022;tucuman;impuesto a los combustibles liquidos ley 23966 y 24699;ley 24464 fo.na.vi;2372,8276
2022;tucuman;regimen de energia electrica ley 24065;fondo para compensaciones de tarifa electrica;118,5459
2022;tucuman;regimen de energia electrica ley 24065;f.e.d.e.i.;125,7133293
2022;tucuman;fondo compensador de desequilibrios;fondo compensador de desequilibrios;26,4
2022;tucuman;regimen simplificado para pequeños contribuyentes ley 24977 art 59 inciso a;regimen simplificado para pequeños contribuyentes ley 24977 art 59 inciso a;550,072
2022;tucuman;consenso fiscal ley 27429 compensacion;consenso fiscal ley 27429 compensacion;7524,454836
2022;tierra del fuego;coparticipacion federal de impuestos neta ley 26075;coparticipacion federal de impuestos neta ley 26075;68055,5194
2022;tierra del fuego;financiamiento educativo ley 26075;financiamiento educativo ley 26075;2289,3233
2022;tierra del fuego;transferencia de servicios ley 24049;transferencia de servicios ley 24049;12
2022;tierra del fuego;impuesto sobre los bienes personales;ley 24699;2715,4252
2022;tierra del fuego;impuesto sobre los bienes personales;ley 23966 art 30;27,9131
2022;tierra del fuego;impuesto sobre los activos fondo educacion ley 23906;impuesto sobre los activos fondo educacion ley 23906;0,0007
2022;tierra del fuego;i.v.a.ley 23966 art 5 punto 2;i.v.a.ley 23966 art 5 punto 2;41,528
2022;tierra del fuego;impuesto a los combustibles liquidos ley 23966 y 24699;obras de infraestructura;142,7449
2022;tierra del fuego;impuesto a los combustibles liquidos ley 23966 y 24699;vialidad provincial;379,7586
2022;tierra del fuego;impuesto a los combustibles liquidos ley 23966 y 24699;f.e.d.e.i.;149,242839
2022;tierra del fuego;impuesto a los combustibles liquidos ley 23966 y 24699;ley 24464 fo.na.vi;1497,1412
2022;tierra del fuego;regimen de energia electrica ley 24065;fondo para compensaciones de tarifa electrica;142,4585
2022;tierra del fuego;regimen de energia electrica ley 24065;f.e.d.e.i.;142,8738533
2022;tierra del fuego;fondo compensador de desequilibrios;fondo compensador de desequilibrios;36
2022;tierra del fuego;regimen simplificado para pequeños contribuyentes ley 24977 art 59 inciso a;regimen simplificado para pequeños contribuyentes ley 24977 art 59 inciso a;142,6038
2022;tierra del fuego;consenso fiscal ley 27429 compensacion;consenso fiscal ley 27429 compensacion;150,691715
2022;c.a.b.a;coparticipacion federal de impuestos neta ley 26075;coparticipacion federal de impuestos neta ley 26075;106439,2455
2022;c.a.b.a;financiamiento educativo ley 26075;financiamiento educativo ley 26075;34274,4399
2022;c.a.b.a;impuesto sobre los activos fondo educacion ley 23906;impuesto sobre los activos fondo educacion ley 23906;0,0024
2022;c.a.b.a;impuesto a los combustibles liquidos ley 23966 y 24699;ley 24464 fo.na.vi;734,4467
2022;tesoro nacional;coparticipacion federal de impuestos neta ley 26075;coparticipacion federal de impuestos neta ley 26075;4044513,357
2022;tesoro nacional;impuesto sobre los bienes personales;ley 24699;161529,0103
2022;tesoro nacional;impuesto sobre los activos fondo educacion ley 23906;impuesto sobre los activos fondo educacion ley 23906;0,0365
2022;tesoro nacional;impuesto a los combustibles liquidos ley 23966 y 24699;vialidad provincial;38988,542
2022;tesoro nacional;consenso fiscal ley 27429 compensacion;consenso fiscal ley 27429 compensacion;-204998,7423
2022;seguridad social;i.v.a.ley 23966 art 5 punto 2;i.v.a.ley 23966 art 5 punto 2;577128,717
2022;seguridad social;regimen simplificado para pequeños contribuyentes ley 24977 art 59 inciso a;regimen simplificado para pequeños contribuyentes ley 24977 art 59 inciso a;27265,0392
2022;fondo a.t.n.;coparticipacion federal de impuestos neta ley 26075;coparticipacion federal de impuestos neta ley 26075;100509,775
2022;fondo a.t.n.;impuesto sobre los bienes personales;ley 24699;3879,1787
2023;buenos aires;coparticipacion federal de impuestos neta ley 26075;coparticipacion federal de impuestos neta ley 26075;2247146,662
2023;buenos aires;financiamiento educativo ley 26075;financiamiento educativo ley 26075;524053,7004
2023;buenos aires;transferencia de servicios ley 24049;transferencia de servicios ley 24049;420,1008
2023;buenos aires;impuesto sobre los bienes personales;ley 24699;113182,8804
2023;buenos aires;impuesto sobre los bienes personales;ley 23966 art 30;26945,5357
2023;buenos aires;impuesto sobre los activos fondo educacion ley 23906;impuesto sobre los activos fondo educacion ley 23906;0,0297
2023;buenos aires;i.v.a.ley 23966 art 5 punto 2;i.v.a.ley 23966 art 5 punto 2;43236,9449
2023;buenos aires;impuesto a los combustibles liquidos ley 23966 y 24699;obras de infraestructura;2791,4416
2023;buenos aires;impuesto a los combustibles liquidos ley 23966 y 24699;vialidad provincial;5944,0662
2023;buenos aires;impuesto a los combustibles liquidos ley 23966 y 24699;f.e.d.e.i.;140,605984
2023;buenos aires;impuesto a los combustibles liquidos ley 23966 y 24699;ley 24464 fo.na.vi;9094,0631
2023;buenos aires;regimen de energia electrica ley 24065;fondo para compensaciones de tarifa electrica;454,8455
2023;buenos aires;regimen de energia electrica ley 24065;f.e.d.e.i.;347,7943097
2023;buenos aires;regimen simplificado para pequeños contribuyentes ley 24977 art 59 inciso a;regimen simplificado para pequeños contribuyentes ley 24977 art 59 inciso a;4396,5301
2023;buenos aires;consenso fiscal ley 27429 compensacion;consenso fiscal ley 27429 compensacion;259034,1498
2023;catamarca;coparticipacion federal de impuestos neta ley 26075;coparticipacion federal de impuestos neta ley 26075;321982,8012
2023;catamarca;financiamiento educativo ley 26075;financiamiento educativo ley 26075;25594,8082
2023;catamarca;transferencia de servicios ley 24049;transferencia de servicios ley 24049;21,3996
2023;catamarca;impuesto sobre los bienes personales;ley 24699;14195,9549
2023;catamarca;impuesto sobre los activos fondo educacion ley 23906;impuesto sobre los activos fondo educacion ley 23906;0,0022
2023;catamarca;impuesto a los combustibles liquidos ley 23966 y 24699;obras de infraestructura;353,8845
2023;catamarca;impuesto a los combustibles liquidos ley 23966 y 24699;vialidad provincial;552,7969
2023;catamarca;impuesto a los combustibles liquidos ley 23966 y 24699;f.e.d.e.i.;211,9136666
2023;catamarca;impuesto a los combustibles liquidos ley 23966 y 24699;ley 24464 fo.na.vi;1317,0711
2023;catamarca;regimen de energia electrica ley 24065;fondo para compensaciones de tarifa electrica;614,2781
2023;catamarca;regimen de energia electrica ley 24065;f.e.d.e.i.;524,1766053
2023;catamarca;fondo compensador de desequilibrios;fondo compensador de desequilibrios;26,4
2023;catamarca;regimen simplificado para pequeños contribuyentes ley 24977 art 59 inciso a;regimen simplificado para pequeños contribuyentes ley 24977 art 59 inciso a;551,4427
2023;catamarca;consenso fiscal ley 27429 compensacion;consenso fiscal ley 27429 compensacion;1835,923114
2023;cordoba;coparticipacion federal de impuestos neta ley 26075;coparticipacion federal de impuestos neta ley 26075;1003576,153
2023;cordoba;financiamiento educativo ley 26075;financiamiento educativo ley 26075;116936,2806
2023;cordoba;transferencia de servicios ley 24049;transferencia de servicios ley 24049;125,3004
2023;cordoba;impuesto sobre los bienes personales;ley 24699;45764,5814
2023;cordoba;impuesto sobre los bienes personales;ley 23966 art 30;9202,016
2023;cordoba;impuesto sobre los activos fondo educacion ley 23906;impuesto sobre los activos fondo educacion ley 23906;0,0082
2023;cordoba;i.v.a.ley 23966 art 5 punto 2;i.v.a.ley 23966 art 5 punto 2;14765,6021
2023;cordoba;impuesto a los combustibles liquidos ley 23966 y 24699;obras de infraestructura;1140,8342
2023;cordoba;impuesto a los combustibles liquidos ley 23966 y 24699;vialidad provincial;2915,6019
2023;cordoba;impuesto a los combustibles liquidos ley 23966 y 24699;f.e.d.e.i.;162,8928257
2023;cordoba;impuesto a los combustibles liquidos ley 23966 y 24699;ley 24464 fo.na.vi;3543,5487
2023;cordoba;regimen de energia electrica ley 24065;fondo para compensaciones de tarifa electrica;451,9358
2023;cordoba;regimen de energia electrica ley 24065;f.e.d.e.i.;375,5406217
2023;cordoba;fondo compensador de desequilibrios;fondo compensador de desequilibrios;6
2023;cordoba;regimen simplificado para pequeños contribuyentes ley 24977 art 59 inciso a;regimen simplificado para pequeños contribuyentes ley 24977 art 59 inciso a;1777,7126
2023;cordoba;consenso fiscal ley 27429 compensacion;consenso fiscal ley 27429 compensacion;10634,17057
2023;corrientes;coparticipacion federal de impuestos neta ley 26075;coparticipacion federal de impuestos neta ley 26075;416798,8528
2023;corrientes;financiamiento educativo ley 26075;financiamiento educativo ley 26075;52309,3897
2023;corrientes;transferencia de servicios ley 24049;transferencia de servicios ley 24049;38,6004
2023;corrientes;impuesto sobre los bienes personales;ley 24699;19159,5754
2023;corrientes;impuesto sobre los bienes personales;ley 23966 art 30;2942,3786
2023;corrientes;impuesto sobre los activos fondo educacion ley 23906;impuesto sobre los activos fondo educacion ley 23906;0,0037
2023;corrientes;i.v.a.ley 23966 art 5 punto 2;i.v.a.ley 23966 art 5 punto 2;4721,3554
2023;corrientes;impuesto a los combustibles liquidos ley 23966 y 24699;obras de infraestructura;477,6156
2023;corrientes;impuesto a los combustibles liquidos ley 23966 y 24699;vialidad provincial;846,6511
2023;corrientes;impuesto a los combustibles liquidos ley 23966 y 24699;f.e.d.e.i.;178,0064256
2023;corrientes;impuesto a los combustibles liquidos ley 23966 y 24699;ley 24464 fo.na.vi;3104,5249
2023;corrientes;regimen de energia electrica ley 24065;fondo para compensaciones de tarifa electrica;634,2392
2023;corrientes;regimen de energia electrica ley 24065;f.e.d.e.i.;440,3057404
2023;corrientes;fondo compensador de desequilibrios;fondo compensador de desequilibrios;18
2023;corrientes;regimen simplificado para pequeños contribuyentes ley 24977 art 59 inciso a;regimen simplificado para pequeños contribuyentes ley 24977 art 59 inciso a;744,2475
2023;corrientes;consenso fiscal ley 27429 compensacion;consenso fiscal ley 27429 compensacion;13248,22557
2023;chaco;coparticipacion federal de impuestos neta ley 26075;coparticipacion federal de impuestos neta ley 26075;570180,7158
2023;chaco;financiamiento educativo ley 26075;financiamiento educativo ley 26075;59347,9617
2023;chaco;transferencia de servicios ley 24049;transferencia de servicios ley 24049;33,6
2023;chaco;impuesto sobre los bienes personales;ley 24699;25711,5545
2023;chaco;impuesto sobre los bienes personales;ley 23966 art 30;2313,2091
2023;chaco;impuesto sobre los activos fondo educacion ley 23906;impuesto sobre los activos fondo educacion ley 23906;0,0048
2023;chaco;i.v.a.ley 23966 art 5 punto 2;i.v.a.ley 23966 art 5 punto 2;3711,7872
2023;chaco;impuesto a los combustibles liquidos ley 23966 y 24699;obras de infraestructura;640,95
2023;chaco;impuesto a los combustibles liquidos ley 23966 y 24699;vialidad provincial;930,2714
2023;chaco;impuesto a los combustibles liquidos ley 23966 y 24699;f.e.d.e.i.;189,0582242
2023;chaco;impuesto a los combustibles liquidos ley 23966 y 24699;ley 24464 fo.na.vi;2885,0133
2023;chaco;regimen de energia electrica ley 24065;fondo para compensaciones de tarifa electrica;664,4442
2023;chaco;regimen de energia electrica ley 24065;f.e.d.e.i.;467,6427894
2023;chaco;fondo compensador de desequilibrios;fondo compensador de desequilibrios;6
2023;chaco;regimen simplificado para pequeños contribuyentes ley 24977 art 59 inciso a;regimen simplificado para pequeños contribuyentes ley 24977 art 59 inciso a;998,7645
2023;chaco;consenso fiscal ley 27429 compensacion;consenso fiscal ley 27429 compensacion;16158,46045
2023;chubut;coparticipacion federal de impuestos neta ley 26075;coparticipacion federal de impuestos neta ley 26075;174618,5493
2023;chubut;financiamiento educativo ley 26075;financiamiento educativo ley 26075;24954,9382
2023;chubut;transferencia de servicios ley 24049;transferencia de servicios ley 24049;24,2004
2023;chubut;impuesto sobre los bienes personales;ley 24699;8151,0896
2023;chubut;impuesto sobre los bienes personales;ley 23966 art 30;904,8839
2023;chubut;impuesto sobre los activos fondo educacion ley 23906;impuesto sobre los activos fondo educacion ley 23906;0,0022
2023;chubut;i.v.a.ley 23966 art 5 punto 2;i.v.a.ley 23966 art 5 punto 2;1451,9816
2023;chubut;impuesto a los combustibles liquidos ley 23966 y 24699;obras de infraestructura;203,1973
2023;chubut;impuesto a los combustibles liquidos ley 23966 y 24699;vialidad provincial;757,6572
2023;chubut;impuesto a los combustibles liquidos ley 23966 y 24699;f.e.d.e.i.;198,2243272
2023;chubut;impuesto a los combustibles liquidos ley 23966 y 24699;ley 24464 fo.na.vi;2006,9657
2023;chubut;regimen de energia electrica ley 24065;fondo para compensaciones de tarifa electrica;1052,5159
2023;chubut;regimen de energia electrica ley 24065;f.e.d.e.i.;490,3154977
2023;chubut;fondo compensador de desequilibrios;fondo compensador de desequilibrios;36
2023;chubut;regimen simplificado para pequeños contribuyentes ley 24977 art 59 inciso a;regimen simplificado para pequeños contribuyentes ley 24977 art 59 inciso a;316,6335
2023;chubut;consenso fiscal ley 27429 compensacion;consenso fiscal ley 27429 compensacion;3070,310311
2023;entre rios;coparticipacion federal de impuestos neta ley 26075;coparticipacion federal de impuestos neta ley 26075;564970,6913
2023;entre rios;financiamiento educativo ley 26075;financiamiento educativo ley 26075;51189,6168
2023;entre rios;transferencia de servicios ley 24049;transferencia de servicios ley 24049;67,4988
2023;entre rios;impuesto sobre los bienes personales;ley 24699;25165,5562
2023;entre rios;impuesto sobre los bienes personales;ley 23966 art 30;3993,4723
2023;entre rios;impuesto sobre los activos fondo educacion ley 23906;impuesto sobre los activos fondo educacion ley 23906;0,0038
2023;entre rios;i.v.a.ley 23966 art 5 punto 2;i.v.a.ley 23966 art 5 punto 2;6407,9465
2023;entre rios;impuesto a los combustibles liquidos ley 23966 y 24699;obras de infraestructura;627,3289
2023;entre rios;impuesto a los combustibles liquidos ley 23966 y 24699;vialidad provincial;1264,806
2023;entre rios;impuesto a los combustibles liquidos ley 23966 y 24699;f.e.d.e.i.;162,7030929
2023;entre rios;impuesto a los combustibles liquidos ley 23966 y 24699;ley 24464 fo.na.vi;2445,9894
2023;entre rios;regimen de energia electrica ley 24065;fondo para compensaciones de tarifa electrica;634,2246
2023;entre rios;regimen de energia electrica ley 24065;f.e.d.e.i.;402,4523584
2023;entre rios;fondo compensador de desequilibrios;fondo compensador de desequilibrios;21,6
2023;entre rios;regimen simplificado para pequeños contribuyentes ley 24977 art 59 inciso a;regimen simplificado para pequeños contribuyentes ley 24977 art 59 inciso a;977,5397
2023;entre rios;consenso fiscal ley 27429 compensacion;consenso fiscal ley 27429 compensacion;7438,530648
2023;formosa;coparticipacion federal de impuestos neta ley 26075;coparticipacion federal de impuestos neta ley 26075;426272,5087
2023;formosa;financiamiento educativo ley 26075;financiamiento educativo ley 26075;33113,2833
2023;formosa;transferencia de servicios ley 24049;transferencia de servicios ley 24049;20,7012
2023;formosa;impuesto sobre los bienes personales;ley 24699;18762,4857
2023;formosa;impuesto sobre los bienes personales;ley 23966 art 30;1077,5379
2023;formosa;impuesto sobre los activos fondo educacion ley 23906;impuesto sobre los activos fondo educacion ley 23906;0,0026
2023;formosa;i.v.a.ley 23966 art 5 punto 2;i.v.a.ley 23966 art 5 punto 2;1729,0231
2023;formosa;impuesto a los combustibles liquidos ley 23966 y 24699;obras de infraestructura;467,7212
2023;formosa;impuesto a los combustibles liquidos ley 23966 y 24699;vialidad provincial;521,2423
2023;formosa;impuesto a los combustibles liquidos ley 23966 y 24699;f.e.d.e.i.;218,4665604
2023;formosa;impuesto a los combustibles liquidos ley 23966 y 24699;ley 24464 fo.na.vi;2508,7072
2023;formosa;regimen de energia electrica ley 24065;fondo para compensaciones de tarifa electrica;687,6435
2023;formosa;regimen de energia electrica ley 24065;f.e.d.e.i.;540,3854401
2023;formosa;fondo compensador de desequilibrios;fondo compensador de desequilibrios;26,4
2023;formosa;regimen simplificado para pequeños contribuyentes ley 24977 art 59 inciso a;regimen simplificado para pequeños contribuyentes ley 24977 art 59 inciso a;728,8297
2023;formosa;consenso fiscal ley 27429 compensacion;consenso fiscal ley 27429 compensacion;7956,511053
2023;jujuy;coparticipacion federal de impuestos neta ley 26075;coparticipacion federal de impuestos neta ley 26075;326201,9209
2023;jujuy;financiamiento educativo ley 26075;financiamiento educativo ley 26075;32313,4454
2023;jujuy;transferencia de servicios ley 24049;transferencia de servicios ley 24049;33,3
2023;jujuy;impuesto sobre los bienes personales;ley 24699;14642,6806
2023;jujuy;impuesto sobre los activos fondo educacion ley 23906;impuesto sobre los activos fondo educacion ley 23906;0,0024
2023;jujuy;impuesto a los combustibles liquidos ley 23966 y 24699;obras de infraestructura;365,0126
2023;jujuy;impuesto a los combustibles liquidos ley 23966 y 24699;vialidad provincial;561,0782
2023;jujuy;impuesto a los combustibles liquidos ley 23966 y 24699;f.e.d.e.i.;176,2947006
2023;jujuy;impuesto a los combustibles liquidos ley 23966 y 24699;ley 24464 fo.na.vi;1881,5305
2023;jujuy;regimen de energia electrica ley 24065;fondo para compensaciones de tarifa electrica;655,9596
2023;jujuy;regimen de energia electrica ley 24065;f.e.d.e.i.;436,0717228
2023;jujuy;fondo compensador de desequilibrios;fondo compensador de desequilibrios;26,4
2023;jujuy;regimen simplificado para pequeños contribuyentes ley 24977 art 59 inciso a;regimen simplificado para pequeños contribuyentes ley 24977 art 59 inciso a;568,7831
2023;jujuy;consenso fiscal ley 27429 compensacion;consenso fiscal ley 27429 compensacion;7702,369624
2023;la pampa;coparticipacion federal de impuestos neta ley 26075;coparticipacion federal de impuestos neta ley 26075;223862,4866
2023;la pampa;financiamiento educativo ley 26075;financiamiento educativo ley 26075;17756,3988
2023;la pampa;transferencia de servicios ley 24049;transferencia de servicios ley 24049;19,2
2023;la pampa;impuesto sobre los bienes personales;ley 24699;9866,5251
2023;la pampa;impuesto sobre los bienes personales;ley 23966 art 30;794,6079
2023;la pampa;impuesto sobre los activos fondo educacion ley 23906;impuesto sobre los activos fondo educacion ley 23906;0,002
2023;la pampa;i.v.a.ley 23966 art 5 punto 2;i.v.a.ley 23966 art 5 punto 2;1275,4367
2023;la pampa;impuesto a los combustibles liquidos ley 23966 y 24699;obras de infraestructura;245,9501
2023;la pampa;impuesto a los combustibles liquidos ley 23966 y 24699;vialidad provincial;744,8678
2023;la pampa;impuesto a los combustibles liquidos ley 23966 y 24699;f.e.d.e.i.;156,5005736
2023;la pampa;impuesto a los combustibles liquidos ley 23966 y 24699;ley 24464 fo.na.vi;1278,6256
2023;la pampa;regimen de energia electrica ley 24065;fondo para compensaciones de tarifa electrica;876,6298
2023;la pampa;regimen de energia electrica ley 24065;f.e.d.e.i.;387,1101882
2023;la pampa;fondo compensador de desequilibrios;fondo compensador de desequilibrios;30
2023;la pampa;regimen simplificado para pequeños contribuyentes ley 24977 art 59 inciso a;regimen simplificado para pequeños contribuyentes ley 24977 art 59 inciso a;383,2603
2023;la rioja;coparticipacion federal de impuestos neta ley 26075;coparticipacion federal de impuestos neta ley 26075;241134,9487
2023;la rioja;financiamiento educativo ley 26075;financiamiento educativo ley 26075;20155,9116
2023;la rioja;transferencia de servicios ley 24049;transferencia de servicios ley 24049;20,2992
2023;la rioja;impuesto sobre los bienes personales;ley 24699;10671,7842
2023;la rioja;impuesto sobre los activos fondo educacion ley 23906;impuesto sobre los activos fondo educacion ley 23906;0,0019
2023;la rioja;impuesto a los combustibles liquidos ley 23966 y 24699;obras de infraestructura;266,0301
2023;la rioja;impuesto a los combustibles liquidos ley 23966 y 24699;vialidad provincial;604,3877
2023;la rioja;impuesto a los combustibles liquidos ley 23966 y 24699;f.e.d.e.i.;206,1929121
2023;la rioja;impuesto a los combustibles liquidos ley 23966 y 24699;ley 24464 fo.na.vi;1254,3535
2023;la rioja;regimen de energia electrica ley 24065;fondo para compensaciones de tarifa electrica;680,1585
2023;la rioja;regimen de energia electrica ley 24065;f.e.d.e.i.;510,0260989
2023;la rioja;fondo compensador de desequilibrios;fondo compensador de desequilibrios;26,4
2023;la rioja;regimen simplificado para pequeños contribuyentes ley 24977 art 59 inciso a;regimen simplificado para pequeños contribuyentes ley 24977 art 59 inciso a;414,5432
2023;la rioja;consenso fiscal ley 27429 compensacion;consenso fiscal ley 27429 compensacion;2399,233115
2023;mendoza;coparticipacion federal de impuestos neta ley 26075;coparticipacion federal de impuestos neta ley 26075;451362,8253
2023;mendoza;financiamiento educativo ley 26075;financiamiento educativo ley 26075;74864,8143
2023;mendoza;transferencia de servicios ley 24049;transferencia de servicios ley 24049;61,6992
2023;mendoza;impuesto sobre los bienes personales;ley 24699;21492,477
2023;mendoza;impuesto sobre los activos fondo educacion ley 23906;impuesto sobre los activos fondo educacion ley 23906;0,004
2023;mendoza;impuesto a los combustibles liquidos ley 23966 y 24699;obras de infraestructura;535,7739
2023;mendoza;impuesto a los combustibles liquidos ley 23966 y 24699;vialidad provincial;1122,007
2023;mendoza;impuesto a los combustibles liquidos ley 23966 y 24699;f.e.d.e.i.;160,0456814
2023;mendoza;impuesto a los combustibles liquidos ley 23966 y 24699;ley 24464 fo.na.vi;2508,7072
2023;mendoza;regimen de energia electrica ley 24065;fondo para compensaciones de tarifa electrica;510,0067
2023;mendoza;regimen de energia electrica ley 24065;f.e.d.e.i.;395,8791488
2023;mendoza;fondo compensador de desequilibrios;fondo compensador de desequilibrios;26,4
2023;mendoza;regimen simplificado para pequeños contribuyentes ley 24977 art 59 inciso a;regimen simplificado para pequeños contribuyentes ley 24977 art 59 inciso a;834,8735
2023;mendoza;consenso fiscal ley 27429 compensacion;consenso fiscal ley 27429 compensacion;11290,06055
2023;misiones;coparticipacion federal de impuestos neta ley 26075;coparticipacion federal de impuestos neta ley 26075;356542,3031
2023;misiones;financiamiento educativo ley 26075;financiamiento educativo ley 26075;60307,767
2023;misiones;transferencia de servicios ley 24049;transferencia de servicios ley 24049;34,1004
2023;misiones;impuesto sobre los bienes personales;ley 24699;17025,2185
2023;misiones;impuesto sobre los bienes personales;ley 23966 art 30;1263,296
2023;misiones;impuesto sobre los activos fondo educacion ley 23906;impuesto sobre los activos fondo educacion ley 23906;0,003
2023;misiones;i.v.a.ley 23966 art 5 punto 2;i.v.a.ley 23966 art 5 punto 2;2027,0913
2023;misiones;impuesto a los combustibles liquidos ley 23966 y 24699;obras de infraestructura;424,4045
2023;misiones;impuesto a los combustibles liquidos ley 23966 y 24699;vialidad provincial;969,5839
2023;misiones;impuesto a los combustibles liquidos ley 23966 y 24699;f.e.d.e.i.;207,0173463
2023;misiones;impuesto a los combustibles liquidos ley 23966 y 24699;ley 24464 fo.na.vi;2947,7309
2023;misiones;regimen de energia electrica ley 24065;fondo para compensaciones de tarifa electrica;584,2377
2023;misiones;regimen de energia electrica ley 24065;f.e.d.e.i.;512,0653688
2023;misiones;fondo compensador de desequilibrios;fondo compensador de desequilibrios;26,4
2023;misiones;regimen simplificado para pequeños contribuyentes ley 24977 art 59 inciso a;regimen simplificado para pequeños contribuyentes ley 24977 art 59 inciso a;661,3309
2023;misiones;consenso fiscal ley 27429 compensacion;consenso fiscal ley 27429 compensacion;14932,1831
2023;neuquen;coparticipacion federal de impuestos neta ley 26075;coparticipacion federal de impuestos neta ley 26075;191503,9696
2023;neuquen;financiamiento educativo ley 26075;financiamiento educativo ley 26075;27514,419
2023;neuquen;transferencia de servicios ley 24049;transferencia de servicios ley 24049;17,3988
2023;neuquen;impuesto sobre los bienes personales;ley 24699;8945,2689
2023;neuquen;impuesto sobre los bienes personales;ley 23966 art 30;568,1396
2023;neuquen;impuesto sobre los activos fondo educacion ley 23906;impuesto sobre los activos fondo educacion ley 23906;0,0027
2023;neuquen;i.v.a.ley 23966 art 5 punto 2;i.v.a.ley 23966 art 5 punto 2;911,6396
2023;neuquen;impuesto a los combustibles liquidos ley 23966 y 24699;obras de infraestructura;222,986
2023;neuquen;impuesto a los combustibles liquidos ley 23966 y 24699;vialidad provincial;814,6172
2023;neuquen;impuesto a los combustibles liquidos ley 23966 y 24699;f.e.d.e.i.;183,8354556
2023;neuquen;impuesto a los combustibles liquidos ley 23966 y 24699;ley 24464 fo.na.vi;2696,8602
2023;neuquen;regimen de energia electrica ley 24065;fondo para compensaciones de tarifa electrica;782,0256
2023;neuquen;regimen de energia electrica ley 24065;f.e.d.e.i.;454,7240702
2023;neuquen;fondo compensador de desequilibrios;fondo compensador de desequilibrios;30
2023;neuquen;regimen simplificado para pequeños contribuyentes ley 24977 art 59 inciso a;regimen simplificado para pequeños contribuyentes ley 24977 art 59 inciso a;347,4692
2023;neuquen;consenso fiscal ley 27429 compensacion;consenso fiscal ley 27429 compensacion;4133,763783
2023;rio negro;coparticipacion federal de impuestos neta ley 26075;coparticipacion federal de impuestos neta ley 26075;288336,3579
2023;rio negro;financiamiento educativo ley 26075;financiamiento educativo ley 26075;30073,8999
2023;rio negro;transferencia de servicios ley 24049;transferencia de servicios ley 24049;14,6004
2023;rio negro;impuesto sobre los bienes personales;ley 24699;13004,6858
2023;rio negro;impuesto sobre los activos fondo educacion ley 23906;impuesto sobre los activos fondo educacion ley 23906;0,0031
2023;rio negro;impuesto a los combustibles liquidos ley 23966 y 24699;obras de infraestructura;324,1886
2023;rio negro;impuesto a los combustibles liquidos ley 23966 y 24699;vialidad provincial;675,9777
2023;rio negro;impuesto a los combustibles liquidos ley 23966 y 24699;f.e.d.e.i.;170,816045
2023;rio negro;impuesto a los combustibles liquidos ley 23966 y 24699;ley 24464 fo.na.vi;2822,2955
2023;rio negro;regimen de energia electrica ley 24065;fondo para compensaciones de tarifa electrica;537,426
2023;rio negro;regimen de energia electrica ley 24065;f.e.d.e.i.;422,5200575
2023;rio negro;fondo compensador de desequilibrios;fondo compensador de desequilibrios;30
2023;rio negro;regimen simplificado para pequeños contribuyentes ley 24977 art 59 inciso a;regimen simplificado para pequeños contribuyentes ley 24977 art 59 inciso a;505,169
2023;rio negro;consenso fiscal ley 27429 compensacion;consenso fiscal ley 27429 compensacion;3858,640101
2023;salta;coparticipacion federal de impuestos neta ley 26075;coparticipacion federal de impuestos neta ley 26075;423384,1511
2023;salta;financiamiento educativo ley 26075;financiamiento educativo ley 26075;60307,767
2023;salta;transferencia de servicios ley 24049;transferencia de servicios ley 24049;39,8004
2023;salta;impuesto sobre los bienes personales;ley 24699;19755,2099
2023;salta;impuesto sobre los activos fondo educacion ley 23906;impuesto sobre los activos fondo educacion ley 23906;0,0041
2023;salta;impuesto a los combustibles liquidos ley 23966 y 24699;obras de infraestructura;492,47
2023;salta;impuesto a los combustibles liquidos ley 23966 y 24699;vialidad provincial;797,0722
2023;salta;impuesto a los combustibles liquidos ley 23966 y 24699;f.e.d.e.i.;174,7520798
2023;salta;impuesto a los combustibles liquidos ley 23966 y 24699;ley 24464 fo.na.vi;2508,7072
2023;salta;regimen de energia electrica ley 24065;fondo para compensaciones de tarifa electrica;585,7152
2023;salta;regimen de energia electrica ley 24065;f.e.d.e.i.;432,2559911
2023;salta;fondo compensador de desequilibrios;fondo compensador de desequilibrios;30
2023;salta;regimen simplificado para pequeños contribuyentes ley 24977 art 59 inciso a;regimen simplificado para pequeños contribuyentes ley 24977 art 59 inciso a;767,3948
2023;salta;consenso fiscal ley 27429 compensacion;consenso fiscal ley 27429 compensacion;21044,08438
2023;san juan;coparticipacion federal de impuestos neta ley 26075;coparticipacion federal de impuestos neta ley 26075;386580,633
2023;san juan;financiamiento educativo ley 26075;financiamiento educativo ley 26075;39991,8881
2023;san juan;transferencia de servicios ley 24049;transferencia de servicios ley 24049;30,0996
2023;san juan;impuesto sobre los bienes personales;ley 24699;17422,3082
2023;san juan;impuesto sobre los activos fondo educacion ley 23906;impuesto sobre los activos fondo educacion ley 23906;0,0023
2023;san juan;impuesto a los combustibles liquidos ley 23966 y 24699;obras de infraestructura;434,3116
2023;san juan;impuesto a los combustibles liquidos ley 23966 y 24699;vialidad provincial;738,7966
2023;san juan;impuesto a los combustibles liquidos ley 23966 y 24699;f.e.d.e.i.;161,8944741
2023;san juan;impuesto a los combustibles liquidos ley 23966 y 24699;ley 24464 fo.na.vi;2289,1951
2023;san juan;regimen de energia electrica ley 24065;fondo para compensaciones de tarifa electrica;507,2501
2023;san juan;regimen de energia electrica ley 24065;f.e.d.e.i.;400,4522089
2023;san juan;fondo compensador de desequilibrios;fondo compensador de desequilibrios;26,4
2023;san juan;regimen simplificado para pequeños contribuyentes ley 24977 art 59 inciso a;regimen simplificado para pequeños contribuyentes ley 24977 art 59 inciso a;676,7689
2023;san juan;consenso fiscal ley 27429 compensacion;consenso fiscal ley 27429 compensacion;4851,523399
2023;san luis;coparticipacion federal de impuestos neta ley 26075;coparticipacion federal de impuestos neta ley 26075;264832,3046
2023;san luis;financiamiento educativo ley 26075;financiamiento educativo ley 26075;23195,2953
2023;san luis;transferencia de servicios ley 24049;transferencia de servicios ley 24049;18,9012
2023;san luis;impuesto sobre los bienes personales;ley 24699;11763,7805
2023;san luis;impuesto sobre los activos fondo educacion ley 23906;impuesto sobre los activos fondo educacion ley 23906;0,0019
2023;san luis;impuesto a los combustibles liquidos ley 23966 y 24699;obras de infraestructura;293,2461
2023;san luis;impuesto a los combustibles liquidos ley 23966 y 24699;vialidad provincial;515,2648
2023;san luis;impuesto a los combustibles liquidos ley 23966 y 24699;f.e.d.e.i.;158,5955206
2023;san luis;impuesto a los combustibles liquidos ley 23966 y 24699;ley 24464 fo.na.vi;2289,1951
2023;san luis;regimen de energia electrica ley 24065;fondo para compensaciones de tarifa electrica;582,7203
2023;san luis;regimen de energia electrica ley 24065;f.e.d.e.i.;392,2921203
2023;san luis;fondo compensador de desequilibrios;fondo compensador de desequilibrios;26,4
2023;san luis;regimen simplificado para pequeños contribuyentes ley 24977 art 59 inciso a;regimen simplificado para pequeños contribuyentes ley 24977 art 59 inciso a;456,9527
2023;santa cruz;coparticipacion federal de impuestos neta ley 26075;coparticipacion federal de impuestos neta ley 26075;186936,0507
2023;santa cruz;financiamiento educativo ley 26075;financiamiento educativo ley 26075;12637,4366
2023;santa cruz;transferencia de servicios ley 24049;transferencia de servicios ley 24049;8,4996
2023;santa cruz;impuesto sobre los bienes personales;ley 24699;8151,0896
2023;santa cruz;impuesto sobre los bienes personales;ley 23966 art 30;736,6566
2023;santa cruz;impuesto sobre los activos fondo educacion ley 23906;impuesto sobre los activos fondo educacion ley 23906;0,0019
2023;santa cruz;i.v.a.ley 23966 art 5 punto 2;i.v.a.ley 23966 art 5 punto 2;1182,0432
2023;santa cruz;impuesto a los combustibles liquidos ley 23966 y 24699;obras de infraestructura;203,1973
2023;santa cruz;impuesto a los combustibles liquidos ley 23966 y 24699;vialidad provincial;564,4048
2023;santa cruz;impuesto a los combustibles liquidos ley 23966 y 24699;f.e.d.e.i.;223,1528182
2023;santa cruz;impuesto a los combustibles liquidos ley 23966 y 24699;ley 24464 fo.na.vi;2006,9657
2023;santa cruz;regimen de energia electrica ley 24065;fondo para compensaciones de tarifa electrica;1879,329
2023;santa cruz;regimen de energia electrica ley 24065;f.e.d.e.i.;551,9770791
2023;santa cruz;fondo compensador de desequilibrios;fondo compensador de desequilibrios;36
2023;santa cruz;regimen simplificado para pequeños contribuyentes ley 24977 art 59 inciso a;regimen simplificado para pequeños contribuyentes ley 24977 art 59 inciso a;316,6335
2023;santa cruz;consenso fiscal ley 27429 compensacion;consenso fiscal ley 27429 compensacion;657,300131
2023;santa fe;coparticipacion federal de impuestos neta ley 26075;coparticipacion federal de impuestos neta ley 26075;1042679,818
2023;santa fe;financiamiento educativo ley 26075;financiamiento educativo ley 26075;107178,2604
2023;santa fe;transferencia de servicios ley 24049;transferencia de servicios ley 24049;135,4896
2023;santa fe;impuesto sobre los bienes personales;ley 24699;46954,54
2023;santa fe;impuesto sobre los bienes personales;ley 23966 art 30;10127,5819
2023;santa fe;impuesto sobre los activos fondo educacion ley 23906;impuesto sobre los activos fondo educacion ley 23906;0,0078
2023;santa fe;i.v.a.ley 23966 art 5 punto 2;i.v.a.ley 23966 art 5 punto 2;16255,9287
2023;santa fe;impuesto a los combustibles liquidos ley 23966 y 24699;obras de infraestructura;1200,4804
2023;santa fe;impuesto a los combustibles liquidos ley 23966 y 24699;vialidad provincial;2307,3127
2023;santa fe;impuesto a los combustibles liquidos ley 23966 y 24699;f.e.d.e.i.;140,605984
2023;santa fe;impuesto a los combustibles liquidos ley 23966 y 24699;ley 24464 fo.na.vi;3612,1174
2023;santa fe;regimen de energia electrica ley 24065;fondo para compensaciones de tarifa electrica;412,3807
2023;santa fe;regimen de energia electrica ley 24065;f.e.d.e.i.;347,7943097
2023;santa fe;fondo compensador de desequilibrios;fondo compensador de desequilibrios;6
2023;santa fe;regimen simplificado para pequeños contribuyentes ley 24977 art 59 inciso a;regimen simplificado para pequeños contribuyentes ley 24977 art 59 inciso a;1823,9409
2023;santa fe;consenso fiscal ley 27429 compensacion;consenso fiscal ley 27429 compensacion;12100,70254
2023;sgo. del estero;coparticipacion federal de impuestos neta ley 26075;coparticipacion federal de impuestos neta ley 26075;468577,1223
2023;sgo. del estero;financiamiento educativo ley 26075;financiamiento educativo ley 26075;52789,2921
2023;sgo. del estero;transferencia de servicios ley 24049;transferencia de servicios ley 24049;31,5996
2023;sgo. del estero;impuesto sobre los bienes personales;ley 24699;21293,9323
2023;sgo. del estero;impuesto sobre los activos fondo educacion ley 23906;impuesto sobre los activos fondo educacion ley 23906;0,0039
2023;sgo. del estero;impuesto a los combustibles liquidos ley 23966 y 24699;obras de infraestructura;530,8267
2023;sgo. del estero;impuesto a los combustibles liquidos ley 23966 y 24699;vialidad provincial;595,8915
2023;sgo. del estero;impuesto a los combustibles liquidos ley 23966 y 24699;f.e.d.e.i.;171,8941791
2023;sgo. del estero;impuesto a los combustibles liquidos ley 23966 y 24699;ley 24464 fo.na.vi;2696,8602
2023;sgo. del estero;regimen de energia electrica ley 24065;fondo para compensaciones de tarifa electrica;516,9378
2023;sgo. del estero;regimen de energia electrica ley 24065;f.e.d.e.i.;463,7197278
2023;sgo. del estero;fondo compensador de desequilibrios;fondo compensador de desequilibrios;26,4
2023;sgo. del estero;regimen simplificado para pequeños contribuyentes ley 24977 art 59 inciso a;regimen simplificado para pequeños contribuyentes ley 24977 art 59 inciso a;827,1644
2023;sgo. del estero;consenso fiscal ley 27429 compensacion;consenso fiscal ley 27429 compensacion;13072,72561
2023;tucuman;coparticipacion federal de impuestos neta ley 26075;coparticipacion federal de impuestos neta ley 26075;535414,4996
2023;tucuman;financiamiento educativo ley 26075;financiamiento educativo ley 26075;64946,8263
2023;tucuman;transferencia de servicios ley 24049;transferencia de servicios ley 24049;55,8
2023;tucuman;impuesto sobre los bienes personales;ley 24699;24520,2858
2023;tucuman;impuesto sobre los activos fondo educacion ley 23906;impuesto sobre los activos fondo educacion ley 23906;0,0035
2023;tucuman;impuesto a los combustibles liquidos ley 23966 y 24699;obras de infraestructura;611,2538
2023;tucuman;impuesto a los combustibles liquidos ley 23966 y 24699;vialidad provincial;874,1476
2023;tucuman;impuesto a los combustibles liquidos ley 23966 y 24699;f.e.d.e.i.;144,3944074
2023;tucuman;impuesto a los combustibles liquidos ley 23966 y 24699;ley 24464 fo.na.vi;2634,1423
2023;tucuman;regimen de energia electrica ley 24065;fondo para compensaciones de tarifa electrica;337,3973
2023;tucuman;regimen de energia electrica ley 24065;f.e.d.e.i.;357,1651208
2023;tucuman;fondo compensador de desequilibrios;fondo compensador de desequilibrios;26,4
2023;tucuman;regimen simplificado para pequeños contribuyentes ley 24977 art 59 inciso a;regimen simplificado para pequeños contribuyentes ley 24977 art 59 inciso a;952,4905
2023;tucuman;consenso fiscal ley 27429 compensacion;consenso fiscal ley 27429 compensacion;15917,46814
2023;tierra del fuego;coparticipacion federal de impuestos neta ley 26075;coparticipacion federal de impuestos neta ley 26075;149722,3911
2023;tierra del fuego;financiamiento educativo ley 26075;financiamiento educativo ley 26075;5918,7996
2023;tierra del fuego;transferencia de servicios ley 24049;transferencia de servicios ley 24049;12
2023;tierra del fuego;impuesto sobre los bienes personales;ley 24699;6356,6308
2023;tierra del fuego;impuesto sobre los bienes personales;ley 23966 art 30;65,3429
2023;tierra del fuego;impuesto sobre los activos fondo educacion ley 23906;impuesto sobre los activos fondo educacion ley 23906;0,0009
2023;tierra del fuego;i.v.a.ley 23966 art 5 punto 2;i.v.a.ley 23966 art 5 punto 2;104,8496
2023;tierra del fuego;impuesto a los combustibles liquidos ley 23966 y 24699;obras de infraestructura;158,465
2023;tierra del fuego;impuesto a los combustibles liquidos ley 23966 y 24699;vialidad provincial;408,7991
2023;tierra del fuego;impuesto a los combustibles liquidos ley 23966 y 24699;f.e.d.e.i.;164,1049961
2023;tierra del fuego;impuesto a los combustibles liquidos ley 23966 y 24699;ley 24464 fo.na.vi;1662,0186
2023;tierra del fuego;regimen de energia electrica ley 24065;fondo para compensaciones de tarifa electrica;403,9593
2023;tierra del fuego;regimen de energia electrica ley 24065;f.e.d.e.i.;405,9200199
2023;tierra del fuego;fondo compensador de desequilibrios;fondo compensador de desequilibrios;36
2023;tierra del fuego;regimen simplificado para pequeños contribuyentes ley 24977 art 59 inciso a;regimen simplificado para pequeños contribuyentes ley 24977 art 59 inciso a;246,9292
2023;tierra del fuego;consenso fiscal ley 27429 compensacion;consenso fiscal ley 27429 compensacion;329,154286
2023;c.a.b.a;coparticipacion federal de impuestos neta ley 26075;coparticipacion federal de impuestos neta ley 26075;229083,059
2023;c.a.b.a;financiamiento educativo ley 26075;financiamiento educativo ley 26075;82223,3217
2023;c.a.b.a;impuesto sobre los activos fondo educacion ley 23906;impuesto sobre los activos fondo educacion ley 23906;0,0033
2023;c.a.b.a;impuesto a los combustibles liquidos ley 23966 y 24699;ley 24464 fo.na.vi;815,3297
2023;tesoro nacional;coparticipacion federal de impuestos neta ley 26075;coparticipacion federal de impuestos neta ley 26075;8947834,833
2023;tesoro nacional;impuesto sobre los bienes personales;ley 24699;378128,7229
2023;tesoro nacional;impuesto sobre los activos fondo educacion ley 23906;impuesto sobre los activos fondo educacion ley 23906;0,0505
2023;tesoro nacional;impuesto a los combustibles liquidos ley 23966 y 24699;vialidad provincial;43282,2717
2023;tesoro nacional;consenso fiscal ley 27429 compensacion;consenso fiscal ley 27429 compensacion;-431665,4903
2023;seguridad social;i.v.a.ley 23966 art 5 punto 2;i.v.a.ley 23966 art 5 punto 2;1457126,045
2023;seguridad social;regimen simplificado para pequeños contribuyentes ley 24977 art 59 inciso a;regimen simplificado para pequeños contribuyentes ley 24977 art 59 inciso a;47211,423
2023;fondo a.t.n.;coparticipacion federal de impuestos neta ley 26075;coparticipacion federal de impuestos neta ley 26075;222361,7006
2023;fondo a.t.n.;impuesto sobre los bienes personales;ley 24699;9080,9012
2024;buenos aires;coparticipacion federal de impuestos neta ley 26075;coparticipacion federal de impuestos neta ley 26075;6946613,942
2024;buenos aires;financiamiento educativo ley 26075;financiamiento educativo ley 26075;1265085,227
2024;buenos aires;transferencia de servicios ley 24049;transferencia de servicios ley 24049;420,1008
2024;buenos aires;impuesto sobre los bienes personales;ley 24699;262155,1771
2024;buenos aires;impuesto sobre los bienes personales;ley 23966 art 30;62411,4856
2024;buenos aires;impuesto sobre los activos fondo educacion ley 23906;impuesto sobre los activos fondo educacion ley 23906;0,0137
2024;buenos aires;i.v.a.ley 23966 art 5 punto 2;i.v.a.ley 23966 art 5 punto 2;127390,29
2024;buenos aires;impuesto a los combustibles liquidos ley 23966 y 24699;obras de infraestructura;14661,935
2024;buenos aires;impuesto a los combustibles liquidos ley 23966 y 24699;vialidad provincial;31511,6103
2024;buenos aires;impuesto a los combustibles liquidos ley 23966 y 24699;f.e.d.e.i.;655,4368564
2024;buenos aires;impuesto a los combustibles liquidos ley 23966 y 24699;ley 24464 fo.na.vi;47355,0087
2024;buenos aires;regimen de energia electrica ley 24065;fondo para compensaciones de tarifa electrica;1604,7394
2024;buenos aires;regimen de energia electrica ley 24065;f.e.d.e.i.;1180,199202
2024;buenos aires;regimen simplificado para pequeños contribuyentes ley 24977 art 59 inciso a;regimen simplificado para pequeños contribuyentes ley 24977 art 59 inciso a;14355,9279
2024;buenos aires;consenso fiscal ley 27429 compensacion;consenso fiscal ley 27429 compensacion;592901,6574
2024;catamarca;coparticipacion federal de impuestos neta ley 26075;coparticipacion federal de impuestos neta ley 26075;969837,2658
2024;catamarca;financiamiento educativo ley 26075;financiamiento educativo ley 26075;60114,5221
2024;catamarca;transferencia de servicios ley 24049;transferencia de servicios ley 24049;21,3996
2024;catamarca;impuesto sobre los bienes personales;ley 24699;32880,7946
2024;catamarca;impuesto sobre los activos fondo educacion ley 23906;impuesto sobre los activos fondo educacion ley 23906;0,001
2024;catamarca;impuesto a los combustibles liquidos ley 23966 y 24699;obras de infraestructura;1842,7631
2024;catamarca;impuesto a los combustibles liquidos ley 23966 y 24699;vialidad provincial;3161,3618
2024;catamarca;impuesto a los combustibles liquidos ley 23966 y 24699;f.e.d.e.i.;987,8386643
2024;catamarca;impuesto a los combustibles liquidos ley 23966 y 24699;ley 24464 fo.na.vi;6858,3117
2024;catamarca;regimen de energia electrica ley 24065;fondo para compensaciones de tarifa electrica;2307,3029
2024;catamarca;regimen de energia electrica ley 24065;f.e.d.e.i.;1778,731836
2024;catamarca;fondo compensador de desequilibrios;fondo compensador de desequilibrios;26,4
2024;catamarca;regimen simplificado para pequeños contribuyentes ley 24977 art 59 inciso a;regimen simplificado para pequeños contribuyentes ley 24977 art 59 inciso a;1800,6189
2024;catamarca;consenso fiscal ley 27429 compensacion;consenso fiscal ley 27429 compensacion;4427,602203
2024;cordoba;coparticipacion federal de impuestos neta ley 26075;coparticipacion federal de impuestos neta ley 26075;3044266,758
2024;cordoba;financiamiento educativo ley 26075;financiamiento educativo ley 26075;276067,327
2024;cordoba;transferencia de servicios ley 24049;transferencia de servicios ley 24049;125,3004
2024;cordoba;impuesto sobre los bienes personales;ley 24699;106000,3236
2024;cordoba;impuesto sobre los bienes personales;ley 23966 art 30;21313,7902
2024;cordoba;impuesto sobre los activos fondo educacion ley 23906;impuesto sobre los activos fondo educacion ley 23906;0,0038
2024;cordoba;i.v.a.ley 23966 art 5 punto 2;i.v.a.ley 23966 art 5 punto 2;43504,3307
2024;cordoba;impuesto a los combustibles liquidos ley 23966 y 24699;obras de infraestructura;5940,6022
2024;cordoba;impuesto a los combustibles liquidos ley 23966 y 24699;vialidad provincial;15780,6124
2024;cordoba;impuesto a los combustibles liquidos ley 23966 y 24699;f.e.d.e.i.;655,4368564
2024;cordoba;impuesto a los combustibles liquidos ley 23966 y 24699;ley 24464 fo.na.vi;18452,124
2024;cordoba;regimen de energia electrica ley 24065;fondo para compensaciones de tarifa electrica;1535,5872
2024;cordoba;regimen de energia electrica ley 24065;f.e.d.e.i.;1180,199202
2024;cordoba;fondo compensador de desequilibrios;fondo compensador de desequilibrios;6
2024;cordoba;regimen simplificado para pequeños contribuyentes ley 24977 art 59 inciso a;regimen simplificado para pequeños contribuyentes ley 24977 art 59 inciso a;5804,7393
2024;cordoba;consenso fiscal ley 27429 compensacion;consenso fiscal ley 27429 compensacion;25299,72347
2024;corrientes;coparticipacion federal de impuestos neta ley 26075;coparticipacion federal de impuestos neta ley 26075;1264485,216
2024;corrientes;financiamiento educativo ley 26075;financiamiento educativo ley 26075;125589,5747
2024;corrientes;transferencia de servicios ley 24049;transferencia de servicios ley 24049;38,6004
2024;corrientes;impuesto sobre los bienes personales;ley 24699;44377,5758
2024;corrientes;impuesto sobre los bienes personales;ley 23966 art 30;6815,1626
2024;corrientes;impuesto sobre los activos fondo educacion ley 23906;impuesto sobre los activos fondo educacion ley 23906;0,0017
2024;corrientes;i.v.a.ley 23966 art 5 punto 2;i.v.a.ley 23966 art 5 punto 2;13910,6693
2024;corrientes;impuesto a los combustibles liquidos ley 23966 y 24699;obras de infraestructura;2487,0608
2024;corrientes;impuesto a los combustibles liquidos ley 23966 y 24699;vialidad provincial;4134,7482
2024;corrientes;impuesto a los combustibles liquidos ley 23966 y 24699;f.e.d.e.i.;829,7795631
2024;corrientes;impuesto a los combustibles liquidos ley 23966 y 24699;ley 24464 fo.na.vi;16166,0203
2024;corrientes;regimen de energia electrica ley 24065;fondo para compensaciones de tarifa electrica;2148,1964
2024;corrientes;regimen de energia electrica ley 24065;f.e.d.e.i.;1494,125892
2024;corrientes;fondo compensador de desequilibrios;fondo compensador de desequilibrios;18
2024;corrientes;regimen simplificado para pequeños contribuyentes ley 24977 art 59 inciso a;regimen simplificado para pequeños contribuyentes ley 24977 art 59 inciso a;2430,1814
2024;corrientes;consenso fiscal ley 27429 compensacion;consenso fiscal ley 27429 compensacion;31172,51937
2024;chaco;coparticipacion federal de impuestos neta ley 26075;coparticipacion federal de impuestos neta ley 26075;1726829,148
2024;chaco;financiamiento educativo ley 26075;financiamiento educativo ley 26075;138608,0061
2024;chaco;transferencia de servicios ley 24049;transferencia de servicios ley 24049;33,6
2024;chaco;impuesto sobre los bienes personales;ley 24699;59553,3272
2024;chaco;impuesto sobre los bienes personales;ley 23966 art 30;5357,8751
2024;chaco;impuesto sobre los activos fondo educacion ley 23906;impuesto sobre los activos fondo educacion ley 23906;0,0022
2024;chaco;i.v.a.ley 23966 art 5 punto 2;i.v.a.ley 23966 art 5 punto 2;10936,1482
2024;chaco;impuesto a los combustibles liquidos ley 23966 y 24699;obras de infraestructura;3337,5825
2024;chaco;impuesto a los combustibles liquidos ley 23966 y 24699;vialidad provincial;4436,6317
2024;chaco;impuesto a los combustibles liquidos ley 23966 y 24699;f.e.d.e.i.;881,2976845
2024;chaco;impuesto a los combustibles liquidos ley 23966 y 24699;ley 24464 fo.na.vi;15022,9682
2024;chaco;regimen de energia electrica ley 24065;fondo para compensaciones de tarifa electrica;2252,4008
2024;chaco;regimen de energia electrica ley 24065;f.e.d.e.i.;1586,890962
2024;chaco;fondo compensador de desequilibrios;fondo compensador de desequilibrios;6
2024;chaco;regimen simplificado para pequeños contribuyentes ley 24977 art 59 inciso a;regimen simplificado para pequeños contribuyentes ley 24977 art 59 inciso a;3261,2513
2024;chaco;consenso fiscal ley 27429 compensacion;consenso fiscal ley 27429 compensacion;38042,05361
2024;chubut;coparticipacion federal de impuestos neta ley 26075;coparticipacion federal de impuestos neta ley 26075;533947,5365
2024;chubut;financiamiento educativo ley 26075;financiamiento educativo ley 26075;57434,2567
2024;chubut;transferencia de servicios ley 24049;transferencia de servicios ley 24049;24,2004
2024;chubut;impuesto sobre los bienes personales;ley 24699;18879,6249
2024;chubut;impuesto sobre los bienes personales;ley 23966 art 30;2095,9002
2024;chubut;impuesto sobre los activos fondo educacion ley 23906;impuesto sobre los activos fondo educacion ley 23906;0,001
2024;chubut;i.v.a.ley 23966 art 5 punto 2;i.v.a.ley 23966 art 5 punto 2;4278,0161
2024;chubut;impuesto a los combustibles liquidos ley 23966 y 24699;obras de infraestructura;1058,0979
2024;chubut;impuesto a los combustibles liquidos ley 23966 y 24699;vialidad provincial;3609,0018
2024;chubut;impuesto a los combustibles liquidos ley 23966 y 24699;f.e.d.e.i.;924,0256079
2024;chubut;impuesto a los combustibles liquidos ley 23966 y 24699;ley 24464 fo.na.vi;10450,7604
2024;chubut;regimen de energia electrica ley 24065;fondo para compensaciones de tarifa electrica;3033,4749
2024;chubut;regimen de energia electrica ley 24065;f.e.d.e.i.;1663,828139
2024;chubut;fondo compensador de desequilibrios;fondo compensador de desequilibrios;36
2024;chubut;regimen simplificado para pequeños contribuyentes ley 24977 art 59 inciso a;regimen simplificado para pequeños contribuyentes ley 24977 art 59 inciso a;1033,899
2024;chubut;consenso fiscal ley 27429 compensacion;consenso fiscal ley 27429 compensacion;7258,956779
2024;entre rios;coparticipacion federal de impuestos neta ley 26075;coparticipacion federal de impuestos neta ley 26075;1705211,685
2024;entre rios;financiamiento educativo ley 26075;financiamiento educativo ley 26075;120611,9391
2024;entre rios;transferencia de servicios ley 24049;transferencia de servicios ley 24049;67,4988
2024;entre rios;impuesto sobre los bienes personales;ley 24699;58288,6811
2024;entre rios;impuesto sobre los bienes personales;ley 23966 art 30;9249,7161
2024;entre rios;impuesto sobre los activos fondo educacion ley 23906;impuesto sobre los activos fondo educacion ley 23906;0,0018
2024;entre rios;i.v.a.ley 23966 art 5 punto 2;i.v.a.ley 23966 art 5 punto 2;18879,9218
2024;entre rios;impuesto a los combustibles liquidos ley 23966 y 24699;obras de infraestructura;3266,6548
2024;entre rios;impuesto a los combustibles liquidos ley 23966 y 24699;vialidad provincial;5944,8306
2024;entre rios;impuesto a los combustibles liquidos ley 23966 y 24699;f.e.d.e.i.;758,4428534
2024;entre rios;impuesto a los combustibles liquidos ley 23966 y 24699;ley 24464 fo.na.vi;12736,8644
2024;entre rios;regimen de energia electrica ley 24065;fondo para compensaciones de tarifa electrica;2148,4422
2024;entre rios;regimen de energia electrica ley 24065;f.e.d.e.i.;1365,67488
2024;entre rios;fondo compensador de desequilibrios;fondo compensador de desequilibrios;21,6
2024;entre rios;regimen simplificado para pequeños contribuyentes ley 24977 art 59 inciso a;regimen simplificado para pequeños contribuyentes ley 24977 art 59 inciso a;3191,9461
2024;entre rios;consenso fiscal ley 27429 compensacion;consenso fiscal ley 27429 compensacion;17637,06969
2024;formosa;coparticipacion federal de impuestos neta ley 26075;coparticipacion federal de impuestos neta ley 26075;1280091,201
2024;formosa;financiamiento educativo ley 26075;financiamiento educativo ley 26075;81173,7493
2024;formosa;transferencia de servicios ley 24049;transferencia de servicios ley 24049;20,7012
2024;formosa;impuesto sobre los bienes personales;ley 24699;43457,8334
2024;formosa;impuesto sobre los bienes personales;ley 23966 art 30;2495,8027
2024;formosa;impuesto sobre los activos fondo educacion ley 23906;impuesto sobre los activos fondo educacion ley 23906;0,0012
2024;formosa;i.v.a.ley 23966 art 5 punto 2;i.v.a.ley 23966 art 5 punto 2;5094,2713
2024;formosa;impuesto a los combustibles liquidos ley 23966 y 24699;obras de infraestructura;2435,5385
2024;formosa;impuesto a los combustibles liquidos ley 23966 y 24699;vialidad provincial;2756,2474
2024;formosa;impuesto a los combustibles liquidos ley 23966 y 24699;f.e.d.e.i.;1018,385075
2024;formosa;impuesto a los combustibles liquidos ley 23966 y 24699;ley 24464 fo.na.vi;13063,4507
2024;formosa;regimen de energia electrica ley 24065;fondo para compensaciones de tarifa electrica;2327,0923
2024;formosa;regimen de energia electrica ley 24065;f.e.d.e.i.;1833,734616
2024;formosa;fondo compensador de desequilibrios;fondo compensador de desequilibrios;26,4
2024;formosa;regimen simplificado para pequeños contribuyentes ley 24977 art 59 inciso a;regimen simplificado para pequeños contribuyentes ley 24977 art 59 inciso a;2379,8375
2024;formosa;consenso fiscal ley 27429 compensacion;consenso fiscal ley 27429 compensacion;18789,08151
2024;jujuy;coparticipacion federal de impuestos neta ley 26075;coparticipacion federal de impuestos neta ley 26075;984252,2688
2024;jujuy;financiamiento educativo ley 26075;financiamiento educativo ley 26075;78110,589
2024;jujuy;transferencia de servicios ley 24049;transferencia de servicios ley 24049;33,3
2024;jujuy;impuesto sobre los bienes personales;ley 24699;33915,5048
2024;jujuy;impuesto sobre los activos fondo educacion ley 23906;impuesto sobre los activos fondo educacion ley 23906;0,0011
2024;jujuy;impuesto a los combustibles liquidos ley 23966 y 24699;obras de infraestructura;1900,7088
2024;jujuy;impuesto a los combustibles liquidos ley 23966 y 24699;vialidad provincial;2883,8061
2024;jujuy;impuesto a los combustibles liquidos ley 23966 y 24699;f.e.d.e.i.;821,8003317
2024;jujuy;impuesto a los combustibles liquidos ley 23966 y 24699;ley 24464 fo.na.vi;9797,5879
2024;jujuy;regimen de energia electrica ley 24065;fondo para compensaciones de tarifa electrica;2277,8516
2024;jujuy;regimen de energia electrica ley 24065;f.e.d.e.i.;1479,75825
2024;jujuy;fondo compensador de desequilibrios;fondo compensador de desequilibrios;26,4
2024;jujuy;regimen simplificado para pequeños contribuyentes ley 24977 art 59 inciso a;regimen simplificado para pequeños contribuyentes ley 24977 art 59 inciso a;1857,2392
2024;jujuy;consenso fiscal ley 27429 compensacion;consenso fiscal ley 27429 compensacion;18156,06444
2024;la pampa;coparticipacion federal de impuestos neta ley 26075;coparticipacion federal de impuestos neta ley 26075;675741,905
2024;la pampa;financiamiento educativo ley 26075;financiamiento educativo ley 26075;40203,9797
2024;la pampa;transferencia de servicios ley 24049;transferencia de servicios ley 24049;19,2
2024;la pampa;impuesto sobre los bienes personales;ley 24699;22852,9296
2024;la pampa;impuesto sobre los bienes personales;ley 23966 art 30;1840,4779
2024;la pampa;impuesto sobre los activos fondo educacion ley 23906;impuesto sobre los activos fondo educacion ley 23906;0,0009
2024;la pampa;i.v.a.ley 23966 art 5 punto 2;i.v.a.ley 23966 art 5 punto 2;3757,6554
2024;la pampa;impuesto a los combustibles liquidos ley 23966 y 24699;obras de infraestructura;1280,7492
2024;la pampa;impuesto a los combustibles liquidos ley 23966 y 24699;vialidad provincial;3525,3653
2024;la pampa;impuesto a los combustibles liquidos ley 23966 y 24699;f.e.d.e.i.;729,5297185
2024;la pampa;impuesto a los combustibles liquidos ley 23966 y 24699;ley 24464 fo.na.vi;6658,2543
2024;la pampa;regimen de energia electrica ley 24065;fondo para compensaciones de tarifa electrica;2962,4664
2024;la pampa;regimen de energia electrica ley 24065;f.e.d.e.i.;1313,613024
2024;la pampa;fondo compensador de desequilibrios;fondo compensador de desequilibrios;30
2024;la pampa;regimen simplificado para pequeños contribuyentes ley 24977 art 59 inciso a;regimen simplificado para pequeños contribuyentes ley 24977 art 59 inciso a;1251,4543
2024;la rioja;coparticipacion federal de impuestos neta ley 26075;coparticipacion federal de impuestos neta ley 26075;727168,3655
2024;la rioja;financiamiento educativo ley 26075;financiamiento educativo ley 26075;47096,0905
2024;la rioja;transferencia de servicios ley 24049;transferencia de servicios ley 24049;20,2992
2024;la rioja;impuesto sobre los bienes personales;ley 24699;24718,0797
2024;la rioja;impuesto sobre los activos fondo educacion ley 23906;impuesto sobre los activos fondo educacion ley 23906;0,0009
2024;la rioja;impuesto a los combustibles liquidos ley 23966 y 24699;obras de infraestructura;1385,2841
2024;la rioja;impuesto a los combustibles liquidos ley 23966 y 24699;vialidad provincial;2940,9281
2024;la rioja;impuesto a los combustibles liquidos ley 23966 y 24699;f.e.d.e.i.;961,1712831
2024;la rioja;impuesto a los combustibles liquidos ley 23966 y 24699;ley 24464 fo.na.vi;6531,7254
2024;la rioja;regimen de energia electrica ley 24065;fondo para compensaciones de tarifa electrica;2545,524
2024;la rioja;regimen de energia electrica ley 24065;f.e.d.e.i.;1730,713752
2024;la rioja;fondo compensador de desequilibrios;fondo compensador de desequilibrios;26,4
2024;la rioja;regimen simplificado para pequeños contribuyentes ley 24977 art 59 inciso a;regimen simplificado para pequeños contribuyentes ley 24977 art 59 inciso a;1353,6024
2024;la rioja;consenso fiscal ley 27429 compensacion;consenso fiscal ley 27429 compensacion;5712,537661
2024;mendoza;coparticipacion federal de impuestos neta ley 26075;coparticipacion federal de impuestos neta ley 26075;1383200,881
2024;mendoza;financiamiento educativo ley 26075;financiamiento educativo ley 26075;176131,7205
2024;mendoza;transferencia de servicios ley 24049;transferencia de servicios ley 24049;61,6992
2024;mendoza;impuesto sobre los bienes personales;ley 24699;49781,0629
2024;mendoza;impuesto sobre los activos fondo educacion ley 23906;impuesto sobre los activos fondo educacion ley 23906;0,0019
2024;mendoza;impuesto a los combustibles liquidos ley 23966 y 24699;obras de infraestructura;2789,9058
2024;mendoza;impuesto a los combustibles liquidos ley 23966 y 24699;vialidad provincial;5831,8984
2024;mendoza;impuesto a los combustibles liquidos ley 23966 y 24699;f.e.d.e.i.;746,0552906
2024;mendoza;impuesto a los combustibles liquidos ley 23966 y 24699;ley 24464 fo.na.vi;13063,4507
2024;mendoza;regimen de energia electrica ley 24065;fondo para compensaciones de tarifa electrica;1729,8148
2024;mendoza;regimen de energia electrica ley 24065;f.e.d.e.i.;1343,369464
2024;mendoza;fondo compensador de desequilibrios;fondo compensador de desequilibrios;26,4
2024;mendoza;regimen simplificado para pequeños contribuyentes ley 24977 art 59 inciso a;regimen simplificado para pequeños contribuyentes ley 24977 art 59 inciso a;2726,1003
2024;mendoza;consenso fiscal ley 27429 compensacion;consenso fiscal ley 27429 compensacion;26613,26048
2024;misiones;coparticipacion federal de impuestos neta ley 26075;coparticipacion federal de impuestos neta ley 26075;1088573,097
2024;misiones;financiamiento educativo ley 26075;financiamiento educativo ley 26075;146648,8022
2024;misiones;transferencia de servicios ley 24049;transferencia de servicios ley 24049;34,1004
2024;misiones;impuesto sobre los bienes personales;ley 24699;39433,9599
2024;misiones;impuesto sobre los bienes personales;ley 23966 art 30;2926,0574
2024;misiones;impuesto sobre los activos fondo educacion ley 23906;impuesto sobre los activos fondo educacion ley 23906;0,0014
2024;misiones;i.v.a.ley 23966 art 5 punto 2;i.v.a.ley 23966 art 5 punto 2;5972,4792
2024;misiones;impuesto a los combustibles liquidos ley 23966 y 24699;obras de infraestructura;2209,977
2024;misiones;impuesto a los combustibles liquidos ley 23966 y 24699;vialidad provincial;4534,1655
2024;misiones;impuesto a los combustibles liquidos ley 23966 y 24699;f.e.d.e.i.;965,0143955
2024;misiones;impuesto a los combustibles liquidos ley 23966 y 24699;ley 24464 fo.na.vi;15349,5546
2024;misiones;regimen de energia electrica ley 24065;fondo para compensaciones de tarifa electrica;1980,3511
2024;misiones;regimen de energia electrica ley 24065;f.e.d.e.i.;1737,633775
2024;misiones;fondo compensador de desequilibrios;fondo compensador de desequilibrios;26,4
2024;misiones;regimen simplificado para pequeños contribuyentes ley 24977 art 59 inciso a;regimen simplificado para pequeños contribuyentes ley 24977 art 59 inciso a;2159,4346
2024;misiones;consenso fiscal ley 27429 compensacion;consenso fiscal ley 27429 compensacion;35092,13116
2024;neuquen;coparticipacion federal de impuestos neta ley 26075;coparticipacion federal de impuestos neta ley 26075;583909,3162
2024;neuquen;financiamiento educativo ley 26075;financiamiento educativo ley 26075;65092,1577
2024;neuquen;transferencia de servicios ley 24049;transferencia de servicios ley 24049;17,3988
2024;neuquen;impuesto sobre los bienes personales;ley 24699;20719,1098
2024;neuquen;impuesto sobre los bienes personales;ley 23966 art 30;1315,9301
2024;neuquen;impuesto sobre los activos fondo educacion ley 23906;impuesto sobre los activos fondo educacion ley 23906;0,0012
2024;neuquen;i.v.a.ley 23966 art 5 punto 2;i.v.a.ley 23966 art 5 punto 2;2685,9913
2024;neuquen;impuesto a los combustibles liquidos ley 23966 y 24699;obras de infraestructura;1161,1421
2024;neuquen;impuesto a los combustibles liquidos ley 23966 y 24699;vialidad provincial;4331,1668
2024;neuquen;impuesto a los combustibles liquidos ley 23966 y 24699;f.e.d.e.i.;856,9516717
2024;neuquen;impuesto a los combustibles liquidos ley 23966 y 24699;ley 24464 fo.na.vi;14043,2096
2024;neuquen;regimen de energia electrica ley 24065;fondo para compensaciones de tarifa electrica;2457,2932
2024;neuquen;regimen de energia electrica ley 24065;f.e.d.e.i.;1543,052804
2024;neuquen;fondo compensador de desequilibrios;fondo compensador de desequilibrios;30
2024;neuquen;regimen simplificado para pequeños contribuyentes ley 24977 art 59 inciso a;regimen simplificado para pequeños contribuyentes ley 24977 art 59 inciso a;1134,5869
2024;neuquen;consenso fiscal ley 27429 compensacion;consenso fiscal ley 27429 compensacion;9754,2743
2024;rio negro;coparticipacion federal de impuestos neta ley 26075;coparticipacion federal de impuestos neta ley 26075;873069,579
2024;rio negro;financiamiento educativo ley 26075;financiamiento educativo ley 26075;70452,6882
2024;rio negro;transferencia de servicios ley 24049;transferencia de servicios ley 24049;14,6004
2024;rio negro;impuesto sobre los bienes personales;ley 24699;30121,5672
2024;rio negro;impuesto sobre los activos fondo educacion ley 23906;impuesto sobre los activos fondo educacion ley 23906;0,0014
2024;rio negro;impuesto a los combustibles liquidos ley 23966 y 24699;obras de infraestructura;1688,129
2024;rio negro;impuesto a los combustibles liquidos ley 23966 y 24699;vialidad provincial;3490,472
2024;rio negro;impuesto a los combustibles liquidos ley 23966 y 24699;f.e.d.e.i.;796,2614986
2024;rio negro;impuesto a los combustibles liquidos ley 23966 y 24699;ley 24464 fo.na.vi;14696,3819
2024;rio negro;regimen de energia electrica ley 24065;fondo para compensaciones de tarifa electrica;1726,178
2024;rio negro;regimen de energia electrica ley 24065;f.e.d.e.i.;1433,772263
2024;rio negro;fondo compensador de desequilibrios;fondo compensador de desequilibrios;30
2024;rio negro;regimen simplificado para pequeños contribuyentes ley 24977 art 59 inciso a;regimen simplificado para pequeños contribuyentes ley 24977 art 59 inciso a;1649,521
2024;rio negro;consenso fiscal ley 27429 compensacion;consenso fiscal ley 27429 compensacion;9148,536053
2024;salta;coparticipacion federal de impuestos neta ley 26075;coparticipacion federal de impuestos neta ley 26075;1288172,329
2024;salta;financiamiento educativo ley 26075;financiamiento educativo ley 26075;145117,2217
2024;salta;transferencia de servicios ley 24049;transferencia de servicios ley 24049;39,8004
2024;salta;impuesto sobre los bienes personales;ley 24699;45757,1897
2024;salta;impuesto sobre los activos fondo educacion ley 23906;impuesto sobre los activos fondo educacion ley 23906;0,0019
2024;salta;impuesto a los combustibles liquidos ley 23966 y 24699;obras de infraestructura;2564,4117
2024;salta;impuesto a los combustibles liquidos ley 23966 y 24699;vialidad provincial;4510,6275
2024;salta;impuesto a los combustibles liquidos ley 23966 y 24699;f.e.d.e.i.;814,6093827
2024;salta;impuesto a los combustibles liquidos ley 23966 y 24699;ley 24464 fo.na.vi;13063,4507
2024;salta;regimen de energia electrica ley 24065;fondo para compensaciones de tarifa electrica;2563,0539
2024;salta;regimen de energia electrica ley 24065;f.e.d.e.i.;1466,810012
2024;salta;fondo compensador de desequilibrios;fondo compensador de desequilibrios;30
2024;salta;regimen simplificado para pequeños contribuyentes ley 24977 art 59 inciso a;regimen simplificado para pequeños contribuyentes ley 24977 art 59 inciso a;2505,7633
2024;salta;consenso fiscal ley 27429 compensacion;consenso fiscal ley 27429 compensacion;49416,14501
2024;san juan;coparticipacion federal de impuestos neta ley 26075;coparticipacion federal de impuestos neta ley 26075;1168690,874
2024;san juan;financiamiento educativo ley 26075;financiamiento educativo ley 26075;95340,8661
2024;san juan;transferencia de servicios ley 24049;transferencia de servicios ley 24049;30,0996
2024;san juan;impuesto sobre los bienes personales;ley 24699;40353,7023
2024;san juan;impuesto sobre los activos fondo educacion ley 23906;impuesto sobre los activos fondo educacion ley 23906;0,0011
2024;san juan;impuesto a los combustibles liquidos ley 23966 y 24699;obras de infraestructura;2261,5667
2024;san juan;impuesto a los combustibles liquidos ley 23966 y 24699;vialidad provincial;3250,4802
2024;san juan;impuesto a los combustibles liquidos ley 23966 y 24699;f.e.d.e.i.;754,6734653
2024;san juan;impuesto a los combustibles liquidos ley 23966 y 24699;ley 24464 fo.na.vi;11920,3989
2024;san juan;regimen de energia electrica ley 24065;fondo para compensaciones de tarifa electrica;1724,1128
2024;san juan;regimen de energia electrica ley 24065;f.e.d.e.i.;1358,887607
2024;san juan;fondo compensador de desequilibrios;fondo compensador de desequilibrios;26,4
2024;san juan;regimen simplificado para pequeños contribuyentes ley 24977 art 59 inciso a;regimen simplificado para pequeños contribuyentes ley 24977 art 59 inciso a;2209,8443
2024;san juan;consenso fiscal ley 27429 compensacion;consenso fiscal ley 27429 compensacion;11512,58498
2024;san luis;coparticipacion federal de impuestos neta ley 26075;coparticipacion federal de impuestos neta ley 26075;797971,7348
2024;san luis;financiamiento educativo ley 26075;financiamiento educativo ley 26075;55519,7814
2024;san luis;transferencia de servicios ley 24049;transferencia de servicios ley 24049;18,9012
2024;san luis;impuesto sobre los bienes personales;ley 24699;27247,3718
2024;san luis;impuesto sobre los activos fondo educacion ley 23906;impuesto sobre los activos fondo educacion ley 23906;0,0009
2024;san luis;impuesto a los combustibles liquidos ley 23966 y 24699;obras de infraestructura;1527,0038
2024;san luis;impuesto a los combustibles liquidos ley 23966 y 24699;vialidad provincial;2822,0685
2024;san luis;impuesto a los combustibles liquidos ley 23966 y 24699;f.e.d.e.i.;739,2953448
2024;san luis;impuesto a los combustibles liquidos ley 23966 y 24699;ley 24464 fo.na.vi;11920,3989
2024;san luis;regimen de energia electrica ley 24065;fondo para compensaciones de tarifa electrica;1965,6013
2024;san luis;regimen de energia electrica ley 24065;f.e.d.e.i.;1331,197303
2024;san luis;fondo compensador de desequilibrios;fondo compensador de desequilibrios;26,4
2024;san luis;regimen simplificado para pequeños contribuyentes ley 24977 art 59 inciso a;regimen simplificado para pequeños contribuyentes ley 24977 art 59 inciso a;1492,081
2024;santa cruz;coparticipacion federal de impuestos neta ley 26075;coparticipacion federal de impuestos neta ley 26075;560750,1897
2024;santa cruz;financiamiento educativo ley 26075;financiamiento educativo ley 26075;30631,6037
2024;santa cruz;transferencia de servicios ley 24049;transferencia de servicios ley 24049;8,4996
2024;santa cruz;impuesto sobre los bienes personales;ley 24699;18879,6249
2024;santa cruz;impuesto sobre los bienes personales;ley 23966 art 30;1706,2507
2024;santa cruz;impuesto sobre los activos fondo educacion ley 23906;impuesto sobre los activos fondo educacion ley 23906;0,0009
2024;santa cruz;i.v.a.ley 23966 art 5 punto 2;i.v.a.ley 23966 art 5 punto 2;3482,6884
2024;santa cruz;impuesto a los combustibles liquidos ley 23966 y 24699;obras de infraestructura;1058,0979
2024;santa cruz;impuesto a los combustibles liquidos ley 23966 y 24699;vialidad provincial;3043,7992
2024;santa cruz;impuesto a los combustibles liquidos ley 23966 y 24699;f.e.d.e.i.;1040,230134
2024;santa cruz;impuesto a los combustibles liquidos ley 23966 y 24699;ley 24464 fo.na.vi;10450,7604
2024;santa cruz;regimen de energia electrica ley 24065;fondo para compensaciones de tarifa electrica;5262,024
2024;santa cruz;regimen de energia electrica ley 24065;f.e.d.e.i.;1873,069484
2024;santa cruz;fondo compensador de desequilibrios;fondo compensador de desequilibrios;36
2024;santa cruz;regimen simplificado para pequeños contribuyentes ley 24977 art 59 inciso a;regimen simplificado para pequeños contribuyentes ley 24977 art 59 inciso a;1033,899
2024;santa cruz;consenso fiscal ley 27429 compensacion;consenso fiscal ley 27429 compensacion;1613,827164
2024;santa fe;coparticipacion federal de impuestos neta ley 26075;coparticipacion federal de impuestos neta ley 26075;3149862,637
2024;santa fe;financiamiento educativo ley 26075;financiamiento educativo ley 26075;257305,4699
2024;santa fe;transferencia de servicios ley 24049;transferencia de servicios ley 24049;135,4896
2024;santa fe;impuesto sobre los bienes personales;ley 24699;108756,5056
2024;santa fe;impuesto sobre los bienes personales;ley 23966 art 30;23457,5914
2024;santa fe;impuesto sobre los activos fondo educacion ley 23906;impuesto sobre los activos fondo educacion ley 23906;0,0037
2024;santa fe;i.v.a.ley 23966 art 5 punto 2;i.v.a.ley 23966 art 5 punto 2;47892,7514
2024;santa fe;impuesto a los combustibles liquidos ley 23966 y 24699;obras de infraestructura;6125,1048
2024;santa fe;impuesto a los combustibles liquidos ley 23966 y 24699;vialidad provincial;12133,1913
2024;santa fe;impuesto a los combustibles liquidos ley 23966 y 24699;f.e.d.e.i.;655,4368564
2024;santa fe;impuesto a los combustibles liquidos ley 23966 y 24699;ley 24464 fo.na.vi;18809,5684
2024;santa fe;regimen de energia electrica ley 24065;fondo para compensaciones de tarifa electrica;1398,8202
2024;santa fe;regimen de energia electrica ley 24065;f.e.d.e.i.;1180,199202
2024;santa fe;fondo compensador de desequilibrios;fondo compensador de desequilibrios;6
2024;santa fe;regimen simplificado para pequeños contribuyentes ley 24977 art 59 inciso a;regimen simplificado para pequeños contribuyentes ley 24977 art 59 inciso a;5955,6885
2024;santa fe;consenso fiscal ley 27429 compensacion;consenso fiscal ley 27429 compensacion;28731,16019
2024;sgo. del estero;coparticipacion federal de impuestos neta ley 26075;coparticipacion federal de impuestos neta ley 26075;1417040,737
2024;sgo. del estero;financiamiento educativo ley 26075;financiamiento educativo ley 26075;127886,945
2024;sgo. del estero;transferencia de servicios ley 24049;transferencia de servicios ley 24049;31,5996
2024;sgo. del estero;impuesto sobre los bienes personales;ley 24699;49321,1919
2024;sgo. del estero;impuesto sobre los activos fondo educacion ley 23906;impuesto sobre los activos fondo educacion ley 23906;0,0018
2024;sgo. del estero;impuesto a los combustibles liquidos ley 23966 y 24699;obras de infraestructura;2764,1446
2024;sgo. del estero;impuesto a los combustibles liquidos ley 23966 y 24699;vialidad provincial;4289,4851
2024;sgo. del estero;impuesto a los combustibles liquidos ley 23966 y 24699;f.e.d.e.i.;873,9044664
2024;sgo. del estero;impuesto a los combustibles liquidos ley 23966 y 24699;ley 24464 fo.na.vi;14043,2096
2024;sgo. del estero;regimen de energia electrica ley 24065;fondo para compensaciones de tarifa electrica;2014,5472
2024;sgo. del estero;regimen de energia electrica ley 24065;f.e.d.e.i.;1573,578513
2024;sgo. del estero;fondo compensador de desequilibrios;fondo compensador de desequilibrios;26,4
2024;sgo. del estero;regimen simplificado para pequeños contribuyentes ley 24977 art 59 inciso a;regimen simplificado para pequeños contribuyentes ley 24977 art 59 inciso a;2700,9282
2024;sgo. del estero;consenso fiscal ley 27429 compensacion;consenso fiscal ley 27429 compensacion;30781,87156
2024;tucuman;coparticipacion federal de impuestos neta ley 26075;coparticipacion federal de impuestos neta ley 26075;1621254,875
2024;tucuman;financiamiento educativo ley 26075;financiamiento educativo ley 26075;157752,7585
2024;tucuman;transferencia de servicios ley 24049;transferencia de servicios ley 24049;55,8
2024;tucuman;impuesto sobre los bienes personales;ley 24699;56794,0997
2024;tucuman;impuesto sobre los activos fondo educacion ley 23906;impuesto sobre los activos fondo educacion ley 23906;0,0016
2024;tucuman;impuesto a los combustibles liquidos ley 23966 y 24699;obras de infraestructura;3182,9482
2024;tucuman;impuesto a los combustibles liquidos ley 23966 y 24699;vialidad provincial;4354,2788
2024;tucuman;impuesto a los combustibles liquidos ley 23966 y 24699;f.e.d.e.i.;673,0966477
2024;tucuman;impuesto a los combustibles liquidos ley 23966 y 24699;ley 24464 fo.na.vi;13716,6233
2024;tucuman;regimen de energia electrica ley 24065;fondo para compensaciones de tarifa electrica;1705,9992
2024;tucuman;regimen de energia electrica ley 24065;f.e.d.e.i.;1211,99795
2024;tucuman;fondo compensador de desequilibrios;fondo compensador de desequilibrios;26,4
2024;tucuman;regimen simplificado para pequeños contribuyentes ley 24977 art 59 inciso a;regimen simplificado para pequeños contribuyentes ley 24977 art 59 inciso a;3110,1537
2024;tucuman;consenso fiscal ley 27429 compensacion;consenso fiscal ley 27429 compensacion;37467,13996
2024;tierra del fuego;coparticipacion federal de impuestos neta ley 26075;coparticipacion federal de impuestos neta ley 26075;446260,1659
2024;tierra del fuego;financiamiento educativo ley 26075;financiamiento educativo ley 26075;14932,9067
2024;tierra del fuego;transferencia de servicios ley 24049;transferencia de servicios ley 24049;12
2024;tierra del fuego;impuesto sobre los bienes personales;ley 24699;14723,2838
2024;tierra del fuego;impuesto sobre los bienes personales;ley 23966 art 30;151,3477
2024;tierra del fuego;impuesto sobre los activos fondo educacion ley 23906;impuesto sobre los activos fondo educacion ley 23906;0,0004
2024;tierra del fuego;i.v.a.ley 23966 art 5 punto 2;i.v.a.ley 23966 art 5 punto 2;308,9211
2024;tierra del fuego;impuesto a los combustibles liquidos ley 23966 y 24699;obras de infraestructura;825,1663
2024;tierra del fuego;impuesto a los combustibles liquidos ley 23966 y 24699;vialidad provincial;2249,607
2024;tierra del fuego;impuesto a los combustibles liquidos ley 23966 y 24699;f.e.d.e.i.;764,9778457
2024;tierra del fuego;impuesto a los combustibles liquidos ley 23966 y 24699;ley 24464 fo.na.vi;8654,5361
2024;tierra del fuego;regimen de energia electrica ley 24065;fondo para compensaciones de tarifa electrica;1377,5773
2024;tierra del fuego;regimen de energia electrica ley 24065;f.e.d.e.i.;1377,441982
2024;tierra del fuego;fondo compensador de desequilibrios;fondo compensador de desequilibrios;36
2024;tierra del fuego;regimen simplificado para pequeños contribuyentes ley 24977 art 59 inciso a;regimen simplificado para pequeños contribuyentes ley 24977 art 59 inciso a;806,2947
2024;tierra del fuego;consenso fiscal ley 27429 compensacion;consenso fiscal ley 27429 compensacion;829,392597
2024;c.a.b.a;coparticipacion federal de impuestos neta ley 26075;coparticipacion federal de impuestos neta ley 26075;726367,8828
2024;c.a.b.a;financiamiento educativo ley 26075;financiamiento educativo ley 26075;196042,2628
2024;c.a.b.a;impuesto sobre los activos fondo educacion ley 23906;impuesto sobre los activos fondo educacion ley 23906;0,0015
2024;c.a.b.a;impuesto a los combustibles liquidos ley 23966 y 24699;ley 24464 fo.na.vi;4245,6214
2024;tesoro nacional;coparticipacion federal de impuestos neta ley 26075;coparticipacion federal de impuestos neta ley 26075;26512703,05
2024;tesoro nacional;impuesto sobre los bienes personales;ley 24699;875825,0526
2024;tesoro nacional;impuesto sobre los activos fondo educacion ley 23906;impuesto sobre los activos fondo educacion ley 23906;0,0235
2024;tesoro nacional;impuesto a los combustibles liquidos ley 23966 y 24699;vialidad provincial;225381,3659
2024;tesoro nacional;consenso fiscal ley 27429 compensacion;consenso fiscal ley 27429 compensacion;-1000357,59
2024;seguridad social;i.v.a.ley 23966 art 5 punto 2;i.v.a.ley 23966 art 5 punto 2;4293173,58
2024;seguridad social;regimen simplificado para pequeños contribuyentes ley 24977 art 59 inciso a;regimen simplificado para pequeños contribuyentes ley 24977 art 59 inciso a;154158,7971
2024;fondo a.t.n.;coparticipacion federal de impuestos neta ley 26075;coparticipacion federal de impuestos neta ley 26075;658864,3901
2024;fondo a.t.n.;impuesto sobre los bienes personales;ley 24699;21033,2625
2025;buenos aires;coparticipacion federal de impuestos neta ley 26075;coparticipacion federal de impuestos neta ley 26075;8834740,255
2025;buenos aires;financiamiento educativo ley 26075;financiamiento educativo ley 26075;2754712,95
2025;buenos aires;transferencia de servicios ley 24049;transferencia de servicios ley 24049;420,1008
2025;buenos aires;impuesto sobre los bienes personales;ley 24699;226429,9841
2025;buenos aires;impuesto sobre los bienes personales;ley 23966 art 30;53906,3613
2025;buenos aires;impuesto sobre los activos fondo educacion ley 23906;impuesto sobre los activos fondo educacion ley 23906;1,0705
2025;buenos aires;i.v.a.ley 23966 art 5 punto 2;i.v.a.ley 23966 art 5 punto 2;182144,7578
2025;buenos aires;impuesto a los combustibles liquidos ley 23966 y 24699;obras de infraestructura;28974,5294
2025;buenos aires;impuesto a los combustibles liquidos ley 23966 y 24699;vialidad provincial;59690,1603
2025;buenos aires;impuesto a los combustibles liquidos ley 23966 y 24699;f.e.d.e.i.;1488,711429
2025;buenos aires;impuesto a los combustibles liquidos ley 23966 y 24699;ley 24464 fo.na.vi;93487,3275
2025;buenos aires;regimen de energia electrica ley 24065;fondo para compensaciones de tarifa electrica;3406,6327
2025;buenos aires;regimen de energia electrica ley 24065;f.e.d.e.i.;2167,125347
2025;buenos aires;regimen simplificado para pequeños contribuyentes ley 24977 art 59 inciso a;regimen simplificado para pequeños contribuyentes ley 24977 art 59 inciso a;45127,3008
2025;buenos aires;consenso fiscal ley 27429 compensacion;consenso fiscal ley 27429 compensacion;1405156,669
2025;catamarca;coparticipacion federal de impuestos neta ley 26075;coparticipacion federal de impuestos neta ley 26075;1324959,013
2025;catamarca;financiamiento educativo ley 26075;financiamiento educativo ley 26075;128647,3356
2025;catamarca;transferencia de servicios ley 24049;transferencia de servicios ley 24049;21,3996
2025;catamarca;impuesto sobre los bienes personales;ley 24699;28399,9647
2025;catamarca;impuesto sobre los activos fondo educacion ley 23906;impuesto sobre los activos fondo educacion ley 23906;0,0802
2025;catamarca;impuesto a los combustibles liquidos ley 23966 y 24699;obras de infraestructura;3637,9467
2025;catamarca;impuesto a los combustibles liquidos ley 23966 y 24699;vialidad provincial;6260,2291
2025;catamarca;impuesto a los combustibles liquidos ley 23966 y 24699;f.e.d.e.i.;2243,70463
2025;catamarca;impuesto a los combustibles liquidos ley 23966 y 24699;ley 24464 fo.na.vi;13539,5439
2025;catamarca;regimen de energia electrica ley 24065;fondo para compensaciones de tarifa electrica;4616,1572
2025;catamarca;regimen de energia electrica ley 24065;f.e.d.e.i.;3266,173067
2025;catamarca;fondo compensador de desequilibrios;fondo compensador de desequilibrios;26,4
2025;catamarca;regimen simplificado para pequeños contribuyentes ley 24977 art 59 inciso a;regimen simplificado para pequeños contribuyentes ley 24977 art 59 inciso a;5660,1753
2025;catamarca;consenso fiscal ley 27429 compensacion;consenso fiscal ley 27429 compensacion;16403,08895
2025;cordoba;coparticipacion federal de impuestos neta ley 26075;coparticipacion federal de impuestos neta ley 26075;4094323,842
2025;cordoba;financiamiento educativo ley 26075;financiamiento educativo ley 26075;591777,7444
2025;cordoba;transferencia de servicios ley 24049;transferencia de servicios ley 24049;125,3004
2025;cordoba;impuesto sobre los bienes personales;ley 24699;91555,1311
2025;cordoba;impuesto sobre los bienes personales;ley 23966 art 30;18409,2537
2025;cordoba;impuesto sobre los activos fondo educacion ley 23906;impuesto sobre los activos fondo educacion ley 23906;0,2963
2025;cordoba;i.v.a.ley 23966 art 5 punto 2;i.v.a.ley 23966 art 5 punto 2;62203,2163
2025;cordoba;impuesto a los combustibles liquidos ley 23966 y 24699;obras de infraestructura;11727,8198
2025;cordoba;impuesto a los combustibles liquidos ley 23966 y 24699;vialidad provincial;32733,5251
2025;cordoba;impuesto a los combustibles liquidos ley 23966 y 24699;f.e.d.e.i.;1488,711429
2025;cordoba;impuesto a los combustibles liquidos ley 23966 y 24699;ley 24464 fo.na.vi;36427,8206
2025;cordoba;regimen de energia electrica ley 24065;fondo para compensaciones de tarifa electrica;2818,013
2025;cordoba;regimen de energia electrica ley 24065;f.e.d.e.i.;2167,125347
2025;cordoba;fondo compensador de desequilibrios;fondo compensador de desequilibrios;6
2025;cordoba;regimen simplificado para pequeños contribuyentes ley 24977 art 59 inciso a;regimen simplificado para pequeños contribuyentes ley 24977 art 59 inciso a;18246,9725
2025;cordoba;consenso fiscal ley 27429 compensacion;consenso fiscal ley 27429 compensacion;57529,58259
2025;corrientes;coparticipacion federal de impuestos neta ley 26075;coparticipacion federal de impuestos neta ley 26075;1692115,903
2025;corrientes;financiamiento educativo ley 26075;financiamiento educativo ley 26075;269744,4136
2025;corrientes;transferencia de servicios ley 24049;transferencia de servicios ley 24049;38,6004
2025;corrientes;impuesto sobre los bienes personales;ley 24699;38330,0222
2025;corrientes;impuesto sobre los bienes personales;ley 23966 art 30;5886,4263
2025;corrientes;impuesto sobre los activos fondo educacion ley 23906;impuesto sobre los activos fondo educacion ley 23906;0,1329
2025;corrientes;i.v.a.ley 23966 art 5 punto 2;i.v.a.ley 23966 art 5 punto 2;19889,7064
2025;corrientes;impuesto a los combustibles liquidos ley 23966 y 24699;obras de infraestructura;4909,9068
2025;corrientes;impuesto a los combustibles liquidos ley 23966 y 24699;vialidad provincial;7979,6614
2025;corrientes;impuesto a los combustibles liquidos ley 23966 y 24699;f.e.d.e.i.;1884,700726
2025;corrientes;impuesto a los combustibles liquidos ley 23966 y 24699;ley 24464 fo.na.vi;31914,6396
2025;corrientes;regimen de energia electrica ley 24065;fondo para compensaciones de tarifa electrica;3945,4281
2025;corrientes;regimen de energia electrica ley 24065;f.e.d.e.i.;2743,569126
2025;corrientes;fondo compensador de desequilibrios;fondo compensador de desequilibrios;18
2025;corrientes;regimen simplificado para pequeños contribuyentes ley 24977 art 59 inciso a;regimen simplificado para pequeños contribuyentes ley 24977 art 59 inciso a;7639,1806
2025;corrientes;consenso fiscal ley 27429 compensacion;consenso fiscal ley 27429 compensacion;82963,80539
2025;chaco;coparticipacion federal de impuestos neta ley 26075;coparticipacion federal de impuestos neta ley 26075;2331471,795
2025;chaco;financiamiento educativo ley 26075;financiamiento educativo ley 26075;301283,7604
2025;chaco;transferencia de servicios ley 24049;transferencia de servicios ley 24049;33,6
2025;chaco;impuesto sobre los bienes personales;ley 24699;51437,6982
2025;chaco;impuesto sobre los bienes personales;ley 23966 art 30;4627,7308
2025;chaco;impuesto sobre los activos fondo educacion ley 23906;impuesto sobre los activos fondo educacion ley 23906;0,1736
2025;chaco;i.v.a.ley 23966 art 5 punto 2;i.v.a.ley 23966 art 5 punto 2;15636,6869
2025;chaco;impuesto a los combustibles liquidos ley 23966 y 24699;obras de infraestructura;6588,9896
2025;chaco;impuesto a los combustibles liquidos ley 23966 y 24699;vialidad provincial;8269,189
2025;chaco;impuesto a los combustibles liquidos ley 23966 y 24699;f.e.d.e.i.;2001,715226
2025;chaco;impuesto a los combustibles liquidos ley 23966 y 24699;ley 24464 fo.na.vi;29658,0486
2025;chaco;regimen de energia electrica ley 24065;fondo para compensaciones de tarifa electrica;4121,5799
2025;chaco;regimen de energia electrica ley 24065;f.e.d.e.i.;2913,907772
2025;chaco;fondo compensador de desequilibrios;fondo compensador de desequilibrios;6
2025;chaco;regimen simplificado para pequeños contribuyentes ley 24977 art 59 inciso a;regimen simplificado para pequeños contribuyentes ley 24977 art 59 inciso a;10251,6166
2025;chaco;consenso fiscal ley 27429 compensacion;consenso fiscal ley 27429 compensacion;101757,9499
2025;chubut;coparticipacion federal de impuestos neta ley 26075;coparticipacion federal de impuestos neta ley 26075;710970,0069
2025;chubut;financiamiento educativo ley 26075;financiamiento educativo ley 26075;123667,4386
2025;chubut;transferencia de servicios ley 24049;transferencia de servicios ley 24049;24,2004
2025;chubut;impuesto sobre los bienes personales;ley 24699;16306,8039
2025;chubut;impuesto sobre los bienes personales;ley 23966 art 30;1810,2814
2025;chubut;impuesto sobre los activos fondo educacion ley 23906;impuesto sobre los activos fondo educacion ley 23906;0,0802
2025;chubut;i.v.a.ley 23966 art 5 punto 2;i.v.a.ley 23966 art 5 punto 2;6116,7787
2025;chubut;impuesto a los combustibles liquidos ley 23966 y 24699;obras de infraestructura;2088,8762
2025;chubut;impuesto a los combustibles liquidos ley 23966 y 24699;vialidad provincial;7030,6211
2025;chubut;impuesto a los combustibles liquidos ley 23966 y 24699;f.e.d.e.i.;2098,764313
2025;chubut;impuesto a los combustibles liquidos ley 23966 y 24699;ley 24464 fo.na.vi;20631,686
2025;chubut;regimen de energia electrica ley 24065;fondo para compensaciones de tarifa electrica;5350,2092
2025;chubut;regimen de energia electrica ley 24065;f.e.d.e.i.;3055,182656
2025;chubut;fondo compensador de desequilibrios;fondo compensador de desequilibrios;36
2025;chubut;regimen simplificado para pequeños contribuyentes ley 24977 art 59 inciso a;regimen simplificado para pequeños contribuyentes ley 24977 art 59 inciso a;3250,0214
2025;chubut;consenso fiscal ley 27429 compensacion;consenso fiscal ley 27429 compensacion;17155,42694
2025;entre rios;coparticipacion federal de impuestos neta ley 26075;coparticipacion federal de impuestos neta ley 26075;2317062,999
2025;entre rios;financiamiento educativo ley 26075;financiamiento educativo ley 26075;259784,6198
2025;entre rios;transferencia de servicios ley 24049;transferencia de servicios ley 24049;67,4988
2025;entre rios;impuesto sobre los bienes personales;ley 24699;50345,392
2025;entre rios;impuesto sobre los bienes personales;ley 23966 art 30;7989,2109
2025;entre rios;impuesto sobre los activos fondo educacion ley 23906;impuesto sobre los activos fondo educacion ley 23906;0,1376
2025;entre rios;i.v.a.ley 23966 art 5 punto 2;i.v.a.ley 23966 art 5 punto 2;26994,8269
2025;entre rios;impuesto a los combustibles liquidos ley 23966 y 24699;obras de infraestructura;6448,9659
2025;entre rios;impuesto a los combustibles liquidos ley 23966 y 24699;vialidad provincial;10913,7548
2025;entre rios;impuesto a los combustibles liquidos ley 23966 y 24699;f.e.d.e.i.;1722,671731
2025;entre rios;impuesto a los combustibles liquidos ley 23966 y 24699;ley 24464 fo.na.vi;25144,8674
2025;entre rios;regimen de energia electrica ley 24065;fondo para compensaciones de tarifa electrica;3936,1534
2025;entre rios;regimen de energia electrica ley 24065;f.e.d.e.i.;2507,702635
2025;entre rios;fondo compensador de desequilibrios;fondo compensador de desequilibrios;21,6
2025;entre rios;regimen simplificado para pequeños contribuyentes ley 24977 art 59 inciso a;regimen simplificado para pequeños contribuyentes ley 24977 art 59 inciso a;10033,7581
2025;entre rios;consenso fiscal ley 27429 compensacion;consenso fiscal ley 27429 compensacion;46318,9329
2025;formosa;coparticipacion federal de impuestos neta ley 26075;coparticipacion federal de impuestos neta ley 26075;1745243,644
2025;formosa;financiamiento educativo ley 26075;financiamiento educativo ley 26075;175956,356
2025;formosa;transferencia de servicios ley 24049;transferencia de servicios ley 24049;20,7012
2025;formosa;impuesto sobre los bienes personales;ley 24699;37535,6176
2025;formosa;impuesto sobre los bienes personales;ley 23966 art 30;2155,6874
2025;formosa;impuesto sobre los activos fondo educacion ley 23906;impuesto sobre los activos fondo educacion ley 23906;0,0936
2025;formosa;i.v.a.ley 23966 art 5 punto 2;i.v.a.ley 23966 art 5 punto 2;7283,8738
2025;formosa;impuesto a los combustibles liquidos ley 23966 y 24699;obras de infraestructura;4808,1924
2025;formosa;impuesto a los combustibles liquidos ley 23966 y 24699;vialidad provincial;5678,3818
2025;formosa;impuesto a los combustibles liquidos ley 23966 y 24699;f.e.d.e.i.;2313,085517
2025;formosa;impuesto a los combustibles liquidos ley 23966 y 24699;ley 24464 fo.na.vi;25789,6077
2025;formosa;regimen de energia electrica ley 24065;fondo para compensaciones de tarifa electrica;4287,476
2025;formosa;regimen de energia electrica ley 24065;f.e.d.e.i.;3367,171203
2025;formosa;fondo compensador de desequilibrios;fondo compensador de desequilibrios;26,4
2025;formosa;regimen simplificado para pequeños contribuyentes ley 24977 art 59 inciso a;regimen simplificado para pequeños contribuyentes ley 24977 art 59 inciso a;7480,9264
2025;formosa;consenso fiscal ley 27429 compensacion;consenso fiscal ley 27429 compensacion;43175,69696
2025;jujuy;coparticipacion federal de impuestos neta ley 26075;coparticipacion federal de impuestos neta ley 26075;1330862,695
2025;jujuy;financiamiento educativo ley 26075;financiamiento educativo ley 26075;168486,5105
2025;jujuy;transferencia de servicios ley 24049;transferencia de servicios ley 24049;33,3
2025;jujuy;impuesto sobre los bienes personales;ley 24699;29293,6698
2025;jujuy;impuesto sobre los activos fondo educacion ley 23906;impuesto sobre los activos fondo educacion ley 23906;0,0853
2025;jujuy;impuesto a los combustibles liquidos ley 23966 y 24699;obras de infraestructura;3752,3417
2025;jujuy;impuesto a los combustibles liquidos ley 23966 y 24699;vialidad provincial;5810,7836
2025;jujuy;impuesto a los combustibles liquidos ley 23966 y 24699;f.e.d.e.i.;1866,577283
2025;jujuy;impuesto a los combustibles liquidos ley 23966 y 24699;ley 24464 fo.na.vi;19342,2057
2025;jujuy;regimen de energia electrica ley 24065;fondo para compensaciones de tarifa electrica;4278,2857
2025;jujuy;regimen de energia electrica ley 24065;f.e.d.e.i.;2717,18673
2025;jujuy;fondo compensador de desequilibrios;fondo compensador de desequilibrios;26,4
2025;jujuy;regimen simplificado para pequeños contribuyentes ley 24977 art 59 inciso a;regimen simplificado para pequeños contribuyentes ley 24977 art 59 inciso a;5838,1589
2025;jujuy;consenso fiscal ley 27429 compensacion;consenso fiscal ley 27429 compensacion;44914,84054
2025;la pampa;coparticipacion federal de impuestos neta ley 26075;coparticipacion federal de impuestos neta ley 26075;922421,2911
2025;la pampa;financiamiento educativo ley 26075;financiamiento educativo ley 26075;87978,1779
2025;la pampa;transferencia de servicios ley 24049;transferencia de servicios ley 24049;19,2
2025;la pampa;impuesto sobre los bienes personales;ley 24699;19738,6451
2025;la pampa;impuesto sobre los bienes personales;ley 23966 art 30;1589,6667
2025;la pampa;impuesto sobre los activos fondo educacion ley 23906;impuesto sobre los activos fondo educacion ley 23906;0,072
2025;la pampa;i.v.a.ley 23966 art 5 punto 2;i.v.a.ley 23966 art 5 punto 2;5372,3516
2025;la pampa;impuesto a los combustibles liquidos ley 23966 y 24699;obras de infraestructura;2528,4221
2025;la pampa;impuesto a los combustibles liquidos ley 23966 y 24699;vialidad provincial;7324,7117
2025;la pampa;impuesto a los combustibles liquidos ley 23966 y 24699;f.e.d.e.i.;1657,000547
2025;la pampa;impuesto a los combustibles liquidos ley 23966 y 24699;ley 24464 fo.na.vi;13144,5519
2025;la pampa;regimen de energia electrica ley 24065;fondo para compensaciones de tarifa electrica;5426,1171
2025;la pampa;regimen de energia electrica ley 24065;f.e.d.e.i.;2412,104734
2025;la pampa;fondo compensador de desequilibrios;fondo compensador de desequilibrios;30
2025;la pampa;regimen simplificado para pequeños contribuyentes ley 24977 art 59 inciso a;regimen simplificado para pequeños contribuyentes ley 24977 art 59 inciso a;3933,8976
2025;la rioja;coparticipacion federal de impuestos neta ley 26075;coparticipacion federal de impuestos neta ley 26075;992318,1114
2025;la rioja;financiamiento educativo ley 26075;financiamiento educativo ley 26075;100427,9202
2025;la rioja;transferencia de servicios ley 24049;transferencia de servicios ley 24049;20,2992
2025;la rioja;impuesto sobre los bienes personales;ley 24699;21349,6239
2025;la rioja;impuesto sobre los activos fondo educacion ley 23906;impuesto sobre los activos fondo educacion ley 23906;0,0687
2025;la rioja;impuesto a los combustibles liquidos ley 23966 y 24699;obras de infraestructura;2734,8005
2025;la rioja;impuesto a los combustibles liquidos ley 23966 y 24699;vialidad provincial;5678,3365
2025;la rioja;impuesto a los combustibles liquidos ley 23966 y 24699;f.e.d.e.i.;2183,134288
2025;la rioja;impuesto a los combustibles liquidos ley 23966 y 24699;ley 24464 fo.na.vi;12894,8037
2025;la rioja;regimen de energia electrica ley 24065;fondo para compensaciones de tarifa electrica;5012,3464
2025;la rioja;regimen de energia electrica ley 24065;f.e.d.e.i.;3178,000489
2025;la rioja;fondo compensador de desequilibrios;fondo compensador de desequilibrios;26,4
2025;la rioja;regimen simplificado para pequeños contribuyentes ley 24977 art 59 inciso a;regimen simplificado para pequeños contribuyentes ley 24977 art 59 inciso a;4254,9962
2025;la rioja;consenso fiscal ley 27429 compensacion;consenso fiscal ley 27429 compensacion;12989,12008
2025;mendoza;coparticipacion federal de impuestos neta ley 26075;coparticipacion federal de impuestos neta ley 26075;1821437,537
2025;mendoza;financiamiento educativo ley 26075;financiamiento educativo ley 26075;379302,1446
2025;mendoza;transferencia de servicios ley 24049;transferencia de servicios ley 24049;61,6992
2025;mendoza;impuesto sobre los bienes personales;ley 24699;42997,1493
2025;mendoza;impuesto sobre los activos fondo educacion ley 23906;impuesto sobre los activos fondo educacion ley 23906;0,1461
2025;mendoza;impuesto a los combustibles liquidos ley 23966 y 24699;obras de infraestructura;5507,7772
2025;mendoza;impuesto a los combustibles liquidos ley 23966 y 24699;vialidad provincial;11501,8543
2025;mendoza;impuesto a los combustibles liquidos ley 23966 y 24699;f.e.d.e.i.;1694,535525
2025;mendoza;impuesto a los combustibles liquidos ley 23966 y 24699;ley 24464 fo.na.vi;25789,6077
2025;mendoza;regimen de energia electrica ley 24065;fondo para compensaciones de tarifa electrica;3174,0107
2025;mendoza;regimen de energia electrica ley 24065;f.e.d.e.i.;2466,744606
2025;mendoza;fondo compensador de desequilibrios;fondo compensador de desequilibrios;26,4
2025;mendoza;regimen simplificado para pequeños contribuyentes ley 24977 art 59 inciso a;regimen simplificado para pequeños contribuyentes ley 24977 art 59 inciso a;8569,3896
2025;mendoza;consenso fiscal ley 27429 compensacion;consenso fiscal ley 27429 compensacion;74681,77698
2025;misiones;coparticipacion federal de impuestos neta ley 26075;coparticipacion federal de impuestos neta ley 26075;1423767,728
2025;misiones;financiamiento educativo ley 26075;financiamiento educativo ley 26075;319543,3823
2025;misiones;transferencia de servicios ley 24049;transferencia de servicios ley 24049;34,1004
2025;misiones;impuesto sobre los bienes personales;ley 24699;34060,0977
2025;misiones;impuesto sobre los bienes personales;ley 23966 art 30;2527,3088
2025;misiones;impuesto sobre los activos fondo educacion ley 23906;impuesto sobre los activos fondo educacion ley 23906;0,1089
2025;misiones;i.v.a.ley 23966 art 5 punto 2;i.v.a.ley 23966 art 5 punto 2;8539,5499
2025;misiones;impuesto a los combustibles liquidos ley 23966 y 24699;obras de infraestructura;4362,893
2025;misiones;impuesto a los combustibles liquidos ley 23966 y 24699;vialidad provincial;8156,7426
2025;misiones;impuesto a los combustibles liquidos ley 23966 y 24699;f.e.d.e.i.;2191,863252
2025;misiones;impuesto a los combustibles liquidos ley 23966 y 24699;ley 24464 fo.na.vi;30302,7888
2025;misiones;regimen de energia electrica ley 24065;fondo para compensaciones de tarifa electrica;3566,4546
2025;misiones;regimen de energia electrica ley 24065;f.e.d.e.i.;3190,707297
2025;misiones;fondo compensador de desequilibrios;fondo compensador de desequilibrios;26,4
2025;misiones;regimen simplificado para pequeños contribuyentes ley 24977 art 59 inciso a;regimen simplificado para pequeños contribuyentes ley 24977 art 59 inciso a;6788,098
2025;misiones;consenso fiscal ley 27429 compensacion;consenso fiscal ley 27429 compensacion;94138,53376
2025;neuquen;coparticipacion federal de impuestos neta ley 26075;coparticipacion federal de impuestos neta ley 26075;775690,9855
2025;neuquen;financiamiento educativo ley 26075;financiamiento educativo ley 26075;140267,095
2025;neuquen;transferencia de servicios ley 24049;transferencia de servicios ley 24049;17,3988
2025;neuquen;impuesto sobre los bienes personales;ley 24699;17895,6134
2025;neuquen;impuesto sobre los bienes personales;ley 23966 art 30;1136,6016
2025;neuquen;impuesto sobre los activos fondo educacion ley 23906;impuesto sobre los activos fondo educacion ley 23906;0,0963
2025;neuquen;i.v.a.ley 23966 art 5 punto 2;i.v.a.ley 23966 art 5 punto 2;3840,475
2025;neuquen;impuesto a los combustibles liquidos ley 23966 y 24699;obras de infraestructura;2292,304
2025;neuquen;impuesto a los combustibles liquidos ley 23966 y 24699;vialidad provincial;8753,6496
2025;neuquen;impuesto a los combustibles liquidos ley 23966 y 24699;f.e.d.e.i.;1946,41747
2025;neuquen;impuesto a los combustibles liquidos ley 23966 y 24699;ley 24464 fo.na.vi;27723,8281
2025;neuquen;regimen de energia electrica ley 24065;fondo para compensaciones de tarifa electrica;3926,6039
2025;neuquen;regimen de energia electrica ley 24065;f.e.d.e.i.;2833,410527
2025;neuquen;fondo compensador de desequilibrios;fondo compensador de desequilibrios;30
2025;neuquen;regimen simplificado para pequeños contribuyentes ley 24977 art 59 inciso a;regimen simplificado para pequeños contribuyentes ley 24977 art 59 inciso a;3566,5292
2025;neuquen;consenso fiscal ley 27429 compensacion;consenso fiscal ley 27429 compensacion;28436,54588
2025;rio negro;coparticipacion federal de impuestos neta ley 26075;coparticipacion federal de impuestos neta ley 26075;1179738,542
2025;rio negro;financiamiento educativo ley 26075;financiamiento educativo ley 26075;151886,8545
2025;rio negro;transferencia de servicios ley 24049;transferencia de servicios ley 24049;14,6004
2025;rio negro;impuesto sobre los bienes personales;ley 24699;26016,7509
2025;rio negro;impuesto sobre los activos fondo educacion ley 23906;impuesto sobre los activos fondo educacion ley 23906;0,1116
2025;rio negro;impuesto a los combustibles liquidos ley 23966 y 24699;obras de infraestructura;3332,6711
2025;rio negro;impuesto a los combustibles liquidos ley 23966 y 24699;vialidad provincial;6956,3965
2025;rio negro;impuesto a los combustibles liquidos ley 23966 y 24699;f.e.d.e.i.;1808,570241
2025;rio negro;impuesto a los combustibles liquidos ley 23966 y 24699;ley 24464 fo.na.vi;29013,3085
2025;rio negro;regimen de energia electrica ley 24065;fondo para compensaciones de tarifa electrica;3587,0765
2025;rio negro;regimen de energia electrica ley 24065;f.e.d.e.i.;2632,745564
2025;rio negro;fondo compensador de desequilibrios;fondo compensador de desequilibrios;30
2025;rio negro;regimen simplificado para pequeños contribuyentes ley 24977 art 59 inciso a;regimen simplificado para pequeños contribuyentes ley 24977 art 59 inciso a;5185,2055
2025;rio negro;consenso fiscal ley 27429 compensacion;consenso fiscal ley 27429 compensacion;20915,21681
2025;salta;coparticipacion federal de impuestos neta ley 26075;coparticipacion federal de impuestos neta ley 26075;1704137,394
2025;salta;financiamiento educativo ley 26075;financiamiento educativo ley 26075;318713,3994
2025;salta;transferencia de servicios ley 24049;transferencia de servicios ley 24049;39,8004
2025;salta;impuesto sobre los bienes personales;ley 24699;39521,6293
2025;salta;impuesto sobre los activos fondo educacion ley 23906;impuesto sobre los activos fondo educacion ley 23906;0,1482
2025;salta;impuesto a los combustibles liquidos ley 23966 y 24699;obras de infraestructura;5062,6111
2025;salta;impuesto a los combustibles liquidos ley 23966 y 24699;vialidad provincial;8565,6332
2025;salta;impuesto a los combustibles liquidos ley 23966 y 24699;f.e.d.e.i.;1850,244286
2025;salta;impuesto a los combustibles liquidos ley 23966 y 24699;ley 24464 fo.na.vi;25789,6077
2025;salta;regimen de energia electrica ley 24065;fondo para compensaciones de tarifa electrica;5115,9878
2025;salta;regimen de energia electrica ley 24065;f.e.d.e.i.;2693,410698
2025;salta;fondo compensador de desequilibrios;fondo compensador de desequilibrios;30
2025;salta;regimen simplificado para pequeños contribuyentes ley 24977 art 59 inciso a;regimen simplificado para pequeños contribuyentes ley 24977 art 59 inciso a;7876,7691
2025;salta;consenso fiscal ley 27429 compensacion;consenso fiscal ley 27429 compensacion;164374,9536
2025;san juan;coparticipacion federal de impuestos neta ley 26075;coparticipacion federal de impuestos neta ley 26075;1575645,743
2025;san juan;financiamiento educativo ley 26075;financiamiento educativo ley 26075;208325,6856
2025;san juan;transferencia de servicios ley 24049;transferencia de servicios ley 24049;30,0996
2025;san juan;impuesto sobre los bienes personales;ley 24699;34854,5021
2025;san juan;impuesto sobre los activos fondo educacion ley 23906;impuesto sobre los activos fondo educacion ley 23906;0,0838
2025;san juan;impuesto a los combustibles liquidos ley 23966 y 24699;obras de infraestructura;4464,7408
2025;san juan;impuesto a los combustibles liquidos ley 23966 y 24699;vialidad provincial;6277,5098
2025;san juan;impuesto a los combustibles liquidos ley 23966 y 24699;f.e.d.e.i.;1714,110218
2025;san juan;impuesto a los combustibles liquidos ley 23966 y 24699;ley 24464 fo.na.vi;23533,0169
2025;san juan;regimen de energia electrica ley 24065;fondo para compensaciones de tarifa electrica;3158,0972
2025;san juan;regimen de energia electrica ley 24065;f.e.d.e.i.;2495,239593
2025;san juan;fondo compensador de desequilibrios;fondo compensador de desequilibrios;26,4
2025;san juan;regimen simplificado para pequeños contribuyentes ley 24977 art 59 inciso a;regimen simplificado para pequeños contribuyentes ley 24977 art 59 inciso a;6946,5594
2025;san juan;consenso fiscal ley 27429 compensacion;consenso fiscal ley 27429 compensacion;35290,54088
2025;san luis;coparticipacion federal de impuestos neta ley 26075;coparticipacion federal de impuestos neta ley 26075;1084214,397
2025;san luis;financiamiento educativo ley 26075;financiamiento educativo ley 26075;120347,5079
2025;san luis;transferencia de servicios ley 24049;transferencia de servicios ley 24049;18,9012
2025;san luis;impuesto sobre los bienes personales;ley 24699;23534,2363
2025;san luis;impuesto sobre los activos fondo educacion ley 23906;impuesto sobre los activos fondo educacion ley 23906;0,0693
2025;san luis;impuesto a los combustibles liquidos ley 23966 y 24699;obras de infraestructura;3014,5809
2025;san luis;impuesto a los combustibles liquidos ley 23966 y 24699;vialidad provincial;5316,2129
2025;san luis;impuesto a los combustibles liquidos ley 23966 y 24699;f.e.d.e.i.;1679,181478
2025;san luis;impuesto a los combustibles liquidos ley 23966 y 24699;ley 24464 fo.na.vi;23533,0169
2025;san luis;regimen de energia electrica ley 24065;fondo para compensaciones de tarifa electrica;3616,5994
2025;san luis;regimen de energia electrica ley 24065;f.e.d.e.i.;2444,393636
2025;san luis;fondo compensador de desequilibrios;fondo compensador de desequilibrios;26,4
2025;san luis;regimen simplificado para pequeños contribuyentes ley 24977 art 59 inciso a;regimen simplificado para pequeños contribuyentes ley 24977 art 59 inciso a;4690,2986
2025;santa cruz;coparticipacion federal de impuestos neta ley 26075;coparticipacion federal de impuestos neta ley 26075;769898,7864
2025;santa cruz;financiamiento educativo ley 26075;financiamiento educativo ley 26075;64738,6591
2025;santa cruz;transferencia de servicios ley 24049;transferencia de servicios ley 24049;8,4996
2025;santa cruz;impuesto sobre los bienes personales;ley 24699;16306,8039
2025;santa cruz;impuesto sobre los bienes personales;ley 23966 art 30;1473,7315
2025;santa cruz;impuesto sobre los activos fondo educacion ley 23906;impuesto sobre los activos fondo educacion ley 23906;0,0694
2025;santa cruz;i.v.a.ley 23966 art 5 punto 2;i.v.a.ley 23966 art 5 punto 2;4979,6058
2025;santa cruz;impuesto a los combustibles liquidos ley 23966 y 24699;obras de infraestructura;2088,8762
2025;santa cruz;impuesto a los combustibles liquidos ley 23966 y 24699;vialidad provincial;5618,9178
2025;santa cruz;impuesto a los combustibles liquidos ley 23966 y 24699;f.e.d.e.i.;2362,702791
2025;santa cruz;impuesto a los combustibles liquidos ley 23966 y 24699;ley 24464 fo.na.vi;20631,686
2025;santa cruz;regimen de energia electrica ley 24065;fondo para compensaciones de tarifa electrica;7179,4341
2025;santa cruz;regimen de energia electrica ley 24065;f.e.d.e.i.;3439,399339
2025;santa cruz;fondo compensador de desequilibrios;fondo compensador de desequilibrios;36
2025;santa cruz;regimen simplificado para pequeños contribuyentes ley 24977 art 59 inciso a;regimen simplificado para pequeños contribuyentes ley 24977 art 59 inciso a;3250,0214
2025;santa cruz;consenso fiscal ley 27429 compensacion;consenso fiscal ley 27429 compensacion;3527,021534
2025;santa fe;coparticipacion federal de impuestos neta ley 26075;coparticipacion federal de impuestos neta ley 26075;4254866,631
2025;santa fe;financiamiento educativo ley 26075;financiamiento educativo ley 26075;553598,535
2025;santa fe;transferencia de servicios ley 24049;transferencia de servicios ley 24049;135,4896
2025;santa fe;impuesto sobre los bienes personales;ley 24699;93935,7061
2025;santa fe;impuesto sobre los bienes personales;ley 23966 art 30;20260,907
2025;santa fe;impuesto sobre los activos fondo educacion ley 23906;impuesto sobre los activos fondo educacion ley 23906;0,2863
2025;santa fe;i.v.a.ley 23966 art 5 punto 2;i.v.a.ley 23966 art 5 punto 2;68472,6706
2025;santa fe;impuesto a los combustibles liquidos ley 23966 y 24699;obras de infraestructura;12062,7968
2025;santa fe;impuesto a los combustibles liquidos ley 23966 y 24699;vialidad provincial;24930,0761
2025;santa fe;impuesto a los combustibles liquidos ley 23966 y 24699;f.e.d.e.i.;1488,711429
2025;santa fe;impuesto a los combustibles liquidos ley 23966 y 24699;ley 24464 fo.na.vi;37133,3584
2025;santa fe;regimen de energia electrica ley 24065;fondo para compensaciones de tarifa electrica;2589,6
2025;santa fe;regimen de energia electrica ley 24065;f.e.d.e.i.;2167,125347
2025;santa fe;fondo compensador de desequilibrios;fondo compensador de desequilibrios;6
2025;santa fe;regimen simplificado para pequeños contribuyentes ley 24977 art 59 inciso a;regimen simplificado para pequeños contribuyentes ley 24977 art 59 inciso a;18721,4748
2025;santa fe;consenso fiscal ley 27429 compensacion;consenso fiscal ley 27429 compensacion;65489,97604
2025;sgo. del estero;coparticipacion federal de impuestos neta ley 26075;coparticipacion federal de impuestos neta ley 26075;1905685,213
2025;sgo. del estero;financiamiento educativo ley 26075;financiamiento educativo ley 26075;274724,3105
2025;sgo. del estero;transferencia de servicios ley 24049;transferencia de servicios ley 24049;31,5996
2025;sgo. del estero;impuesto sobre los bienes personales;ley 24699;42599,9471
2025;sgo. del estero;impuesto sobre los activos fondo educacion ley 23906;impuesto sobre los activos fondo educacion ley 23906;0,1395
2025;sgo. del estero;impuesto a los combustibles liquidos ley 23966 y 24699;obras de infraestructura;5456,9201
2025;sgo. del estero;impuesto a los combustibles liquidos ley 23966 y 24699;vialidad provincial;11210,6746
2025;sgo. del estero;impuesto a los combustibles liquidos ley 23966 y 24699;f.e.d.e.i.;1984,92281
2025;sgo. del estero;impuesto a los combustibles liquidos ley 23966 y 24699;ley 24464 fo.na.vi;27723,8281
2025;sgo. del estero;regimen de energia electrica ley 24065;fondo para compensaciones de tarifa electrica;4241,0616
2025;sgo. del estero;regimen de energia electrica ley 24065;f.e.d.e.i.;2889,462961
2025;sgo. del estero;fondo compensador de desequilibrios;fondo compensador de desequilibrios;26,4
2025;sgo. del estero;regimen simplificado para pequeños contribuyentes ley 24977 art 59 inciso a;regimen simplificado para pequeños contribuyentes ley 24977 art 59 inciso a;8490,2626
2025;sgo. del estero;consenso fiscal ley 27429 compensacion;consenso fiscal ley 27429 compensacion;70996,10019
2025;tucuman;coparticipacion federal de impuestos neta ley 26075;coparticipacion federal de impuestos neta ley 26075;2167161,719
2025;tucuman;financiamiento educativo ley 26075;financiamiento educativo ley 26075;343612,8839
2025;tucuman;transferencia de servicios ley 24049;transferencia de servicios ley 24049;55,8
2025;tucuman;impuesto sobre los bienes personales;ley 24699;49054,4846
2025;tucuman;impuesto sobre los activos fondo educacion ley 23906;impuesto sobre los activos fondo educacion ley 23906;0,1267
2025;tucuman;impuesto a los combustibles liquidos ley 23966 y 24699;obras de infraestructura;6283,7141
2025;tucuman;impuesto a los combustibles liquidos ley 23966 y 24699;vialidad provincial;8332,6199
2025;tucuman;impuesto a los combustibles liquidos ley 23966 y 24699;f.e.d.e.i.;1528,82259
2025;tucuman;impuesto a los combustibles liquidos ley 23966 y 24699;ley 24464 fo.na.vi;27079,0881
2025;tucuman;regimen de energia electrica ley 24065;fondo para compensaciones de tarifa electrica;3849,809
2025;tucuman;regimen de energia electrica ley 24065;f.e.d.e.i.;2225,515382
2025;tucuman;fondo compensador de desequilibrios;fondo compensador de desequilibrios;26,4
2025;tucuman;regimen simplificado para pequeños contribuyentes ley 24977 art 59 inciso a;regimen simplificado para pequeños contribuyentes ley 24977 art 59 inciso a;9776,6473
2025;tucuman;consenso fiscal ley 27429 compensacion;consenso fiscal ley 27429 compensacion;114053,9697
2025;tierra del fuego;coparticipacion federal de impuestos neta ley 26075;coparticipacion federal de impuestos neta ley 26075;619356,7553
2025;tierra del fuego;financiamiento educativo ley 26075;financiamiento educativo ley 26075;31539,3469
2025;tierra del fuego;transferencia de servicios ley 24049;transferencia de servicios ley 24049;12
2025;tierra del fuego;impuesto sobre los bienes personales;ley 24699;12716,8687
2025;tierra del fuego;impuesto sobre los bienes personales;ley 23966 art 30;130,7229
2025;tierra del fuego;impuesto sobre los activos fondo educacion ley 23906;impuesto sobre los activos fondo educacion ley 23906;0,0331
2025;tierra del fuego;i.v.a.ley 23966 art 5 punto 2;i.v.a.ley 23966 art 5 punto 2;441,7007
2025;tierra del fuego;impuesto a los combustibles liquidos ley 23966 y 24699;obras de infraestructura;1629,027
2025;tierra del fuego;impuesto a los combustibles liquidos ley 23966 y 24699;vialidad provincial;4589,2804
2025;tierra del fuego;impuesto a los combustibles liquidos ley 23966 y 24699;f.e.d.e.i.;1737,514836
2025;tierra del fuego;impuesto a los combustibles liquidos ley 23966 y 24699;ley 24464 fo.na.vi;17085,6151
2025;tierra del fuego;regimen de energia electrica ley 24065;fondo para compensaciones de tarifa electrica;2531,442
2025;tierra del fuego;regimen de energia electrica ley 24065;f.e.d.e.i.;2529,309823
2025;tierra del fuego;fondo compensador de desequilibrios;fondo compensador de desequilibrios;36
2025;tierra del fuego;regimen simplificado para pequeños contribuyentes ley 24977 art 59 inciso a;regimen simplificado para pequeños contribuyentes ley 24977 art 59 inciso a;2534,5554
2025;tierra del fuego;consenso fiscal ley 27429 compensacion;consenso fiscal ley 27429 compensacion;1752,505604
2025;c.a.b.a;coparticipacion federal de impuestos neta ley 26075;coparticipacion federal de impuestos neta ley 26075;871055,1257
2025;c.a.b.a;financiamiento educativo ley 26075;financiamiento educativo ley 26075;430761,0789
2025;c.a.b.a;impuesto sobre los activos fondo educacion ley 23906;impuesto sobre los activos fondo educacion ley 23906;0,1206
2025;c.a.b.a;impuesto a los combustibles liquidos ley 23966 y 24699;ley 24464 fo.na.vi;8381,6226
2025;fdo.compensador;coparticipacion federal de impuestos neta ley 26075;coparticipacion federal de impuestos neta ley 26075;549,6
2025;tesoro nacional;coparticipacion federal de impuestos neta ley 26075;coparticipacion federal de impuestos neta ley 26075;37417917,19
2025;tesoro nacional;impuesto sobre los bienes personales;ley 24699;756472,0058
2025;tesoro nacional;impuesto sobre los activos fondo educacion ley 23906;impuesto sobre los activos fondo educacion ley 23906;1,8571
2025;tesoro nacional;impuesto a los combustibles liquidos ley 23966 y 24699;vialidad provincial;444943,4626
2025;tesoro nacional;consenso fiscal ley 27429 compensacion;consenso fiscal ley 27429 compensacion;-2502022,254
2025;seguridad social;i.v.a.ley 23966 art 5 punto 2;i.v.a.ley 23966 art 5 punto 2;6138451,073
2025;seguridad social;regimen simplificado para pequeños contribuyentes ley 24977 art 59 inciso a;regimen simplificado para pequeños contribuyentes ley 24977 art 59 inciso a;484592,1815
2025;fondo a.t.n.;coparticipacion federal de impuestos neta ley 26075;coparticipacion federal de impuestos neta ley 26075;929868,7175
2025;fondo a.t.n.;impuesto sobre los bienes personales;ley 24699;18166,955
